{
"description" :["Loustau, D., Aluome, C., Chipeaux, C., Denou, J., Kruszewski, A., Lafont, S., ICOS RI, 2019. ICOS ETC Bio Meteo Raw ASCII, Bilos, 2019-02-17, https://hdl.handle.net/11676/-FjYlgSlYftc0g8XjDoRMN0w"],
"identifier" :["https://hdl.handle.net/11676/-FjYlgSlYftc0g8XjDoRMN0w"],
"keywords" :["ICOS"],
"language" :["English"],
"accessibilitySummary" :[],
"contact" :["Bilos"],
"version" :[],
"temporalCoverage" :["2019-02-16T23:00:00Z/2019-02", "2019-02-16T23:00:00Z/2019-02-17T23:00:00Z"],
"publisher" :["data.icos-cp.eu"],
"spatial" :["France"],
"license" :["https://creativecommons.org/licenses/by/4.0/"],
"citation" :[],
"genre" :["ICOS ETC Bio Meteo Raw ASCII, Bilos, 2019-02-17", "https://meta.icos-cp.eu/objects/-FjYlgSlYftc0g8XjDoRMN0w"],
"creator" :["Loustau", "Denis", "Denis Loustau"", "Christelle", "Christelle Aluome"", "Chipeaux", "Christophe", "Christophe Chipeaux"", "Denou", "Jean-Luc"", "Jean-Luc Denou"", "http://meta.icos-cp.eu/resources/people/Alain_Kruszewski", "Kruszewski", "Alain", "Alain Kruszewski", "Sebastien", "Sebastien Lafont"", "Lafont"],
"modificationDate" :["2019-02-18T08:55:28.422Z"],
"distribution" :[],
"image" :[],
"thumbnailUrl" :[],
"headline" :[],
"abstract" :[],
"theme" :[],
"dateCreated" :[],
"creditText" :[],
"datePublished" :["2019-02"],
"producer" :[],
"author" :[],
"spatialCoverage" :["France"],
"url" :["https://meta.icos-cp.eu/objects/-FjYlgSlYftc0g8XjDoRMN0w"],
"sponsor" :[],
"size" :[],
"sameAs" :["http://meta.icos-cp.eu/resources/stations/ES_FR-Bil"],
"publication" :[],
"provider" :["Bilos"],
"position" :[],
"name" :["ICOS ETC Bio Meteo Raw ASCII, Bilos, 2019-02-17"],
"measurementTechnique" :[],
"material" :[],
"maintainer" :[],
"locationCreated" :[],
"issn" :[],
"isPartOf" :[],
"isBasedOn" :[],
"isAccessibleForFree" :[],
"includedInDataCatalog" :[],
"editor" :[],
"editEIDR" :[],
"copyrightYear" :[],
"copyrightNotice" :[],
"copyrightHolder" :[],
"contributor" :[],
"contentReferenceTime" :[],
"contentLocation" :[],
"character" :[],
"acquireLicensePage" :["https://data.icos-cp.eu/licence"],
"accessModeSufficient" :[],
"about" :[],
"rights" :[],
"relation" :[39.18],
"qualifiedRelation" :[],
"qualifiedAttribution" :[],
"previousVersion" :[],
"nextVersion" :[],
"landingPage" :["https://meta.icos-cp.eu/objects/-FjYlgSlYftc0g8XjDoRMN0w"],
"isReferencedBy" :[],
"hasVersion" :[],
"hasPolicy" :[],
"hasCurrentVersion" :[],
"useConstraints" :[],
"status" :[],
"spatialRepresentationType" :[],
"spatialRepresentationInfo" :[],
"scope" :[],
"purpose" :[],
"otherLocale" :["https://meta.icos-cp.eu/objects/-FjYlgSlYftc0g8XjDoRMN0w"],
"metadataProfile" :[],
"metadataLinkage" :[],
"metadataIdentifier" :[],
"environmentDescription" :[],
"distributionInfo" :[None],
"dataQualityInfo" :["France"],
"contentInfo" :["ICOS ETC Bio Meteo Raw ASCII, Bilos, 2019-02-17"],
"ResearchInfrastructure" :["ICOS"],
"EssentialVariables" :[],
"potentialTopics" :["bio", "etc", "raw"]
}