{
"description" :["Mammarella, I., Back, J., Kolari, P., Laakso, H., Levula, J., Matilainen, T., Pihlatie, M., Pumpanen, J., Vesala, T., ICOS RI, 2020. ICOS ETC Bio Meteo Raw ASCII, Hyytiala, 2020-01-16, https://hdl.handle.net/11676/jgP9QjwuxmOtdl7St44mWpqh"],
"identifier" :["https://hdl.handle.net/11676/jgP9QjwuxmOtdl7St44mWpqh"],
"keywords" :["ICOS"],
"language" :["English"],
"accessibilitySummary" :[],
"contact" :["Hyytiala"],
"version" :[],
"temporalCoverage" :["2020-01-15T22:00:00Z/2020-01", "2020-01-15T22:00:00Z/2020-01-16T22:00:00Z"],
"publisher" :["data.icos-cp.eu"],
"spatial" :["Finland"],
"license" :["https://creativecommons.org/licenses/by/4.0/"],
"citation" :[],
"genre" :["ICOS ETC Bio Meteo Raw ASCII, Hyytiala, 2020-01-16", "https://meta.icos-cp.eu/objects/jgP9QjwuxmOtdl7St44mWpqh"],
"creator" :["Mammarella", "Ivan", "Ivan Mammarella"", "Jaana", "Jaana Back"", "Kolari", "Pasi", "Pasi Kolari", "http://meta.icos-cp.eu/resources/people/Heikki_Laakso", "Laakso", "Heikki", "Heikki Laakso"", "Levula", "Janne", "Janne Levula", "Matilainen", "Teemu", "Teemu Matilainen"", "Pihlatie", "Mari", "Mari Pihlatie"", "Pumpanen", "Jukka", "Jukka Pumpanen"", "Vesala"],
"modificationDate" :["2020-01-17T04:00:14.415Z"],
"distribution" :[],
"image" :[],
"thumbnailUrl" :[],
"headline" :[],
"abstract" :[],
"theme" :[],
"dateCreated" :[],
"creditText" :[],
"datePublished" :["2020-01-17T04:00:14.597Z"],
"producer" :[],
"author" :[],
"spatialCoverage" :["Finland"],
"url" :["https://meta.icos-cp.eu/objects/jgP9QjwuxmOtdl7St44mWpqh"],
"sponsor" :[],
"size" :[],
"sameAs" :["http://meta.icos-cp.eu/resources/stations/ES_FI-Hyy"],
"publication" :[],
"provider" :[],
"position" :[],
"name" :["ICOS ETC Bio Meteo Raw ASCII, Hyytiala, 2020-01-16"],
"measurementTechnique" :[],
"material" :[],
"maintainer" :[],
"locationCreated" :[],
"issn" :[],
"isPartOf" :[],
"isBasedOn" :[],
"isAccessibleForFree" :[],
"includedInDataCatalog" :[],
"editor" :[],
"editEIDR" :[],
"copyrightYear" :[],
"copyrightNotice" :[],
"copyrightHolder" :[],
"contributor" :[],
"contentReferenceTime" :[],
"contentLocation" :[],
"character" :[],
"acquireLicensePage" :["https://data.icos-cp.eu/licence"],
"accessModeSufficient" :[],
"about" :[],
"rights" :[],
"relation" :[181.0],
"qualifiedRelation" :[],
"qualifiedAttribution" :[],
"previousVersion" :[],
"nextVersion" :[],
"landingPage" :["https://meta.icos-cp.eu/objects/jgP9QjwuxmOtdl7St44mWpqh"],
"isReferencedBy" :[],
"hasVersion" :[],
"hasPolicy" :[],
"hasCurrentVersion" :[],
"useConstraints" :[],
"status" :[],
"spatialRepresentationType" :[],
"spatialRepresentationInfo" :[],
"scope" :[],
"purpose" :[],
"otherLocale" :["https://meta.icos-cp.eu/objects/jgP9QjwuxmOtdl7St44mWpqh"],
"metadataProfile" :[],
"metadataLinkage" :[],
"metadataIdentifier" :[],
"environmentDescription" :[],
"distributionInfo" :[None],
"dataQualityInfo" :["Finland"],
"contentInfo" :["ICOS ETC Bio Meteo Raw ASCII, Hyytiala, 2020-01-16"],
"ResearchInfrastructure" :["ICOS"],
"EssentialVariables" :[],
"potentialTopics" :["bio", "raw", "etc"]
}