{
"description" :["Ramonet, M., Kazan, V., Delmotte, M., ICOS RI, 2021. ICOS ATC Meteorological data csv time series, Saclay, 2021-09-11, https://hdl.handle.net/11676/Q1EoRza6_0ut_qpaSU6hstYd"],
"identifier" :["https://hdl.handle.net/11676/Q1EoRza6_0ut_qpaSU6hstYd"],
"keywords" :["ICOS"],
"language" :["English"],
"accessibilitySummary" :[],
"contact" :["ATC", "Saclay"],
"version" :[],
"temporalCoverage" :["2021-09-11T00:00:00Z/2021-09-11T23:59:00Z"],
"publisher" :["data.icos-cp.eu"],
"spatial" :["France"],
"license" :["https://creativecommons.org/licenses/by/4.0/"],
"citation" :[],
"genre" :["ICOS ATC Meteorological data csv time series, Saclay, 2021-09-11", "https://meta.icos-cp.eu/objects/Q1EoRza6_0ut_qpaSU6hstYd"],
"creator" :["Ramonet", "Michel", "Michel Ramonet"", "Kazan", "Victor", "Victor Kazan"", "Delmotte", "Marc", "Marc Delmotte"],
"modificationDate" :["2021-09"],
"distribution" :[],
"image" :[],
"thumbnailUrl" :[],
"headline" :[],
"abstract" :[],
"theme" :[],
"dateCreated" :[],
"creditText" :[],
"datePublished" :["2021-09-12T09:43:05.292452Z"],
"producer" :[],
"author" :[],
"spatialCoverage" :["France"],
"url" :["https://meta.icos-cp.eu/objects/Q1EoRza6_0ut_qpaSU6hstYd"],
"sponsor" :[],
"size" :[],
"sameAs" :["http://meta.icos-cp.eu/resources/organizations/ATC"],
"publication" :[],
"provider" :[],
"position" :[],
"name" :["ICOS ATC Meteorological data csv time series, Saclay, 2021-09-11"],
"measurementTechnique" :[],
"material" :[],
"maintainer" :[],
"locationCreated" :[],
"issn" :[],
"isPartOf" :[],
"isBasedOn" :[],
"isAccessibleForFree" :[],
"includedInDataCatalog" :[],
"editor" :[],
"editEIDR" :[],
"copyrightYear" :[],
"copyrightNotice" :[],
"copyrightHolder" :[],
"contributor" :[],
"contentReferenceTime" :[],
"contentLocation" :[],
"character" :[],
"acquireLicensePage" :["https://data.icos-cp.eu/licence"],
"accessModeSufficient" :[],
"about" :[],
"rights" :[],
"relation" :[160.0],
"qualifiedRelation" :[],
"qualifiedAttribution" :[],
"previousVersion" :[],
"nextVersion" :[],
"landingPage" :["https://meta.icos-cp.eu/objects/Q1EoRza6_0ut_qpaSU6hstYd"],
"isReferencedBy" :[],
"hasVersion" :[],
"hasPolicy" :[],
"hasCurrentVersion" :[],
"useConstraints" :[],
"status" :[],
"spatialRepresentationType" :[],
"spatialRepresentationInfo" :[],
"scope" :[],
"purpose" :[],
"otherLocale" :["https://meta.icos-cp.eu/objects/Q1EoRza6_0ut_qpaSU6hstYd"],
"metadataProfile" :[],
"metadataLinkage" :[],
"metadataIdentifier" :[],
"environmentDescription" :[],
"distributionInfo" :[None],
"dataQualityInfo" :["France"],
"contentInfo" :["ICOS ATC Meteorological data csv time series, Saclay, 2021-09-11"],
"ResearchInfrastructure" :["ICOS"],
"EssentialVariables" :[],
"potentialTopics" :["meteorological", "series", "time", "data"]
}