{
"description" :["Limousin, J., Kempf, J., Ourcival, J., ICOS RI, 2021. Digital Hemispherical Pictures, Puechabon, 2021-09-09, https://hdl.handle.net/11676/itzgn2U7iqxICRcfm4pXXL2w"],
"identifier" :["https://hdl.handle.net/11676/itzgn2U7iqxICRcfm4pXXL2w"],
"keywords" :["ICOS"],
"language" :["English"],
"accessibilitySummary" :[],
"contact" :["Digital Hemispherical Pictures", "Puechabon"],
"version" :[],
"temporalCoverage" :["2021-09-09T00:00:00Z/2021-09-09T23:59:59.999Z"],
"publisher" :["data.icos-cp.eu"],
"spatial" :["France"],
"license" :["https://creativecommons.org/licenses/by/4.0/"],
"citation" :[],
"genre" :["Digital Hemispherical Pictures, Puechabon, 2021-09-09", "https://meta.icos-cp.eu/objects/itzgn2U7iqxICRcfm4pXXL2w"],
"creator" :["Jean-Marc"", "Jean-Marc", "Kempf", "Jean", "Jean Kempf"", "Ourcival"],
"modificationDate" :["2021-09"],
"distribution" :[],
"image" :[],
"thumbnailUrl" :[],
"headline" :[],
"abstract" :[],
"theme" :[],
"dateCreated" :[],
"creditText" :[],
"datePublished" :["2021-09-10T21:00:31.510110Z"],
"producer" :[],
"author" :[],
"spatialCoverage" :["France"],
"url" :["https://meta.icos-cp.eu/objects/itzgn2U7iqxICRcfm4pXXL2w"],
"sponsor" :[],
"size" :[],
"sameAs" :["http://meta.icos-cp.eu/resources/organizations/ETC"],
"publication" :[],
"provider" :[],
"position" :[],
"name" :["Digital Hemispherical Pictures, Puechabon, 2021-09-09"],
"measurementTechnique" :[],
"material" :[],
"maintainer" :[],
"locationCreated" :[],
"issn" :[],
"isPartOf" :[],
"isBasedOn" :[],
"isAccessibleForFree" :[],
"includedInDataCatalog" :[],
"editor" :[],
"editEIDR" :[],
"copyrightYear" :[],
"copyrightNotice" :[],
"copyrightHolder" :[],
"contributor" :[],
"contentReferenceTime" :[],
"contentLocation" :[],
"character" :[],
"acquireLicensePage" :["https://data.icos-cp.eu/licence"],
"accessModeSufficient" :[],
"about" :[],
"rights" :[],
"relation" :[271.0],
"qualifiedRelation" :[],
"qualifiedAttribution" :[],
"previousVersion" :[],
"nextVersion" :[],
"landingPage" :["https://meta.icos-cp.eu/objects/itzgn2U7iqxICRcfm4pXXL2w"],
"isReferencedBy" :[],
"hasVersion" :[],
"hasPolicy" :[],
"hasCurrentVersion" :[],
"useConstraints" :[],
"status" :[],
"spatialRepresentationType" :[],
"spatialRepresentationInfo" :[],
"scope" :[],
"purpose" :[],
"otherLocale" :["https://meta.icos-cp.eu/objects/itzgn2U7iqxICRcfm4pXXL2w"],
"metadataProfile" :[],
"metadataLinkage" :[],
"metadataIdentifier" :[],
"environmentDescription" :[],
"distributionInfo" :[None],
"dataQualityInfo" :["France"],
"contentInfo" :["Digital Hemispherical Pictures, Puechabon, 2021-09-09"],
"ResearchInfrastructure" :["ICOS"],
"EssentialVariables" :[],
"potentialTopics" :["hemispherical", "picture", "digital"]
}