{
"description" :["Hatakka, J., ICOS RI, 2020. ICOS ATC Meteorological data csv time series, Pallas, 2020-04-01, https://hdl.handle.net/11676/04v6ClqxrmLx3wfMmM1MV81D"],
"identifier" :["https://hdl.handle.net/11676/04v6ClqxrmLx3wfMmM1MV81D"],
"keywords" :["ICOS"],
"language" :["English"],
"accessibilitySummary" :[],
"contact" :["ATC", "Pallas"],
"version" :[],
"temporalCoverage" :["2020-04-01T00:00:00Z/2020-04-01T23:59:00Z"],
"publisher" :["data.icos-cp.eu"],
"spatial" :["Finland"],
"license" :["https://creativecommons.org/licenses/by/4.0/"],
"citation" :[],
"genre" :["ICOS ATC Meteorological data csv time series, Pallas, 2020-04-01", "https://meta.icos-cp.eu/objects/04v6ClqxrmLx3wfMmM1MV81D"],
"creator" :["Hatakka", "Juha", "Juha Hatakka""],
"modificationDate" :["2020-04-02T09:40:30.094Z"],
"distribution" :[],
"image" :[],
"thumbnailUrl" :[],
"headline" :[],
"abstract" :[],
"theme" :[],
"dateCreated" :[],
"creditText" :[],
"datePublished" :["2020-04-02T09:40:30.452Z"],
"producer" :[],
"author" :[],
"spatialCoverage" :["Finland"],
"url" :["https://meta.icos-cp.eu/objects/04v6ClqxrmLx3wfMmM1MV81D"],
"sponsor" :[],
"size" :[],
"sameAs" :["http://meta.icos-cp.eu/resources/organizations/ATC"],
"publication" :[],
"provider" :[],
"position" :[],
"name" :["ICOS ATC Meteorological data csv time series, Pallas, 2020-04-01"],
"measurementTechnique" :[],
"material" :[],
"maintainer" :[],
"locationCreated" :[],
"issn" :[],
"isPartOf" :[],
"isBasedOn" :[],
"isAccessibleForFree" :[],
"includedInDataCatalog" :[],
"editor" :[],
"editEIDR" :[],
"copyrightYear" :[],
"copyrightNotice" :[],
"copyrightHolder" :[],
"contributor" :[],
"contentReferenceTime" :[],
"contentLocation" :[],
"character" :[],
"acquireLicensePage" :["https://data.icos-cp.eu/licence"],
"accessModeSufficient" :[],
"about" :[],
"rights" :[],
"relation" :[565.0],
"qualifiedRelation" :[],
"qualifiedAttribution" :[],
"previousVersion" :[],
"nextVersion" :[],
"landingPage" :["https://meta.icos-cp.eu/objects/04v6ClqxrmLx3wfMmM1MV81D"],
"isReferencedBy" :[],
"hasVersion" :[],
"hasPolicy" :[],
"hasCurrentVersion" :[],
"useConstraints" :[],
"status" :[],
"spatialRepresentationType" :[],
"spatialRepresentationInfo" :[],
"scope" :[],
"purpose" :[],
"otherLocale" :["https://meta.icos-cp.eu/objects/04v6ClqxrmLx3wfMmM1MV81D"],
"metadataProfile" :[],
"metadataLinkage" :[],
"metadataIdentifier" :[],
"environmentDescription" :[],
"distributionInfo" :[None],
"dataQualityInfo" :["Finland"],
"contentInfo" :["ICOS ATC Meteorological data csv time series, Pallas, 2020-04-01"],
"ResearchInfrastructure" :["ICOS"],
"EssentialVariables" :[],
"potentialTopics" :["meteorological", "data", "time", "series"]
}