{
"description" :["Bergamaschi, P., Manca, G., ICOS RI, 2019. ICOS ATC Meteorological data csv time series, Ispra, 2019-08-19, https://hdl.handle.net/11676/k_knHjNDvSm18jmZLx3XMJRD"],
"identifier" :["https://hdl.handle.net/11676/k_knHjNDvSm18jmZLx3XMJRD"],
"keywords" :["ICOS"],
"language" :["English"],
"accessibilitySummary" :[],
"contact" :["ATC"],
"version" :[],
"temporalCoverage" :["2019-08", "2019-08-19T00:00:05Z/2019-08-19T23:59:00Z"],
"publisher" :["data.icos-cp.eu"],
"spatial" :["Italy"],
"license" :["https://creativecommons.org/licenses/by/4.0/"],
"citation" :[],
"genre" :["ICOS ATC Meteorological data csv time series, Ispra, 2019-08-19", "https://meta.icos-cp.eu/objects/k_knHjNDvSm18jmZLx3XMJRD"],
"creator" :["Bergamaschi", "Peter", "Peter Bergamaschi", "Manca", "Giovanni", "Giovanni Manca""],
"modificationDate" :["2019-08"],
"distribution" :[],
"image" :[],
"thumbnailUrl" :[],
"headline" :[],
"abstract" :[],
"theme" :[],
"dateCreated" :[],
"creditText" :[],
"datePublished" :["2019-08"],
"producer" :[],
"author" :[],
"spatialCoverage" :["Italy"],
"url" :["https://meta.icos-cp.eu/objects/k_knHjNDvSm18jmZLx3XMJRD"],
"sponsor" :[],
"size" :[],
"sameAs" :["http://meta.icos-cp.eu/resources/organizations/ATC"],
"publication" :[],
"provider" :[],
"position" :[],
"name" :["ICOS ATC Meteorological data csv time series, Ispra, 2019-08-19"],
"measurementTechnique" :[],
"material" :[],
"maintainer" :[],
"locationCreated" :[],
"issn" :[],
"isPartOf" :[],
"isBasedOn" :[],
"isAccessibleForFree" :[],
"includedInDataCatalog" :[],
"editor" :[],
"editEIDR" :[],
"copyrightYear" :[],
"copyrightNotice" :[],
"copyrightHolder" :[],
"contributor" :[],
"contentReferenceTime" :[],
"contentLocation" :[],
"character" :[],
"acquireLicensePage" :["https://data.icos-cp.eu/licence"],
"accessModeSufficient" :[],
"about" :[],
"rights" :[],
"relation" :[210.0],
"qualifiedRelation" :[],
"qualifiedAttribution" :[],
"previousVersion" :[],
"nextVersion" :[],
"landingPage" :["https://meta.icos-cp.eu/objects/k_knHjNDvSm18jmZLx3XMJRD"],
"isReferencedBy" :[],
"hasVersion" :[],
"hasPolicy" :[],
"hasCurrentVersion" :[],
"useConstraints" :[],
"status" :[],
"spatialRepresentationType" :[],
"spatialRepresentationInfo" :[],
"scope" :[],
"purpose" :[],
"otherLocale" :["https://meta.icos-cp.eu/objects/k_knHjNDvSm18jmZLx3XMJRD"],
"metadataProfile" :[],
"metadataLinkage" :[],
"metadataIdentifier" :[],
"environmentDescription" :[],
"distributionInfo" :[None],
"dataQualityInfo" :["Italy"],
"contentInfo" :["ICOS ATC Meteorological data csv time series, Ispra, 2019-08-19"],
"ResearchInfrastructure" :["ICOS"],
"EssentialVariables" :[],
"potentialTopics" :["time", "meteorological", "data", "series"]
}