{
"description" :["Rebmann, C., Dienstbach, L., García Quirós, I., Gimper, S., Schmidt, P., ICOS RI, 2020. ICOS ETC Bio Meteo Raw binary, Hohes Holz, 2020-10-31, https://hdl.handle.net/11676/gEerLSIG0CpGtBe9B90fSy43"],
"identifier" :["https://hdl.handle.net/11676/gEerLSIG0CpGtBe9B90fSy43"],
"keywords" :["ICOS"],
"language" :["English"],
"accessibilitySummary" :[],
"contact" :["Hohes Holz"],
"version" :[],
"temporalCoverage" :["2020-10-30T23:00:00Z/2020-10", "2020-10-30T23:00:00Z/2020-10-31T23:00:00Z"],
"publisher" :["data.icos-cp.eu"],
"spatial" :["Germany"],
"license" :["https://creativecommons.org/licenses/by/4.0/"],
"citation" :[],
"genre" :["ICOS ETC Bio Meteo Raw binary, Hohes Holz, 2020-10-31", "https://meta.icos-cp.eu/objects/gEerLSIG0CpGtBe9B90fSy43"],
"creator" :["http://meta.icos-cp.eu/resources/people/Corinna_Rebmann", "Rebmann", "Corinna", "Corinna Rebmann"", "Dienstbach", "Laura", "Laura Dienstbach", "García Quirós"", "Inmaculada García Quirós"", "Sebastian", "Sebastian Gimper"", "http://meta.icos-cp.eu/resources/people/Patrick_Schmidt", "Schmidt", "Patrick", "Patrick Schmidt"],
"modificationDate" :["2020-10"],
"distribution" :[],
"image" :[],
"thumbnailUrl" :[],
"headline" :[],
"abstract" :[],
"theme" :[],
"dateCreated" :[],
"creditText" :[],
"datePublished" :["2020-10"],
"producer" :[],
"author" :[],
"spatialCoverage" :["Germany"],
"url" :["https://meta.icos-cp.eu/objects/gEerLSIG0CpGtBe9B90fSy43"],
"sponsor" :[],
"size" :[],
"sameAs" :["http://meta.icos-cp.eu/resources/stations/ES_DE-HoH"],
"publication" :[],
"provider" :["Hohes Holz"],
"position" :[],
"name" :["ICOS ETC Bio Meteo Raw binary, Hohes Holz, 2020-10-31"],
"measurementTechnique" :[],
"material" :[],
"maintainer" :[],
"locationCreated" :[],
"issn" :[],
"isPartOf" :[],
"isBasedOn" :[],
"isAccessibleForFree" :[],
"includedInDataCatalog" :[],
"editor" :[],
"editEIDR" :[],
"copyrightYear" :[],
"copyrightNotice" :[],
"copyrightHolder" :[],
"contributor" :[],
"contentReferenceTime" :[],
"contentLocation" :[],
"character" :[],
"acquireLicensePage" :["https://data.icos-cp.eu/licence"],
"accessModeSufficient" :[],
"about" :[],
"rights" :[],
"relation" :[193.0],
"qualifiedRelation" :[],
"qualifiedAttribution" :[],
"previousVersion" :[],
"nextVersion" :[],
"landingPage" :["https://meta.icos-cp.eu/objects/gEerLSIG0CpGtBe9B90fSy43"],
"isReferencedBy" :[],
"hasVersion" :[],
"hasPolicy" :[],
"hasCurrentVersion" :[],
"useConstraints" :[],
"status" :[],
"spatialRepresentationType" :[],
"spatialRepresentationInfo" :[],
"scope" :[],
"purpose" :[],
"otherLocale" :["https://meta.icos-cp.eu/objects/gEerLSIG0CpGtBe9B90fSy43"],
"metadataProfile" :[],
"metadataLinkage" :[],
"metadataIdentifier" :[],
"environmentDescription" :[],
"distributionInfo" :[None],
"dataQualityInfo" :["Germany"],
"contentInfo" :["ICOS ETC Bio Meteo Raw binary, Hohes Holz, 2020-10-31"],
"ResearchInfrastructure" :["ICOS"],
"EssentialVariables" :[],
"potentialTopics" :["bio", "etc", "raw", "binary"]
}