{
"description" :["Mammarella, I., Aalto, J., Back, J., Kolari, P., Laakso, H., Matilainen, T., Pihlatie, M., Taipale, R., Vesala, T., ICOS RI, 2021. ICOS ETC Bio Meteo Raw ASCII, Hyytiala, 2021-03-25, https://hdl.handle.net/11676/iW6fO86KlBAHW28btqObWYRy"],
"identifier" :["https://hdl.handle.net/11676/iW6fO86KlBAHW28btqObWYRy"],
"keywords" :["ICOS"],
"language" :["English"],
"accessibilitySummary" :[],
"contact" :[],
"version" :[],
"temporalCoverage" :["2021-03-24T22:00:00Z/2021-03", "2021-03-24T22:00:00Z/2021-03-25T22:00:00Z"],
"publisher" :["data.icos-cp.eu"],
"spatial" :["Finland"],
"license" :["https://creativecommons.org/licenses/by/4.0/"],
"citation" :[],
"genre" :["ICOS ETC Bio Meteo Raw ASCII, Hyytiala, 2021-03-25", "https://meta.icos-cp.eu/objects/iW6fO86KlBAHW28btqObWYRy"],
"creator" :["Mammarella", "Ivan", "Ivan Mammarella"", "Juho Aalto"", "Jaana", "Jaana Back"", "Kolari", "Pasi", "Pasi Kolari", "http://meta.icos-cp.eu/resources/people/Heikki_Laakso", "Laakso", "Heikki", "Heikki Laakso"", "Matilainen", "Teemu", "Teemu Matilainen"", "Pihlatie", "Mari", "Mari Pihlatie"", "Vesala"],
"modificationDate" :["2021-03-26T03:23:50.456Z"],
"distribution" :[],
"image" :[],
"thumbnailUrl" :[],
"headline" :[],
"abstract" :[],
"theme" :[],
"dateCreated" :[],
"creditText" :[],
"datePublished" :["2021-03-26T03:23:53.483Z"],
"producer" :[],
"author" :[],
"spatialCoverage" :["Finland"],
"url" :["https://meta.icos-cp.eu/objects/iW6fO86KlBAHW28btqObWYRy"],
"sponsor" :[],
"size" :[],
"sameAs" :["http://meta.icos-cp.eu/resources/stations/ES_FI-Hyy"],
"publication" :[],
"provider" :[],
"position" :[],
"name" :["ICOS ETC Bio Meteo Raw ASCII, Hyytiala, 2021-03-25"],
"measurementTechnique" :[],
"material" :[],
"maintainer" :[],
"locationCreated" :[],
"issn" :[],
"isPartOf" :[],
"isBasedOn" :[],
"isAccessibleForFree" :[],
"includedInDataCatalog" :[],
"editor" :[],
"editEIDR" :[],
"copyrightYear" :[],
"copyrightNotice" :[],
"copyrightHolder" :[],
"contributor" :[],
"contentReferenceTime" :[],
"contentLocation" :[],
"character" :[],
"acquireLicensePage" :["https://data.icos-cp.eu/licence"],
"accessModeSufficient" :[],
"about" :[],
"rights" :[],
"relation" :[181.0],
"qualifiedRelation" :[],
"qualifiedAttribution" :[],
"previousVersion" :[],
"nextVersion" :[],
"landingPage" :["https://meta.icos-cp.eu/objects/iW6fO86KlBAHW28btqObWYRy"],
"isReferencedBy" :[],
"hasVersion" :[],
"hasPolicy" :[],
"hasCurrentVersion" :[],
"useConstraints" :[],
"status" :[],
"spatialRepresentationType" :[],
"spatialRepresentationInfo" :[],
"scope" :[],
"purpose" :[],
"otherLocale" :["https://meta.icos-cp.eu/objects/iW6fO86KlBAHW28btqObWYRy"],
"metadataProfile" :[],
"metadataLinkage" :[],
"metadataIdentifier" :[],
"environmentDescription" :[],
"distributionInfo" :[None],
"dataQualityInfo" :["Finland"],
"contentInfo" :["ICOS ETC Bio Meteo Raw ASCII, Hyytiala, 2021-03-25"],
"ResearchInfrastructure" :["ICOS"],
"EssentialVariables" :[],
"potentialTopics" :["raw", "etc", "bio"]
}