{
"description" :["Ottosson-Löfvenius, M., ICOS RI, 2018. ICOS ATC Meteorological data csv time series, Svartberget, 2018-09-04, https://hdl.handle.net/11676/ffdqQdceSYkmppcp1_MdDyMH"],
"identifier" :["https://hdl.handle.net/11676/ffdqQdceSYkmppcp1_MdDyMH"],
"keywords" :["ICOS"],
"language" :["English"],
"accessibilitySummary" :[],
"contact" :["Svartberget", "ATC"],
"version" :[],
"temporalCoverage" :["2018-09-04T00:00:00Z/2018-09-04T23:59:00Z"],
"publisher" :["data.icos-cp.eu"],
"spatial" :["Sweden"],
"license" :["https://creativecommons.org/licenses/by/4.0/"],
"citation" :[],
"genre" :["ICOS ATC Meteorological data csv time series, Svartberget, 2018-09-04", "https://meta.icos-cp.eu/objects/ffdqQdceSYkmppcp1_MdDyMH"],
"creator" :["Ottosson-Löfvenius"", "Mikaell", "Mikaell Ottosson-Löfvenius""],
"modificationDate" :["2018-09-05T09:40:31.262Z"],
"distribution" :[],
"image" :[],
"thumbnailUrl" :[],
"headline" :[],
"abstract" :[],
"theme" :[],
"dateCreated" :[],
"creditText" :[],
"datePublished" :["2018-09-05T09:40:31.864Z"],
"producer" :[],
"author" :[],
"spatialCoverage" :["Sweden"],
"url" :["https://meta.icos-cp.eu/objects/ffdqQdceSYkmppcp1_MdDyMH"],
"sponsor" :[],
"size" :[],
"sameAs" :["http://meta.icos-cp.eu/resources/organizations/ATC"],
"publication" :[],
"provider" :[],
"position" :[],
"name" :["ICOS ATC Meteorological data csv time series, Svartberget, 2018-09-04"],
"measurementTechnique" :[],
"material" :[],
"maintainer" :[],
"locationCreated" :[],
"issn" :[],
"isPartOf" :[],
"isBasedOn" :[],
"isAccessibleForFree" :[],
"includedInDataCatalog" :[],
"editor" :[],
"editEIDR" :[],
"copyrightYear" :[],
"copyrightNotice" :[],
"copyrightHolder" :[],
"contributor" :[],
"contentReferenceTime" :[],
"contentLocation" :[],
"character" :[],
"acquireLicensePage" :["https://data.icos-cp.eu/licence"],
"accessModeSufficient" :[],
"about" :[],
"rights" :[],
"relation" :[269.0],
"qualifiedRelation" :[],
"qualifiedAttribution" :[],
"previousVersion" :[],
"nextVersion" :[],
"landingPage" :["https://meta.icos-cp.eu/objects/ffdqQdceSYkmppcp1_MdDyMH"],
"isReferencedBy" :[],
"hasVersion" :[],
"hasPolicy" :[],
"hasCurrentVersion" :[],
"useConstraints" :[],
"status" :[],
"spatialRepresentationType" :[],
"spatialRepresentationInfo" :[],
"scope" :[],
"purpose" :[],
"otherLocale" :["https://meta.icos-cp.eu/objects/ffdqQdceSYkmppcp1_MdDyMH"],
"metadataProfile" :[],
"metadataLinkage" :[],
"metadataIdentifier" :[],
"environmentDescription" :[],
"distributionInfo" :[None],
"dataQualityInfo" :["Sweden"],
"contentInfo" :["ICOS ATC Meteorological data csv time series, Svartberget, 2018-09-04"],
"ResearchInfrastructure" :["ICOS"],
"EssentialVariables" :[],
"potentialTopics" :["data", "time", "meteorological", "series"]
}