{
"description" :["Heinesch, B., Bodson, B., Chopin, H., De Ligne, A., Demoulin, L., Engelmann, T., Faurès, A., Longdoz, B., Manise, T., Piret, A., ICOS RI, 2020. ICOS ETC Bio Meteo Raw ASCII, Lonzee, 2020-08-11, https://hdl.handle.net/11676/-UEkiLx9-UK1gM6X_2p0HPS8"],
"identifier" :["https://hdl.handle.net/11676/-UEkiLx9-UK1gM6X_2p0HPS8"],
"keywords" :["ICOS"],
"language" :["English"],
"accessibilitySummary" :[],
"contact" :[],
"version" :[],
"temporalCoverage" :["2020-08-10T23:00:00Z/2020-08", "2020-08-10T23:00:00Z/2020-08-11T23:00:00Z"],
"publisher" :["data.icos-cp.eu"],
"spatial" :["Belgium"],
"license" :["https://creativecommons.org/licenses/by/4.0/"],
"citation" :[],
"genre" :["ICOS ETC Bio Meteo Raw ASCII, Lonzee, 2020-08-11", "https://meta.icos-cp.eu/objects/-UEkiLx9-UK1gM6X_2p0HPS8"],
"creator" :["http://meta.icos-cp.eu/resources/people/Bernard_Heinesch", "Heinesch", "Bernard", "Bernard Heinesch"", "http://meta.icos-cp.eu/resources/people/Bernard_Bodson", "Bodson", "Bernard Bodson", "Chopin", "Henri", "Henri Chopin"", "De Ligne"", "Anne", "Anne De Ligne"", "Demoulin", "Loïc", "Engelmann", "Thibaut", "Thibaut Engelmann"", "Faurès", "Ariane", "Ariane Faurès"", "Longdoz", "Bernard Longdoz"", "Manise", "Tanguy", "Tanguy Manise"", "Piret", "André", "André Piret""],
"modificationDate" :["2020-08-11T23:55:56.408Z"],
"distribution" :[],
"image" :[],
"thumbnailUrl" :[],
"headline" :[],
"abstract" :[],
"theme" :[],
"dateCreated" :[],
"creditText" :[],
"datePublished" :["2020-08-11T23:55:56.610Z"],
"producer" :[],
"author" :[],
"spatialCoverage" :["Belgium"],
"url" :["https://meta.icos-cp.eu/objects/-UEkiLx9-UK1gM6X_2p0HPS8"],
"sponsor" :[],
"size" :[],
"sameAs" :["http://meta.icos-cp.eu/resources/stations/ES_BE-Lon"],
"publication" :[],
"provider" :[],
"position" :[],
"name" :["ICOS ETC Bio Meteo Raw ASCII, Lonzee, 2020-08-11"],
"measurementTechnique" :[],
"material" :[],
"maintainer" :[],
"locationCreated" :[],
"issn" :[],
"isPartOf" :[],
"isBasedOn" :[],
"isAccessibleForFree" :[],
"includedInDataCatalog" :[],
"editor" :[],
"editEIDR" :[],
"copyrightYear" :[],
"copyrightNotice" :[],
"copyrightHolder" :[],
"contributor" :[],
"contentReferenceTime" :[],
"contentLocation" :[],
"character" :[],
"acquireLicensePage" :["https://data.icos-cp.eu/licence"],
"accessModeSufficient" :[],
"about" :[],
"rights" :[],
"relation" :[170.0],
"qualifiedRelation" :[],
"qualifiedAttribution" :[],
"previousVersion" :[],
"nextVersion" :[],
"landingPage" :["https://meta.icos-cp.eu/objects/-UEkiLx9-UK1gM6X_2p0HPS8"],
"isReferencedBy" :[],
"hasVersion" :[],
"hasPolicy" :[],
"hasCurrentVersion" :[],
"useConstraints" :[],
"status" :[],
"spatialRepresentationType" :[],
"spatialRepresentationInfo" :[],
"scope" :[],
"purpose" :[],
"otherLocale" :["https://meta.icos-cp.eu/objects/-UEkiLx9-UK1gM6X_2p0HPS8"],
"metadataProfile" :[],
"metadataLinkage" :[],
"metadataIdentifier" :[],
"environmentDescription" :[],
"distributionInfo" :[None],
"dataQualityInfo" :["Belgium"],
"contentInfo" :["ICOS ETC Bio Meteo Raw ASCII, Lonzee, 2020-08-11"],
"ResearchInfrastructure" :["ICOS"],
"EssentialVariables" :[],
"potentialTopics" :["etc", "bio", "raw"]
}