{
"description" :["Ibrom, A., Møller, F., Pilegaard, K., Rønn Lange, E., Schaarup Sørensen, J., ICOS RI, 2021. ICOS ETC Bio Meteo Raw ASCII, Soroe, 2021-04-19, https://hdl.handle.net/11676/uTpDwJDB3-dIt3uF95gFw5qU"],
"identifier" :["https://hdl.handle.net/11676/uTpDwJDB3-dIt3uF95gFw5qU"],
"keywords" :["ICOS"],
"language" :["English"],
"accessibilitySummary" :[],
"contact" :[],
"version" :[],
"temporalCoverage" :["2021-04-18T23:00:00Z/2021-04", "2021-04-18T23:00:00Z/2021-04-19T23:00:00Z"],
"publisher" :["data.icos-cp.eu"],
"spatial" :["Denmark"],
"license" :["https://creativecommons.org/licenses/by/4.0/"],
"citation" :[],
"genre" :["ICOS ETC Bio Meteo Raw ASCII, Soroe, 2021-04-19", "https://meta.icos-cp.eu/objects/uTpDwJDB3-dIt3uF95gFw5qU"],
"creator" :["Andreas", "Andreas Ibrom"", "Ibrom", "Møller", "Flemming", "Flemming Møller"", "Pilegaard", "Kim", "Kim Pilegaard", "Rønn Lange"", "Erik", "Erik Rønn Lange", "http://meta.icos-cp.eu/resources/people/Jens%20Shaarup_S%C3%B8rensen", "Schaarup Sørensen"", "Jens", "Jens Schaarup Sørensen""],
"modificationDate" :["2021-04-19T23:41:04.246Z"],
"distribution" :[],
"image" :[],
"thumbnailUrl" :[],
"headline" :[],
"abstract" :[],
"theme" :[],
"dateCreated" :[],
"creditText" :[],
"datePublished" :["2021-04-19T23:41:07.470Z"],
"producer" :[],
"author" :[],
"spatialCoverage" :["Denmark"],
"url" :["https://meta.icos-cp.eu/objects/uTpDwJDB3-dIt3uF95gFw5qU"],
"sponsor" :[],
"size" :[],
"sameAs" :["http://meta.icos-cp.eu/resources/stations/ES_DK-Sor"],
"publication" :[],
"provider" :[],
"position" :[],
"name" :["ICOS ETC Bio Meteo Raw ASCII, Soroe, 2021-04-19"],
"measurementTechnique" :[],
"material" :[],
"maintainer" :[],
"locationCreated" :[],
"issn" :[],
"isPartOf" :[],
"isBasedOn" :[],
"isAccessibleForFree" :[],
"includedInDataCatalog" :[],
"editor" :[],
"editEIDR" :[],
"copyrightYear" :[],
"copyrightNotice" :[],
"copyrightHolder" :[],
"contributor" :[],
"contentReferenceTime" :[],
"contentLocation" :[],
"character" :[],
"acquireLicensePage" :["https://data.icos-cp.eu/licence"],
"accessModeSufficient" :[],
"about" :[],
"rights" :[],
"relation" :[40.0],
"qualifiedRelation" :[],
"qualifiedAttribution" :[],
"previousVersion" :[],
"nextVersion" :[],
"landingPage" :["https://meta.icos-cp.eu/objects/uTpDwJDB3-dIt3uF95gFw5qU"],
"isReferencedBy" :[],
"hasVersion" :[],
"hasPolicy" :[],
"hasCurrentVersion" :[],
"useConstraints" :[],
"status" :[],
"spatialRepresentationType" :[],
"spatialRepresentationInfo" :[],
"scope" :[],
"purpose" :[],
"otherLocale" :["https://meta.icos-cp.eu/objects/uTpDwJDB3-dIt3uF95gFw5qU"],
"metadataProfile" :[],
"metadataLinkage" :[],
"metadataIdentifier" :[],
"environmentDescription" :[],
"distributionInfo" :[None],
"dataQualityInfo" :["Denmark"],
"contentInfo" :["ICOS ETC Bio Meteo Raw ASCII, Soroe, 2021-04-19"],
"ResearchInfrastructure" :["ICOS"],
"EssentialVariables" :[],
"potentialTopics" :["bio", "raw", "etc"]
}