{
"description" :["Tuittila, E., Kolari, P., Korrensalo, A., Laakso, H., Levula, J., Mammarella, I., Matilainen, T., Vesala, T., ICOS RI, 2019. ICOS ETC Bio Meteo Raw ASCII, Siikaneva, 2019-09-07, https://hdl.handle.net/11676/UvyEYHvYJqVMTk6nGoENQ1Ib"],
"identifier" :["https://hdl.handle.net/11676/UvyEYHvYJqVMTk6nGoENQ1Ib"],
"keywords" :["ICOS"],
"language" :["English"],
"accessibilitySummary" :[],
"contact" :["Siikaneva"],
"version" :[],
"temporalCoverage" :["2019-09-06T22:00:00Z/2019-09-07T22:00:00Z"],
"publisher" :["data.icos-cp.eu"],
"spatial" :["Finland"],
"license" :["https://creativecommons.org/licenses/by/4.0/"],
"citation" :[],
"genre" :["ICOS ETC Bio Meteo Raw ASCII, Siikaneva, 2019-09-07", "https://meta.icos-cp.eu/objects/UvyEYHvYJqVMTk6nGoENQ1Ib"],
"creator" :["Tuittila", "Eeva-Stiina"", "Eeva-Stiina Tuittila"", "Kolari", "Pasi", "Pasi Kolari", "Korrensalo", "http://meta.icos-cp.eu/resources/people/Heikki_Laakso", "Laakso", "Heikki", "Heikki Laakso"", "Levula", "Janne", "Janne Levula", "Mammarella", "Ivan", "Ivan Mammarella"", "Matilainen", "Teemu", "Teemu Matilainen"", "Vesala"],
"modificationDate" :["2019-09-08T03:26:37.640Z"],
"distribution" :[],
"image" :[],
"thumbnailUrl" :[],
"headline" :[],
"abstract" :[],
"theme" :[],
"dateCreated" :[],
"creditText" :[],
"datePublished" :["2019-09-08T03:26:37.869Z"],
"producer" :[],
"author" :[],
"spatialCoverage" :["Finland"],
"url" :["https://meta.icos-cp.eu/objects/UvyEYHvYJqVMTk6nGoENQ1Ib"],
"sponsor" :[],
"size" :[],
"sameAs" :["http://meta.icos-cp.eu/resources/stations/ES_FI-Sii"],
"publication" :[],
"provider" :["Siikaneva"],
"position" :[],
"name" :["ICOS ETC Bio Meteo Raw ASCII, Siikaneva, 2019-09-07"],
"measurementTechnique" :[],
"material" :[],
"maintainer" :[],
"locationCreated" :[],
"issn" :[],
"isPartOf" :[],
"isBasedOn" :[],
"isAccessibleForFree" :[],
"includedInDataCatalog" :[],
"editor" :[],
"editEIDR" :[],
"copyrightYear" :[],
"copyrightNotice" :[],
"copyrightHolder" :[],
"contributor" :[],
"contentReferenceTime" :[],
"contentLocation" :[],
"character" :[],
"acquireLicensePage" :["https://data.icos-cp.eu/licence"],
"accessModeSufficient" :[],
"about" :[],
"rights" :[],
"relation" :[160.0],
"qualifiedRelation" :[],
"qualifiedAttribution" :[],
"previousVersion" :[],
"nextVersion" :[],
"landingPage" :["https://meta.icos-cp.eu/objects/UvyEYHvYJqVMTk6nGoENQ1Ib"],
"isReferencedBy" :[],
"hasVersion" :[],
"hasPolicy" :[],
"hasCurrentVersion" :[],
"useConstraints" :[],
"status" :[],
"spatialRepresentationType" :[],
"spatialRepresentationInfo" :[],
"scope" :[],
"purpose" :[],
"otherLocale" :["https://meta.icos-cp.eu/objects/UvyEYHvYJqVMTk6nGoENQ1Ib"],
"metadataProfile" :[],
"metadataLinkage" :[],
"metadataIdentifier" :[],
"environmentDescription" :[],
"distributionInfo" :[None],
"dataQualityInfo" :["Finland"],
"contentInfo" :["ICOS ETC Bio Meteo Raw ASCII, Siikaneva, 2019-09-07"],
"ResearchInfrastructure" :["ICOS"],
"EssentialVariables" :[],
"potentialTopics" :["raw", "etc", "bio"]
}