{
"description" :["Kubistin, D., Plaß-Dülmer, C., Lindauer, M., Müller-Williams, J., ICOS RI, 2021. ICOS ATC Meteorological data csv time series, Karlsruhe, 2021-01-31, https://hdl.handle.net/11676/jWwYu6LdG-LWts4I8A1cOm-u"],
"identifier" :["https://hdl.handle.net/11676/jWwYu6LdG-LWts4I8A1cOm-u"],
"keywords" :["ICOS"],
"language" :["English"],
"accessibilitySummary" :[],
"contact" :["ATC"],
"version" :[],
"temporalCoverage" :["2021-01-31T00:00:00Z/2021-01", "2021-01-31T00:00:00Z/2021-01-31T23:59:00Z"],
"publisher" :["data.icos-cp.eu"],
"spatial" :["Germany"],
"license" :["https://creativecommons.org/licenses/by/4.0/"],
"citation" :[],
"genre" :["ICOS ATC Meteorological data csv time series, Karlsruhe, 2021-01-31", "https://meta.icos-cp.eu/objects/jWwYu6LdG-LWts4I8A1cOm-u"],
"creator" :["Kubistin", "Dagmar", "Dagmar Kubistin"", "Christian Plaß-Dülmer"", "Lindauer", "Matthias", "Matthias Lindauer"", "Müller-Williams"", "Jennifer", "Jennifer Müller-Williams""],
"modificationDate" :["2021-02-01T10:40:22.596Z"],
"distribution" :[],
"image" :[],
"thumbnailUrl" :[],
"headline" :[],
"abstract" :[],
"theme" :[],
"dateCreated" :[],
"creditText" :[],
"datePublished" :["2021-02-01T10:40:22.983Z"],
"producer" :[],
"author" :[],
"spatialCoverage" :["Germany"],
"url" :["https://meta.icos-cp.eu/objects/jWwYu6LdG-LWts4I8A1cOm-u"],
"sponsor" :[],
"size" :[],
"sameAs" :["http://meta.icos-cp.eu/resources/organizations/ATC"],
"publication" :[],
"provider" :[],
"position" :[],
"name" :["ICOS ATC Meteorological data csv time series, Karlsruhe, 2021-01-31"],
"measurementTechnique" :[],
"material" :[],
"maintainer" :[],
"locationCreated" :[],
"issn" :[],
"isPartOf" :[],
"isBasedOn" :[],
"isAccessibleForFree" :[],
"includedInDataCatalog" :[],
"editor" :[],
"editEIDR" :[],
"copyrightYear" :[],
"copyrightNotice" :[],
"copyrightHolder" :[],
"contributor" :[],
"contentReferenceTime" :[],
"contentLocation" :[],
"character" :[],
"acquireLicensePage" :["https://data.icos-cp.eu/licence"],
"accessModeSufficient" :[],
"about" :[],
"rights" :[],
"relation" :[110.0],
"qualifiedRelation" :[],
"qualifiedAttribution" :[],
"previousVersion" :[],
"nextVersion" :[],
"landingPage" :["https://meta.icos-cp.eu/objects/jWwYu6LdG-LWts4I8A1cOm-u"],
"isReferencedBy" :[],
"hasVersion" :[],
"hasPolicy" :[],
"hasCurrentVersion" :[],
"useConstraints" :[],
"status" :[],
"spatialRepresentationType" :[],
"spatialRepresentationInfo" :[],
"scope" :[],
"purpose" :[],
"otherLocale" :["https://meta.icos-cp.eu/objects/jWwYu6LdG-LWts4I8A1cOm-u"],
"metadataProfile" :[],
"metadataLinkage" :[],
"metadataIdentifier" :[],
"environmentDescription" :[],
"distributionInfo" :[None],
"dataQualityInfo" :["Germany"],
"contentInfo" :["ICOS ATC Meteorological data csv time series, Karlsruhe, 2021-01-31"],
"ResearchInfrastructure" :["ICOS"],
"EssentialVariables" :[],
"potentialTopics" :["meteorological", "series", "data", "time"]
}