{
"description" :["Ramonet, M., Conil, S., Delmotte, M., Laurent, O., ICOS RI, 2020. ICOS ATC NRT radon data csv time series, Observatoire pérenne de l"environnement (120.0 m), 2020-09-14, https://hdl.handle.net/11676/-G7LXyuiDPtNMRCrgu7Jn0Qw"],
"identifier" :["https://hdl.handle.net/11676/-G7LXyuiDPtNMRCrgu7Jn0Qw"],
"keywords" :["ICOS"],
"language" :["English"],
"accessibilitySummary" :[],
"contact" :["Observatoire", "pérenne de l"environnement", "ATC"],
"version" :[],
"temporalCoverage" :["2020-09-14T00:00:00Z/2020-09-14T23:00:00Z"],
"publisher" :["data.icos-cp.eu"],
"spatial" :["France"],
"license" :["https://creativecommons.org/licenses/by/4.0/"],
"citation" :[],
"genre" :["ICOS ATC NRT radon data csv time series, Observatoire pérenne de l"environnement (120.0 m), 2020-09-14", "https://meta.icos-cp.eu/objects/-G7LXyuiDPtNMRCrgu7Jn0Qw"],
"creator" :["Ramonet", "Michel", "Michel Ramonet"", "http://meta.icos-cp.eu/resources/people/S%C3%A9bastien_Conil", "Conil", "Sébastien", "Sébastien Conil"", "Delmotte", "Marc", "Marc Delmotte", "Laurent", "Olivier", "Olivier Laurent""],
"modificationDate" :["2020-09"],
"distribution" :["https://data.icos-cp.eu/licence_accept?ids=%5B%22-G7LXyuiDPtNMRCrgu7Jn0QwdbOqSPqKrBGa1iTtX74%22%5D"],
"image" :[],
"thumbnailUrl" :[],
"headline" :[],
"abstract" :[],
"theme" :[],
"dateCreated" :[],
"creditText" :[],
"datePublished" :["2020-09-15T05:14:26.998Z"],
"producer" :[],
"author" :[],
"spatialCoverage" :["France"],
"url" :["https://meta.icos-cp.eu/objects/-G7LXyuiDPtNMRCrgu7Jn0Qw"],
"sponsor" :[],
"size" :[],
"sameAs" :["http://meta.icos-cp.eu/resources/organizations/ATC"],
"publication" :[],
"provider" :[],
"position" :[],
"name" :["ICOS ATC NRT radon data csv time series, Observatoire pérenne de l"environnement (120.0 m), 2020-09-14"],
"measurementTechnique" :[],
"material" :[],
"maintainer" :[],
"locationCreated" :[],
"issn" :[],
"isPartOf" :[],
"isBasedOn" :[],
"isAccessibleForFree" :[],
"includedInDataCatalog" :[],
"editor" :[],
"editEIDR" :[],
"copyrightYear" :[],
"copyrightNotice" :[],
"copyrightHolder" :[],
"contributor" :[],
"contentReferenceTime" :[],
"contentLocation" :[],
"character" :[],
"acquireLicensePage" :["https://data.icos-cp.eu/licence"],
"accessModeSufficient" :[],
"about" :[],
"rights" :[],
"relation" :[390.0],
"qualifiedRelation" :[],
"qualifiedAttribution" :[],
"previousVersion" :[],
"nextVersion" :[],
"landingPage" :["https://meta.icos-cp.eu/objects/-G7LXyuiDPtNMRCrgu7Jn0Qw"],
"isReferencedBy" :[],
"hasVersion" :[],
"hasPolicy" :[],
"hasCurrentVersion" :[],
"useConstraints" :[],
"status" :[],
"spatialRepresentationType" :[],
"spatialRepresentationInfo" :[],
"scope" :[],
"purpose" :[],
"otherLocale" :["https://meta.icos-cp.eu/objects/-G7LXyuiDPtNMRCrgu7Jn0Qw"],
"metadataProfile" :[],
"metadataLinkage" :[],
"metadataIdentifier" :[],
"environmentDescription" :[],
"distributionInfo" :["https://data.icos-cp.eu/licence_accept?ids=%5B%22-G7LXyuiDPtNMRCrgu7Jn0QwdbOqSPqKrBGa1iTtX74%22%5D"],
"dataQualityInfo" :["Stdev"],
"contentInfo" :["ICOS ATC NRT radon data csv time series, Observatoire pérenne de l"environnement (120.0 m), 2020-09-14"],
"ResearchInfrastructure" :["ICOS"],
"EssentialVariables" :[],
"potentialTopics" :["radon", "series", "data", "time"]
}