{
"description" :["Ramonet, M., Lopez, M., Kazan, V., Delmotte, M., ICOS RI, 2021. ICOS ATC NRT radon data csv time series, Trainou (180.0 m), 2021-02-16, https://hdl.handle.net/11676/Lmo2kvXXh2Swc8eKaREsqSqA"],
"identifier" :["https://hdl.handle.net/11676/Lmo2kvXXh2Swc8eKaREsqSqA"],
"keywords" :["ICOS"],
"language" :["English"],
"accessibilitySummary" :[],
"contact" :["Trainou", "ATC"],
"version" :[],
"temporalCoverage" :["2021-02-16T00:00:00Z/2021-02-16T23:00:00Z"],
"publisher" :["data.icos-cp.eu"],
"spatial" :["France"],
"license" :["https://creativecommons.org/licenses/by/4.0/"],
"citation" :[],
"genre" :["ICOS ATC NRT radon data csv time series, Trainou (180.0 m), 2021-02-16", "https://meta.icos-cp.eu/objects/Lmo2kvXXh2Swc8eKaREsqSqA"],
"creator" :["Ramonet", "Michel", "Michel Ramonet"", "Lopez", "Morgan", "Morgan Lopez"", "Kazan", "Victor", "Victor Kazan"", "Delmotte", "Marc", "Marc Delmotte"],
"modificationDate" :["2021-02-17T06:13:18Z"],
"distribution" :["https://data.icos-cp.eu/licence_accept?ids=%5B%22Lmo2kvXXh2Swc8eKaREsqSqAl71kcP_fgPyB8wr3vIY%22%5D"],
"image" :[],
"thumbnailUrl" :[],
"headline" :[],
"abstract" :[],
"theme" :[],
"dateCreated" :[],
"creditText" :[],
"datePublished" :["2021-02-17T06:13:19.380Z"],
"producer" :[],
"author" :[],
"spatialCoverage" :["France"],
"url" :["https://meta.icos-cp.eu/objects/Lmo2kvXXh2Swc8eKaREsqSqA"],
"sponsor" :[],
"size" :[],
"sameAs" :["http://meta.icos-cp.eu/resources/organizations/ATC"],
"publication" :[],
"provider" :[],
"position" :[],
"name" :["ICOS ATC NRT radon data csv time series, Trainou (180.0 m), 2021-02-16"],
"measurementTechnique" :[],
"material" :[],
"maintainer" :[],
"locationCreated" :[],
"issn" :[],
"isPartOf" :[],
"isBasedOn" :[],
"isAccessibleForFree" :[],
"includedInDataCatalog" :[],
"editor" :[],
"editEIDR" :[],
"copyrightYear" :[],
"copyrightNotice" :[],
"copyrightHolder" :[],
"contributor" :[],
"contentReferenceTime" :[],
"contentLocation" :[],
"character" :[],
"acquireLicensePage" :["https://data.icos-cp.eu/licence"],
"accessModeSufficient" :[],
"about" :[],
"rights" :[],
"relation" :[131.0],
"qualifiedRelation" :[],
"qualifiedAttribution" :[],
"previousVersion" :[],
"nextVersion" :[],
"landingPage" :["https://meta.icos-cp.eu/objects/Lmo2kvXXh2Swc8eKaREsqSqA"],
"isReferencedBy" :[],
"hasVersion" :[],
"hasPolicy" :[],
"hasCurrentVersion" :[],
"useConstraints" :[],
"status" :[],
"spatialRepresentationType" :[],
"spatialRepresentationInfo" :[],
"scope" :[],
"purpose" :[],
"otherLocale" :["https://meta.icos-cp.eu/objects/Lmo2kvXXh2Swc8eKaREsqSqA"],
"metadataProfile" :[],
"metadataLinkage" :[],
"metadataIdentifier" :[],
"environmentDescription" :[],
"distributionInfo" :["https://data.icos-cp.eu/licence_accept?ids=%5B%22Lmo2kvXXh2Swc8eKaREsqSqAl71kcP_fgPyB8wr3vIY%22%5D"],
"dataQualityInfo" :["Stdev"],
"contentInfo" :["ICOS ATC NRT radon data csv time series, Trainou (180.0 m), 2021-02-16"],
"ResearchInfrastructure" :["ICOS"],
"EssentialVariables" :[],
"potentialTopics" :["series", "radon", "data", "time"]
}