{
"description" :["Brut, A., Ceschia, E., Claverie, N., Granouillac, F., Lemaire, B., Tallec, T., Zawilski, B., ICOS RI, 2020. ICOS ETC Bio Meteo Raw ASCII, Lamasquere, 2020-12-01, https://hdl.handle.net/11676/BNj7gbr3EJ9Td60dZvNEiWIG"],
"identifier" :["https://hdl.handle.net/11676/BNj7gbr3EJ9Td60dZvNEiWIG"],
"keywords" :["ICOS"],
"language" :["English"],
"accessibilitySummary" :[],
"contact" :["Lamasquere"],
"version" :[],
"temporalCoverage" :["2020-11-30T23:00:00Z/2020-12", "2020-11-30T23:00:00Z/2020-12-01T23:00:00Z"],
"publisher" :["data.icos-cp.eu"],
"spatial" :["France"],
"license" :["https://creativecommons.org/licenses/by/4.0/"],
"citation" :[],
"genre" :["ICOS ETC Bio Meteo Raw ASCII, Lamasquere, 2020-12-01", "https://meta.icos-cp.eu/objects/BNj7gbr3EJ9Td60dZvNEiWIG"],
"creator" :["Brut", "Aurore Brut"", "Ceschia", "Eric"", "Eric Ceschia", "Claverie", "Nicole", "Nicole Claverie", "Granouillac", "Franck", "Franck Granouillac"", "Lemaire", "Baptiste", "Baptiste Lemaire"", "Tallec", "Tiphaine", "Tiphaine Tallec"", "http://meta.icos-cp.eu/resources/people/Bartosz_Zawilski", "Zawilski", "Bartosz", "Bartosz Zawilski"", "@type"],
"modificationDate" :["2020-12-02T14:15:35.708Z"],
"distribution" :[],
"image" :[],
"thumbnailUrl" :[],
"headline" :[],
"abstract" :[],
"theme" :[],
"dateCreated" :[],
"creditText" :[],
"datePublished" :["2020-12-02T16:00:08.708Z"],
"producer" :[],
"author" :[],
"spatialCoverage" :["France"],
"url" :["https://meta.icos-cp.eu/objects/BNj7gbr3EJ9Td60dZvNEiWIG"],
"sponsor" :[],
"size" :[],
"sameAs" :["http://meta.icos-cp.eu/resources/stations/ES_FR-Lam"],
"publication" :[],
"provider" :[],
"position" :[],
"name" :["ICOS ETC Bio Meteo Raw ASCII, Lamasquere, 2020-12-01"],
"measurementTechnique" :[],
"material" :[],
"maintainer" :[],
"locationCreated" :[],
"issn" :[],
"isPartOf" :[],
"isBasedOn" :[],
"isAccessibleForFree" :[],
"includedInDataCatalog" :[],
"editor" :[],
"editEIDR" :[],
"copyrightYear" :[],
"copyrightNotice" :[],
"copyrightHolder" :[],
"contributor" :[],
"contentReferenceTime" :[],
"contentLocation" :[],
"character" :[],
"acquireLicensePage" :["https://data.icos-cp.eu/licence"],
"accessModeSufficient" :[],
"about" :[],
"rights" :[],
"relation" :[180.0],
"qualifiedRelation" :[],
"qualifiedAttribution" :[],
"previousVersion" :[],
"nextVersion" :[],
"landingPage" :["https://meta.icos-cp.eu/objects/BNj7gbr3EJ9Td60dZvNEiWIG"],
"isReferencedBy" :[],
"hasVersion" :[],
"hasPolicy" :[],
"hasCurrentVersion" :[],
"useConstraints" :[],
"status" :[],
"spatialRepresentationType" :[],
"spatialRepresentationInfo" :[],
"scope" :[],
"purpose" :[],
"otherLocale" :["https://meta.icos-cp.eu/objects/BNj7gbr3EJ9Td60dZvNEiWIG"],
"metadataProfile" :[],
"metadataLinkage" :[],
"metadataIdentifier" :[],
"environmentDescription" :[],
"distributionInfo" :[None],
"dataQualityInfo" :["France"],
"contentInfo" :["ICOS ETC Bio Meteo Raw ASCII, Lamasquere, 2020-12-01"],
"ResearchInfrastructure" :["ICOS"],
"EssentialVariables" :[],
"potentialTopics" :["etc", "bio", "raw"]
}