{
"description" :["Janssens, I., De Meulder, T., Lefevre, L., Roland, M., Segers, J., Van Look, J., ICOS RI, 2021. ICOS ETC Bio Meteo Raw ASCII, Brasschaat, 2021-07-24, https://hdl.handle.net/11676/hxxI8AXlpDdj4jeswM5dmIlv"],
"identifier" :["https://hdl.handle.net/11676/hxxI8AXlpDdj4jeswM5dmIlv"],
"keywords" :["ICOS"],
"language" :["English"],
"accessibilitySummary" :[],
"contact" :["Brasschaat"],
"version" :[],
"temporalCoverage" :["2021-07-23T23:00:00Z/2021-07", "2021-07-23T23:00:00Z/2021-07-24T23:00:00Z"],
"publisher" :["data.icos-cp.eu"],
"spatial" :["Belgium"],
"license" :["https://creativecommons.org/licenses/by/4.0/"],
"citation" :[],
"genre" :["ICOS ETC Bio Meteo Raw ASCII, Brasschaat, 2021-07-24", "https://meta.icos-cp.eu/objects/hxxI8AXlpDdj4jeswM5dmIlv"],
"creator" :["Janssens", "Ivan", "Ivan Janssens"", "Tim", "Tim De Meulder"", "Lefevre", "Lodewijk", "Lodewijk Lefevre"", "Roland", "Marilyn", "Marilyn Roland", "Jan Segers"", "Van Look"", "Jasper", "Jasper Van Look""],
"modificationDate" :["2021-07-24T23:40:22.134332Z"],
"distribution" :[],
"image" :[],
"thumbnailUrl" :[],
"headline" :[],
"abstract" :[],
"theme" :[],
"dateCreated" :[],
"creditText" :[],
"datePublished" :["2021-07"],
"producer" :[],
"author" :[],
"spatialCoverage" :["Belgium"],
"url" :["https://meta.icos-cp.eu/objects/hxxI8AXlpDdj4jeswM5dmIlv"],
"sponsor" :[],
"size" :[],
"sameAs" :["http://meta.icos-cp.eu/resources/stations/ES_BE-Bra"],
"publication" :[],
"provider" :["Brasschaat"],
"position" :[],
"name" :["ICOS ETC Bio Meteo Raw ASCII, Brasschaat, 2021-07-24"],
"measurementTechnique" :[],
"material" :[],
"maintainer" :[],
"locationCreated" :[],
"issn" :[],
"isPartOf" :[],
"isBasedOn" :[],
"isAccessibleForFree" :[],
"includedInDataCatalog" :[],
"editor" :[],
"editEIDR" :[],
"copyrightYear" :[],
"copyrightNotice" :[],
"copyrightHolder" :[],
"contributor" :[],
"contentReferenceTime" :[],
"contentLocation" :[],
"character" :[],
"acquireLicensePage" :["https://data.icos-cp.eu/licence"],
"accessModeSufficient" :[],
"about" :[],
"rights" :[],
"relation" :[16.0],
"qualifiedRelation" :[],
"qualifiedAttribution" :[],
"previousVersion" :[],
"nextVersion" :[],
"landingPage" :["https://meta.icos-cp.eu/objects/hxxI8AXlpDdj4jeswM5dmIlv"],
"isReferencedBy" :[],
"hasVersion" :[],
"hasPolicy" :[],
"hasCurrentVersion" :[],
"useConstraints" :[],
"status" :[],
"spatialRepresentationType" :[],
"spatialRepresentationInfo" :[],
"scope" :[],
"purpose" :[],
"otherLocale" :["https://meta.icos-cp.eu/objects/hxxI8AXlpDdj4jeswM5dmIlv"],
"metadataProfile" :[],
"metadataLinkage" :[],
"metadataIdentifier" :[],
"environmentDescription" :[],
"distributionInfo" :[None],
"dataQualityInfo" :["Belgium"],
"contentInfo" :["ICOS ETC Bio Meteo Raw ASCII, Brasschaat, 2021-07-24"],
"ResearchInfrastructure" :["ICOS"],
"EssentialVariables" :[],
"potentialTopics" :["bio", "etc", "raw"]
}