{
"description" :["Chen, H., Scheeren, B., ICOS RI, 2021. ICOS ATC Meteorological data csv time series, Lutjewad, 2021-05-22, https://hdl.handle.net/11676/5P9NiIl7w9rmfl7GjuR88DvY"],
"identifier" :["https://hdl.handle.net/11676/5P9NiIl7w9rmfl7GjuR88DvY"],
"keywords" :["ICOS"],
"language" :["English"],
"accessibilitySummary" :[],
"contact" :["ATC", "Lutjewad"],
"version" :[],
"temporalCoverage" :["2021-05-22T00:00:00Z/2021-05", "2021-05-22T00:00:00Z/2021-05-22T23:59:00Z"],
"publisher" :["data.icos-cp.eu"],
"spatial" :["Netherlands"],
"license" :["https://creativecommons.org/licenses/by/4.0/"],
"citation" :[],
"genre" :["ICOS ATC Meteorological data csv time series, Lutjewad, 2021-05-22", "https://meta.icos-cp.eu/objects/5P9NiIl7w9rmfl7GjuR88DvY"],
"creator" :["Chen", "Huilin", "Huilin Chen"", "Scheeren", "Bert", "Bert Scheeren""],
"modificationDate" :["2021-05"],
"distribution" :[],
"image" :[],
"thumbnailUrl" :[],
"headline" :[],
"abstract" :[],
"theme" :[],
"dateCreated" :[],
"creditText" :[],
"datePublished" :["2021-05"],
"producer" :[],
"author" :[],
"spatialCoverage" :["Netherlands"],
"url" :["https://meta.icos-cp.eu/objects/5P9NiIl7w9rmfl7GjuR88DvY"],
"sponsor" :[],
"size" :[],
"sameAs" :["http://meta.icos-cp.eu/resources/organizations/ATC"],
"publication" :[],
"provider" :[],
"position" :[],
"name" :["ICOS ATC Meteorological data csv time series, Lutjewad, 2021-05-22"],
"measurementTechnique" :[],
"material" :[],
"maintainer" :[],
"locationCreated" :[],
"issn" :[],
"isPartOf" :[],
"isBasedOn" :[],
"isAccessibleForFree" :[],
"includedInDataCatalog" :[],
"editor" :[],
"editEIDR" :[],
"copyrightYear" :[],
"copyrightNotice" :[],
"copyrightHolder" :[],
"contributor" :[],
"contentReferenceTime" :[],
"contentLocation" :[],
"character" :[],
"acquireLicensePage" :["https://data.icos-cp.eu/licence"],
"accessModeSufficient" :[],
"about" :[],
"rights" :[],
"relation" :[1.0],
"qualifiedRelation" :[],
"qualifiedAttribution" :[],
"previousVersion" :[],
"nextVersion" :[],
"landingPage" :["https://meta.icos-cp.eu/objects/5P9NiIl7w9rmfl7GjuR88DvY"],
"isReferencedBy" :[],
"hasVersion" :[],
"hasPolicy" :[],
"hasCurrentVersion" :[],
"useConstraints" :[],
"status" :[],
"spatialRepresentationType" :[],
"spatialRepresentationInfo" :[],
"scope" :[],
"purpose" :[],
"otherLocale" :["https://meta.icos-cp.eu/objects/5P9NiIl7w9rmfl7GjuR88DvY"],
"metadataProfile" :[],
"metadataLinkage" :[],
"metadataIdentifier" :[],
"environmentDescription" :[],
"distributionInfo" :[None],
"dataQualityInfo" :["Netherlands"],
"contentInfo" :["ICOS ATC Meteorological data csv time series, Lutjewad, 2021-05-22"],
"ResearchInfrastructure" :["ICOS"],
"EssentialVariables" :[],
"potentialTopics" :["time", "meteorological", "series", "data"]
}