{
"description" :["Peichl, M., Nilsson, M., Smith, P., Marklund, P., De Simon, G., Löfvenius, P., Dignam, R., Holst, J., Mölder, M., Andersson, T., Lindgren, K., Öquist, M., ICOS RI, 2021. ICOS ETC Bio Meteo Raw ASCII, Svartberget, 2021-08-18, https://hdl.handle.net/11676/VzBzHs88ziQyeyBCu3699Fzx"],
"identifier" :["https://hdl.handle.net/11676/VzBzHs88ziQyeyBCu3699Fzx"],
"keywords" :["ICOS"],
"language" :["English"],
"accessibilitySummary" :[],
"contact" :["Svartberget"],
"version" :[],
"temporalCoverage" :["2021-08-17T23:00:00Z/2021-08", "2021-08-17T23:00:00Z/2021-08-18T23:00:00Z"],
"publisher" :["data.icos-cp.eu"],
"spatial" :["Sweden"],
"license" :["https://creativecommons.org/licenses/by/4.0/"],
"citation" :[],
"genre" :["ICOS ETC Bio Meteo Raw ASCII, Svartberget, 2021-08-18", "https://meta.icos-cp.eu/objects/VzBzHs88ziQyeyBCu3699Fzx"],
"creator" :["Matthias", "Matthias Peichl"", "Peichl", "Nilsson", "Mats Nilsson"", "Smith", "Paul Smith", "Marklund", "De Simon"", "Giuseppe", "Giuseppe De Simon"", "Löfvenius", "Pernilla", "Pernilla Löfvenius"", "Dignam", "Rowan", "Rowan Dignam"", "http://meta.icos-cp.eu/resources/people/Jutta_Holst", "Holst", "Jutta", "Jutta Holst"", "Mölder", "Meelis", "Meelis Mölder", "Andersson", "Tommy", "Tommy Andersson"", "Lindgren", "Kim", "Kim Lindgren"", "Öquist"],
"modificationDate" :["2021-08-19T02:34:30.322840Z"],
"distribution" :[],
"image" :[],
"thumbnailUrl" :[],
"headline" :[],
"abstract" :[],
"theme" :[],
"dateCreated" :[],
"creditText" :[],
"datePublished" :["2021-08"],
"producer" :[],
"author" :[],
"spatialCoverage" :["Sweden"],
"url" :["https://meta.icos-cp.eu/objects/VzBzHs88ziQyeyBCu3699Fzx"],
"sponsor" :[],
"size" :[],
"sameAs" :["http://meta.icos-cp.eu/resources/stations/ES_SE-Svb"],
"publication" :[],
"provider" :["Svartberget"],
"position" :[],
"name" :["ICOS ETC Bio Meteo Raw ASCII, Svartberget, 2021-08-18"],
"measurementTechnique" :[],
"material" :[],
"maintainer" :[],
"locationCreated" :[],
"issn" :[],
"isPartOf" :[],
"isBasedOn" :[],
"isAccessibleForFree" :[],
"includedInDataCatalog" :[],
"editor" :[],
"editEIDR" :[],
"copyrightYear" :[],
"copyrightNotice" :[],
"copyrightHolder" :[],
"contributor" :[],
"contentReferenceTime" :[],
"contentLocation" :[],
"character" :[],
"acquireLicensePage" :["https://data.icos-cp.eu/licence"],
"accessModeSufficient" :[],
"about" :[],
"rights" :[],
"relation" :[267.0],
"qualifiedRelation" :[],
"qualifiedAttribution" :[],
"previousVersion" :[],
"nextVersion" :[],
"landingPage" :["https://meta.icos-cp.eu/objects/VzBzHs88ziQyeyBCu3699Fzx"],
"isReferencedBy" :[],
"hasVersion" :[],
"hasPolicy" :[],
"hasCurrentVersion" :[],
"useConstraints" :[],
"status" :[],
"spatialRepresentationType" :[],
"spatialRepresentationInfo" :[],
"scope" :[],
"purpose" :[],
"otherLocale" :["https://meta.icos-cp.eu/objects/VzBzHs88ziQyeyBCu3699Fzx"],
"metadataProfile" :[],
"metadataLinkage" :[],
"metadataIdentifier" :[],
"environmentDescription" :[],
"distributionInfo" :[None],
"dataQualityInfo" :["Sweden"],
"contentInfo" :["ICOS ETC Bio Meteo Raw ASCII, Svartberget, 2021-08-18"],
"ResearchInfrastructure" :["ICOS"],
"EssentialVariables" :[],
"potentialTopics" :["raw", "etc", "bio"]
}