{
"description" :["Smith, P., Marklund, P., ICOS RI, 2020. ICOS ATC Meteorological data csv time series, Svartberget, 2020-09-13, https://hdl.handle.net/11676/H0O1slAv4oEhGeeKekCqOnA4"],
"identifier" :["https://hdl.handle.net/11676/H0O1slAv4oEhGeeKekCqOnA4"],
"keywords" :["ICOS"],
"language" :["English"],
"accessibilitySummary" :[],
"contact" :["Svartberget", "ATC"],
"version" :[],
"temporalCoverage" :["2020-09-13T00:00:00Z/2020-09", "2020-09-13T00:00:00Z/2020-09-13T23:59:00Z"],
"publisher" :["data.icos-cp.eu"],
"spatial" :["Sweden"],
"license" :["https://creativecommons.org/licenses/by/4.0/"],
"citation" :[],
"genre" :["ICOS ATC Meteorological data csv time series, Svartberget, 2020-09-13", "https://meta.icos-cp.eu/objects/H0O1slAv4oEhGeeKekCqOnA4"],
"creator" :["Smith", "Paul Smith", "Marklund"],
"modificationDate" :["2020-09-14T09:40:53.084Z"],
"distribution" :[],
"image" :[],
"thumbnailUrl" :[],
"headline" :[],
"abstract" :[],
"theme" :[],
"dateCreated" :[],
"creditText" :[],
"datePublished" :["2020-09-14T09:40:53.491Z"],
"producer" :[],
"author" :[],
"spatialCoverage" :["Sweden"],
"url" :["https://meta.icos-cp.eu/objects/H0O1slAv4oEhGeeKekCqOnA4"],
"sponsor" :[],
"size" :[],
"sameAs" :["http://meta.icos-cp.eu/resources/organizations/ATC"],
"publication" :[],
"provider" :[],
"position" :[],
"name" :["ICOS ATC Meteorological data csv time series, Svartberget, 2020-09-13"],
"measurementTechnique" :[],
"material" :[],
"maintainer" :[],
"locationCreated" :[],
"issn" :[],
"isPartOf" :[],
"isBasedOn" :[],
"isAccessibleForFree" :[],
"includedInDataCatalog" :[],
"editor" :[],
"editEIDR" :[],
"copyrightYear" :[],
"copyrightNotice" :[],
"copyrightHolder" :[],
"contributor" :[],
"contentReferenceTime" :[],
"contentLocation" :[],
"character" :[],
"acquireLicensePage" :["https://data.icos-cp.eu/licence"],
"accessModeSufficient" :[],
"about" :[],
"rights" :[],
"relation" :[269.0],
"qualifiedRelation" :[],
"qualifiedAttribution" :[],
"previousVersion" :[],
"nextVersion" :[],
"landingPage" :["https://meta.icos-cp.eu/objects/H0O1slAv4oEhGeeKekCqOnA4"],
"isReferencedBy" :[],
"hasVersion" :[],
"hasPolicy" :[],
"hasCurrentVersion" :[],
"useConstraints" :[],
"status" :[],
"spatialRepresentationType" :[],
"spatialRepresentationInfo" :[],
"scope" :[],
"purpose" :[],
"otherLocale" :["https://meta.icos-cp.eu/objects/H0O1slAv4oEhGeeKekCqOnA4"],
"metadataProfile" :[],
"metadataLinkage" :[],
"metadataIdentifier" :[],
"environmentDescription" :[],
"distributionInfo" :[None],
"dataQualityInfo" :["Sweden"],
"contentInfo" :["ICOS ATC Meteorological data csv time series, Svartberget, 2020-09-13"],
"ResearchInfrastructure" :["ICOS"],
"EssentialVariables" :[],
"potentialTopics" :["series", "data", "meteorological", "time"]
}