{
"description" :["Smith, P., Marklund, P., ICOS RI, 2020. ICOS ATC Picarro data csv time series, Svartberget, 2020-12-21, https://hdl.handle.net/11676/Mb6ohaToyK0wAgW-pP-3dqaQ"],
"identifier" :["https://hdl.handle.net/11676/Mb6ohaToyK0wAgW-pP-3dqaQ"],
"keywords" :["ICOS"],
"language" :["English"],
"accessibilitySummary" :[],
"contact" :["Svartberget", "ATC Picarro"],
"version" :[],
"temporalCoverage" :["2020-12-21T00:00:01Z/2020", "2020-12-21T00:00:01Z/2020-12-21T23:59:59Z"],
"publisher" :["data.icos-cp.eu"],
"spatial" :["Sweden"],
"license" :["https://creativecommons.org/licenses/by/4.0/"],
"citation" :[],
"genre" :["ICOS ATC Picarro data csv time series, Svartberget, 2020-12-21", "https://meta.icos-cp.eu/objects/Mb6ohaToyK0wAgW-pP-3dqaQ"],
"creator" :["Smith", "Paul Smith", "Marklund"],
"modificationDate" :["2021-01"],
"distribution" :[],
"image" :[],
"thumbnailUrl" :[],
"headline" :[],
"abstract" :[],
"theme" :[],
"dateCreated" :[],
"creditText" :[],
"datePublished" :["2021-01-05T14:36:58.824Z"],
"producer" :[],
"author" :[],
"spatialCoverage" :["Sweden"],
"url" :["https://meta.icos-cp.eu/objects/Mb6ohaToyK0wAgW-pP-3dqaQ"],
"sponsor" :[],
"size" :[],
"sameAs" :["http://meta.icos-cp.eu/resources/organizations/ATC"],
"publication" :[],
"provider" :[],
"position" :[],
"name" :["ICOS ATC Picarro data csv time series, Svartberget, 2020-12-21"],
"measurementTechnique" :[],
"material" :[],
"maintainer" :[],
"locationCreated" :[],
"issn" :[],
"isPartOf" :[],
"isBasedOn" :[],
"isAccessibleForFree" :[],
"includedInDataCatalog" :[],
"editor" :[],
"editEIDR" :[],
"copyrightYear" :[],
"copyrightNotice" :[],
"copyrightHolder" :[],
"contributor" :[],
"contentReferenceTime" :[],
"contentLocation" :[],
"character" :[],
"acquireLicensePage" :["https://data.icos-cp.eu/licence"],
"accessModeSufficient" :[],
"about" :[],
"rights" :[],
"relation" :[269.0],
"qualifiedRelation" :[],
"qualifiedAttribution" :[],
"previousVersion" :[],
"nextVersion" :[],
"landingPage" :["https://meta.icos-cp.eu/objects/Mb6ohaToyK0wAgW-pP-3dqaQ"],
"isReferencedBy" :[],
"hasVersion" :[],
"hasPolicy" :[],
"hasCurrentVersion" :[],
"useConstraints" :[],
"status" :[],
"spatialRepresentationType" :[],
"spatialRepresentationInfo" :[],
"scope" :[],
"purpose" :[],
"otherLocale" :["https://meta.icos-cp.eu/objects/Mb6ohaToyK0wAgW-pP-3dqaQ"],
"metadataProfile" :[],
"metadataLinkage" :[],
"metadataIdentifier" :[],
"environmentDescription" :[],
"distributionInfo" :[None],
"dataQualityInfo" :["Sweden"],
"contentInfo" :["ICOS ATC Picarro data csv time series, Svartberget, 2020-12-21"],
"ResearchInfrastructure" :["ICOS"],
"EssentialVariables" :[],
"potentialTopics" :["time", "data", "series"]
}