{
"description" :["Roland, M., De Meulder, T., Lefevre, L., Segers, J., Van Look, J., ICOS RI, 2020. ICOS ETC Bio Meteo Raw ASCII, Maasmechelen, 2020-09-13, https://hdl.handle.net/11676/oI_j2FWGtlV0eq9wboL-AgVB"],
"identifier" :["https://hdl.handle.net/11676/oI_j2FWGtlV0eq9wboL-AgVB"],
"keywords" :["ICOS"],
"language" :["English"],
"accessibilitySummary" :[],
"contact" :["Maasmechelen"],
"version" :[],
"temporalCoverage" :["2020-09-12T23:00:00Z/2020-09", "2020-09-12T23:00:00Z/2020-09-13T23:00:00Z"],
"publisher" :["data.icos-cp.eu"],
"spatial" :["Belgium"],
"license" :["https://creativecommons.org/licenses/by/4.0/"],
"citation" :[],
"genre" :["ICOS ETC Bio Meteo Raw ASCII, Maasmechelen, 2020-09-13", "https://meta.icos-cp.eu/objects/oI_j2FWGtlV0eq9wboL-AgVB"],
"creator" :["Roland", "Marilyn", "Marilyn Roland", "Tim", "Tim De Meulder"", "Lefevre", "Lodewijk", "Lodewijk Lefevre"", "Jan Segers"", "Van Look"", "Jasper", "Jasper Van Look""],
"modificationDate" :["2020-09-13T23:30:03.742Z"],
"distribution" :[],
"image" :[],
"thumbnailUrl" :[],
"headline" :[],
"abstract" :[],
"theme" :[],
"dateCreated" :[],
"creditText" :[],
"datePublished" :["2020-09-13T23:30:04.533Z"],
"producer" :[],
"author" :[],
"spatialCoverage" :["Belgium"],
"url" :["https://meta.icos-cp.eu/objects/oI_j2FWGtlV0eq9wboL-AgVB"],
"sponsor" :[],
"size" :[],
"sameAs" :["http://meta.icos-cp.eu/resources/stations/ES_BE-Maa"],
"publication" :[],
"provider" :[],
"position" :[],
"name" :["ICOS ETC Bio Meteo Raw ASCII, Maasmechelen, 2020-09-13"],
"measurementTechnique" :[],
"material" :[],
"maintainer" :[],
"locationCreated" :[],
"issn" :[],
"isPartOf" :[],
"isBasedOn" :[],
"isAccessibleForFree" :[],
"includedInDataCatalog" :[],
"editor" :[],
"editEIDR" :[],
"copyrightYear" :[],
"copyrightNotice" :[],
"copyrightHolder" :[],
"contributor" :[],
"contentReferenceTime" :[],
"contentLocation" :[],
"character" :[],
"acquireLicensePage" :["https://data.icos-cp.eu/licence"],
"accessModeSufficient" :[],
"about" :[],
"rights" :[],
"relation" :[87.0],
"qualifiedRelation" :[],
"qualifiedAttribution" :[],
"previousVersion" :[],
"nextVersion" :[],
"landingPage" :["https://meta.icos-cp.eu/objects/oI_j2FWGtlV0eq9wboL-AgVB"],
"isReferencedBy" :[],
"hasVersion" :[],
"hasPolicy" :[],
"hasCurrentVersion" :[],
"useConstraints" :[],
"status" :[],
"spatialRepresentationType" :[],
"spatialRepresentationInfo" :[],
"scope" :[],
"purpose" :[],
"otherLocale" :["https://meta.icos-cp.eu/objects/oI_j2FWGtlV0eq9wboL-AgVB"],
"metadataProfile" :[],
"metadataLinkage" :[],
"metadataIdentifier" :[],
"environmentDescription" :[],
"distributionInfo" :[None],
"dataQualityInfo" :["Belgium"],
"contentInfo" :["ICOS ETC Bio Meteo Raw ASCII, Maasmechelen, 2020-09-13"],
"ResearchInfrastructure" :["ICOS"],
"EssentialVariables" :[],
"potentialTopics" :["raw", "etc", "bio"]
}