{
"description" :["Berveiller, D., Delpierre, N., Morfin, A., Vincent, G., Dufrêne, E., Bazot, S., Soudani, K., Clotilde, P., ICOS RI, 2021. ICOS ETC Bio Meteo Raw ASCII, Fontainebleau-Barbeau, 2021-06-29, https://hdl.handle.net/11676/SBPz-zqOf4AajNSq57Wz5Odd"],
"identifier" :["https://hdl.handle.net/11676/SBPz-zqOf4AajNSq57Wz5Odd"],
"keywords" :["ICOS"],
"language" :["English"],
"accessibilitySummary" :[],
"contact" :["Fontainebleau-Barbeau"],
"version" :[],
"temporalCoverage" :["2021-06-28T23:00:00Z/2021-06", "2021-06-28T23:00:00Z/2021-06-29T23:00:00Z"],
"publisher" :["data.icos-cp.eu"],
"spatial" :["France"],
"license" :["https://creativecommons.org/licenses/by/4.0/"],
"citation" :[],
"genre" :["ICOS ETC Bio Meteo Raw ASCII, Fontainebleau-Barbeau, 2021-06-29", "https://meta.icos-cp.eu/objects/SBPz-zqOf4AajNSq57Wz5Odd"],
"creator" :["Daniel Berveiller", "http://meta.icos-cp.eu/resources/people/Nicolas_Delpierre", "Delpierre", "Nicolas", "Nicolas Delpierre", "Morfin", "Alexandre", "Alexandre Morfin"", "Vincent", "Gaëlle", "Gaëlle Vincent"", "http://meta.icos-cp.eu/resources/people/Eric_Dufr%C3%AAne", "Dufrêne", "Eric"", "Eric Dufrêne", "Bazot", "Stéphane", "Stéphane Bazot"", "Soudani", "Kamel", "Kamel Soudani"", "Clotilde", "Perot", "Guillaume Clotilde""],
"modificationDate" :["2021-06-30T01:16:54.921378Z"],
"distribution" :[],
"image" :[],
"thumbnailUrl" :[],
"headline" :[],
"abstract" :[],
"theme" :[],
"dateCreated" :[],
"creditText" :[],
"datePublished" :["2021-06-30T01:16:57.661018Z"],
"producer" :[],
"author" :[],
"spatialCoverage" :["France"],
"url" :["https://meta.icos-cp.eu/objects/SBPz-zqOf4AajNSq57Wz5Odd"],
"sponsor" :[],
"size" :[],
"sameAs" :["http://meta.icos-cp.eu/resources/stations/ES_FR-Fon"],
"publication" :[],
"provider" :["Fontainebleau-Barbeau"],
"position" :[],
"name" :["ICOS ETC Bio Meteo Raw ASCII, Fontainebleau-Barbeau, 2021-06-29"],
"measurementTechnique" :[],
"material" :[],
"maintainer" :[],
"locationCreated" :[],
"issn" :[],
"isPartOf" :[],
"isBasedOn" :[],
"isAccessibleForFree" :[],
"includedInDataCatalog" :[],
"editor" :[],
"editEIDR" :[],
"copyrightYear" :[],
"copyrightNotice" :[],
"copyrightHolder" :[],
"contributor" :[],
"contentReferenceTime" :[],
"contentLocation" :[],
"character" :[],
"acquireLicensePage" :["https://data.icos-cp.eu/licence"],
"accessModeSufficient" :[],
"about" :[],
"rights" :[],
"relation" :[103.0],
"qualifiedRelation" :[],
"qualifiedAttribution" :[],
"previousVersion" :[],
"nextVersion" :[],
"landingPage" :["https://meta.icos-cp.eu/objects/SBPz-zqOf4AajNSq57Wz5Odd"],
"isReferencedBy" :[],
"hasVersion" :[],
"hasPolicy" :[],
"hasCurrentVersion" :[],
"useConstraints" :[],
"status" :[],
"spatialRepresentationType" :[],
"spatialRepresentationInfo" :[],
"scope" :[],
"purpose" :[],
"otherLocale" :["https://meta.icos-cp.eu/objects/SBPz-zqOf4AajNSq57Wz5Odd"],
"metadataProfile" :[],
"metadataLinkage" :[],
"metadataIdentifier" :[],
"environmentDescription" :[],
"distributionInfo" :[None],
"dataQualityInfo" :["France"],
"contentInfo" :["ICOS ETC Bio Meteo Raw ASCII, Fontainebleau-Barbeau, 2021-06-29"],
"ResearchInfrastructure" :["ICOS"],
"EssentialVariables" :[],
"potentialTopics" :["bio", "raw", "etc"]
}