{
"description" :["Vincke, C., Chopin, H., Demoulin, L., Faurès, A., Heinesch, B., Manise, T., ICOS RI, 2021. ICOS ETC Eddy Flux Raw ASCII daily archive, Vielsalm, 2021-10-03, https://hdl.handle.net/11676/whROTkkXc_AXT6V2LWIHnugK"],
"identifier" :["https://hdl.handle.net/11676/whROTkkXc_AXT6V2LWIHnugK"],
"keywords" :["ICOS"],
"language" :["English"],
"accessibilitySummary" :[],
"contact" :["Vielsalm"],
"version" :[],
"temporalCoverage" :["2021-10-02T23:00:00Z/2021-10", "2021-10-02T23:00:00Z/2021-10-03T23:00:00Z"],
"publisher" :["data.icos-cp.eu"],
"spatial" :["Belgium"],
"license" :["https://creativecommons.org/licenses/by/4.0/"],
"citation" :[],
"genre" :["ICOS ETC Eddy Flux Raw ASCII daily archive, Vielsalm, 2021-10-03", "https://meta.icos-cp.eu/objects/whROTkkXc_AXT6V2LWIHnugK"],
"creator" :["Vincke", "Caroline", "Caroline Vincke"", "Chopin", "Henri", "Henri Chopin"", "Demoulin", "Loïc", "Faurès", "Ariane", "Ariane Faurès"", "http://meta.icos-cp.eu/resources/people/Bernard_Heinesch", "Heinesch", "Bernard", "Bernard Heinesch"", "Manise", "Tanguy", "Tanguy Manise""],
"modificationDate" :["2021-10"],
"distribution" :[],
"image" :[],
"thumbnailUrl" :[],
"headline" :[],
"abstract" :[],
"theme" :[],
"dateCreated" :[],
"creditText" :[],
"datePublished" :["2021-10"],
"producer" :[],
"author" :[],
"spatialCoverage" :["Belgium"],
"url" :["https://meta.icos-cp.eu/objects/whROTkkXc_AXT6V2LWIHnugK"],
"sponsor" :[],
"size" :[],
"sameAs" :["http://meta.icos-cp.eu/resources/stations/ES_BE-Vie"],
"publication" :[],
"provider" :[],
"position" :[],
"name" :["ICOS ETC Eddy Flux Raw ASCII daily archive, Vielsalm, 2021-10-03"],
"measurementTechnique" :[],
"material" :[],
"maintainer" :[],
"locationCreated" :[],
"issn" :[],
"isPartOf" :[],
"isBasedOn" :[],
"isAccessibleForFree" :[],
"includedInDataCatalog" :[],
"editor" :[],
"editEIDR" :[],
"copyrightYear" :[],
"copyrightNotice" :[],
"copyrightHolder" :[],
"contributor" :[],
"contentReferenceTime" :[],
"contentLocation" :[],
"character" :[],
"acquireLicensePage" :["https://data.icos-cp.eu/licence"],
"accessModeSufficient" :[],
"about" :[],
"rights" :[],
"relation" :[490.0],
"qualifiedRelation" :[],
"qualifiedAttribution" :[],
"previousVersion" :[],
"nextVersion" :[],
"landingPage" :["https://meta.icos-cp.eu/objects/whROTkkXc_AXT6V2LWIHnugK"],
"isReferencedBy" :[],
"hasVersion" :[],
"hasPolicy" :[],
"hasCurrentVersion" :[],
"useConstraints" :[],
"status" :[],
"spatialRepresentationType" :[],
"spatialRepresentationInfo" :[],
"scope" :[],
"purpose" :[],
"otherLocale" :["https://meta.icos-cp.eu/objects/whROTkkXc_AXT6V2LWIHnugK"],
"metadataProfile" :[],
"metadataLinkage" :[],
"metadataIdentifier" :[],
"environmentDescription" :[],
"distributionInfo" :[None],
"dataQualityInfo" :["Belgium"],
"contentInfo" :["ICOS ETC Eddy Flux Raw ASCII daily archive, Vielsalm, 2021-10-03"],
"ResearchInfrastructure" :["ICOS"],
"EssentialVariables" :[],
"potentialTopics" :["daily", "flux", "etc", "raw", "eddy", "archive"]
}