{
"description" :["Hatakka, J., ICOS RI, 2021. ICOS ATC Meteorological data csv time series, Pallas, 2021-04-30, https://hdl.handle.net/11676/OO5cF3iY95tgN9kl1TBSdYpq"],
"identifier" :["https://hdl.handle.net/11676/OO5cF3iY95tgN9kl1TBSdYpq"],
"keywords" :["ICOS"],
"language" :["English"],
"accessibilitySummary" :[],
"contact" :["ATC", "Pallas"],
"version" :[],
"temporalCoverage" :["2021-04-30T00:00:00Z/2021-04", "2021-04-30T00:00:00Z/2021-04-30T23:59:00Z"],
"publisher" :["data.icos-cp.eu"],
"spatial" :["Finland"],
"license" :["https://creativecommons.org/licenses/by/4.0/"],
"citation" :[],
"genre" :["ICOS ATC Meteorological data csv time series, Pallas, 2021-04-30", "https://meta.icos-cp.eu/objects/OO5cF3iY95tgN9kl1TBSdYpq"],
"creator" :["Hatakka", "Juha", "Juha Hatakka""],
"modificationDate" :["2021-05-01T09:42:47.623Z"],
"distribution" :[],
"image" :[],
"thumbnailUrl" :[],
"headline" :[],
"abstract" :[],
"theme" :[],
"dateCreated" :[],
"creditText" :[],
"datePublished" :["2021-05-01T09:42:50.672Z"],
"producer" :[],
"author" :[],
"spatialCoverage" :["Finland"],
"url" :["https://meta.icos-cp.eu/objects/OO5cF3iY95tgN9kl1TBSdYpq"],
"sponsor" :[],
"size" :[],
"sameAs" :["http://meta.icos-cp.eu/resources/organizations/ATC"],
"publication" :[],
"provider" :[],
"position" :[],
"name" :["ICOS ATC Meteorological data csv time series, Pallas, 2021-04-30"],
"measurementTechnique" :[],
"material" :[],
"maintainer" :[],
"locationCreated" :[],
"issn" :[],
"isPartOf" :[],
"isBasedOn" :[],
"isAccessibleForFree" :[],
"includedInDataCatalog" :[],
"editor" :[],
"editEIDR" :[],
"copyrightYear" :[],
"copyrightNotice" :[],
"copyrightHolder" :[],
"contributor" :[],
"contentReferenceTime" :[],
"contentLocation" :[],
"character" :[],
"acquireLicensePage" :["https://data.icos-cp.eu/licence"],
"accessModeSufficient" :[],
"about" :[],
"rights" :[],
"relation" :[565.0],
"qualifiedRelation" :[],
"qualifiedAttribution" :[],
"previousVersion" :[],
"nextVersion" :[],
"landingPage" :["https://meta.icos-cp.eu/objects/OO5cF3iY95tgN9kl1TBSdYpq"],
"isReferencedBy" :[],
"hasVersion" :[],
"hasPolicy" :[],
"hasCurrentVersion" :[],
"useConstraints" :[],
"status" :[],
"spatialRepresentationType" :[],
"spatialRepresentationInfo" :[],
"scope" :[],
"purpose" :[],
"otherLocale" :["https://meta.icos-cp.eu/objects/OO5cF3iY95tgN9kl1TBSdYpq"],
"metadataProfile" :[],
"metadataLinkage" :[],
"metadataIdentifier" :[],
"environmentDescription" :[],
"distributionInfo" :[None],
"dataQualityInfo" :["Finland"],
"contentInfo" :["ICOS ATC Meteorological data csv time series, Pallas, 2021-04-30"],
"ResearchInfrastructure" :["ICOS"],
"EssentialVariables" :[],
"potentialTopics" :["series", "data", "time", "meteorological"]
}