{
"description" :["Gkritzalis, T., ICOS RI, 2020. ICOS OTC Raw Data, BE-SOOP-Simon-Stevin, 2020-11-19, https://hdl.handle.net/11676/GUNh_qU3AAmD7sHOoPxSl6GA"],
"identifier" :["https://hdl.handle.net/11676/GUNh_qU3AAmD7sHOoPxSl6GA"],
"keywords" :["ICOS"],
"language" :["English"],
"accessibilitySummary" :[],
"contact" :[],
"version" :[],
"temporalCoverage" :["2020-11-19T12:01:00.385Z/2020-11-19T20:10:00.349Z"],
"publisher" :["data.icos-cp.eu"],
"spatial" :["Belgium"],
"license" :["https://creativecommons.org/licenses/by/4.0/"],
"citation" :[],
"genre" :["ICOS OTC Raw Data, BE-SOOP-Simon-Stevin, 2020-11-19", "https://meta.icos-cp.eu/objects/GUNh_qU3AAmD7sHOoPxSl6GA"],
"creator" :["Gkritzalis", "Thanos", "Thanos Gkritzalis"", "http://meta.icos-cp.eu/resources/people/Thanos_Gkritzalis"],
"modificationDate" :["2020-12-04T09:22:14.391Z"],
"distribution" :[],
"image" :[],
"thumbnailUrl" :[],
"headline" :[],
"abstract" :[],
"theme" :[],
"dateCreated" :[],
"creditText" :[],
"datePublished" :["2020-12-04T09:22:14.735Z"],
"producer" :[],
"author" :[],
"spatialCoverage" :["Belgium"],
"url" :["https://meta.icos-cp.eu/objects/GUNh_qU3AAmD7sHOoPxSl6GA"],
"sponsor" :[],
"size" :[],
"sameAs" :["http://meta.icos-cp.eu/resources/organizations/OTC"],
"publication" :[],
"provider" :["Ocean Thematic Centre"],
"position" :[],
"name" :["ICOS OTC Raw Data, BE-SOOP-Simon-Stevin, 2020-11-19"],
"measurementTechnique" :[],
"material" :[],
"maintainer" :[],
"locationCreated" :[],
"issn" :[],
"isPartOf" :[],
"isBasedOn" :[],
"isAccessibleForFree" :[],
"includedInDataCatalog" :[],
"editor" :[],
"editEIDR" :[],
"copyrightYear" :[],
"copyrightNotice" :[],
"copyrightHolder" :[],
"contributor" :[],
"contentReferenceTime" :[],
"contentLocation" :[],
"character" :[],
"acquireLicensePage" :["https://data.icos-cp.eu/licence"],
"accessModeSufficient" :[],
"about" :[],
"rights" :[],
"relation" :[],
"qualifiedRelation" :[],
"qualifiedAttribution" :[],
"previousVersion" :[],
"nextVersion" :[],
"landingPage" :["https://meta.icos-cp.eu/objects/GUNh_qU3AAmD7sHOoPxSl6GA"],
"isReferencedBy" :[],
"hasVersion" :[],
"hasPolicy" :[],
"hasCurrentVersion" :[],
"useConstraints" :[],
"status" :[],
"spatialRepresentationType" :[],
"spatialRepresentationInfo" :[],
"scope" :[],
"purpose" :[],
"otherLocale" :["https://meta.icos-cp.eu/objects/GUNh_qU3AAmD7sHOoPxSl6GA"],
"metadataProfile" :[],
"metadataLinkage" :[],
"metadataIdentifier" :[],
"environmentDescription" :[],
"distributionInfo" :[None],
"dataQualityInfo" :["Belgium"],
"contentInfo" :["ICOS OTC Raw Data, BE-SOOP-Simon-Stevin, 2020-11-19"],
"ResearchInfrastructure" :["ICOS"],
"EssentialVariables" :[],
"potentialTopics" :["data", "raw"]
}