{
"description" :["Nilsson, M., Peichl, M., Marklund, P., De Simon, G., Smith, P., Löfvenius, P., Dignam, R., Holst, J., Mölder, M., Andersson, T., Linderson, M., Lindgren, K., ICOS RI, 2020. ICOS ETC Bio Meteo Raw ASCII, Degero, 2020-03-22, https://hdl.handle.net/11676/n7MsxBLRbbVaS61_m11--mJ1"],
"identifier" :["https://hdl.handle.net/11676/n7MsxBLRbbVaS61_m11--mJ1"],
"keywords" :["ICOS"],
"language" :["English"],
"accessibilitySummary" :[],
"contact" :["Degero"],
"version" :[],
"temporalCoverage" :["2020-03-21T23:00:00Z/2020-03", "2020-03-21T23:00:00Z/2020-03-22T23:00:00Z"],
"publisher" :["data.icos-cp.eu"],
"spatial" :["Sweden"],
"license" :["https://creativecommons.org/licenses/by/4.0/"],
"citation" :[],
"genre" :["ICOS ETC Bio Meteo Raw ASCII, Degero, 2020-03-22", "https://meta.icos-cp.eu/objects/n7MsxBLRbbVaS61_m11--mJ1"],
"creator" :["Nilsson", "Mats Nilsson"", "Matthias", "Matthias Peichl"", "Peichl", "Marklund", "De Simon"", "Giuseppe", "Giuseppe De Simon"", "Smith", "Paul Smith", "Löfvenius", "Pernilla", "Pernilla Löfvenius"", "Dignam", "Rowan", "Rowan Dignam"", "http://meta.icos-cp.eu/resources/people/Jutta_Holst", "Holst", "Jutta", "Jutta Holst"", "Mölder", "Meelis", "Meelis Mölder", "Andersson", "Tommy", "Tommy Andersson"", "Linderson", "Maj-Lena"", "Maj-Lena Linderson"", "Lindgren", "Kim", "Kim Lindgren""],
"modificationDate" :["2020-03-23T00:40:16.197Z"],
"distribution" :[],
"image" :[],
"thumbnailUrl" :[],
"headline" :[],
"abstract" :[],
"theme" :[],
"dateCreated" :[],
"creditText" :[],
"datePublished" :["2020-03-23T00:40:17.994Z"],
"producer" :[],
"author" :[],
"spatialCoverage" :["Sweden"],
"url" :["https://meta.icos-cp.eu/objects/n7MsxBLRbbVaS61_m11--mJ1"],
"sponsor" :[],
"size" :[],
"sameAs" :["http://meta.icos-cp.eu/resources/stations/ES_SE-Deg"],
"publication" :[],
"provider" :[],
"position" :[],
"name" :["ICOS ETC Bio Meteo Raw ASCII, Degero, 2020-03-22"],
"measurementTechnique" :[],
"material" :[],
"maintainer" :[],
"locationCreated" :[],
"issn" :[],
"isPartOf" :[],
"isBasedOn" :[],
"isAccessibleForFree" :[],
"includedInDataCatalog" :[],
"editor" :[],
"editEIDR" :[],
"copyrightYear" :[],
"copyrightNotice" :[],
"copyrightHolder" :[],
"contributor" :[],
"contentReferenceTime" :[],
"contentLocation" :[],
"character" :[],
"acquireLicensePage" :["https://data.icos-cp.eu/licence"],
"accessModeSufficient" :[],
"about" :[],
"rights" :[],
"relation" :[270.0],
"qualifiedRelation" :[],
"qualifiedAttribution" :[],
"previousVersion" :[],
"nextVersion" :[],
"landingPage" :["https://meta.icos-cp.eu/objects/n7MsxBLRbbVaS61_m11--mJ1"],
"isReferencedBy" :[],
"hasVersion" :[],
"hasPolicy" :[],
"hasCurrentVersion" :[],
"useConstraints" :[],
"status" :[],
"spatialRepresentationType" :[],
"spatialRepresentationInfo" :[],
"scope" :[],
"purpose" :[],
"otherLocale" :["https://meta.icos-cp.eu/objects/n7MsxBLRbbVaS61_m11--mJ1"],
"metadataProfile" :[],
"metadataLinkage" :[],
"metadataIdentifier" :[],
"environmentDescription" :[],
"distributionInfo" :[None],
"dataQualityInfo" :["Sweden"],
"contentInfo" :["ICOS ETC Bio Meteo Raw ASCII, Degero, 2020-03-22"],
"ResearchInfrastructure" :["ICOS"],
"EssentialVariables" :[],
"potentialTopics" :["etc", "raw", "bio"]
}