{
"description" :["Marklund, P., ICOS RI, 2019. ICOS ATC Picarro data csv time series, Svartberget, 2019-04-15, https://hdl.handle.net/11676/pgGeDzIkbQ3KZg2JQtkJ1t49"],
"identifier" :["https://hdl.handle.net/11676/pgGeDzIkbQ3KZg2JQtkJ1t49"],
"keywords" :["ICOS"],
"language" :["English"],
"accessibilitySummary" :[],
"contact" :["Svartberget", "ATC Picarro"],
"version" :[],
"temporalCoverage" :["2019-04-15T00:00:00Z/2019", "2019-04-15T00:00:00Z/2019-04-15T23:59:59Z"],
"publisher" :["data.icos-cp.eu"],
"spatial" :["Sweden"],
"license" :["https://creativecommons.org/licenses/by/4.0/"],
"citation" :[],
"genre" :["ICOS ATC Picarro data csv time series, Svartberget, 2019-04-15", "https://meta.icos-cp.eu/objects/pgGeDzIkbQ3KZg2JQtkJ1t49"],
"creator" :["Marklund"],
"modificationDate" :["2019-04-16T11:55:57.439Z"],
"distribution" :[],
"image" :[],
"thumbnailUrl" :[],
"headline" :[],
"abstract" :[],
"theme" :[],
"dateCreated" :[],
"creditText" :[],
"datePublished" :["2019-04-16T11:56:23.130Z"],
"producer" :[],
"author" :[],
"spatialCoverage" :["Sweden"],
"url" :["https://meta.icos-cp.eu/objects/pgGeDzIkbQ3KZg2JQtkJ1t49"],
"sponsor" :[],
"size" :[],
"sameAs" :["http://meta.icos-cp.eu/resources/organizations/ATC"],
"publication" :[],
"provider" :[],
"position" :[],
"name" :["ICOS ATC Picarro data csv time series, Svartberget, 2019-04-15"],
"measurementTechnique" :[],
"material" :[],
"maintainer" :[],
"locationCreated" :[],
"issn" :[],
"isPartOf" :[],
"isBasedOn" :[],
"isAccessibleForFree" :[],
"includedInDataCatalog" :[],
"editor" :[],
"editEIDR" :[],
"copyrightYear" :[],
"copyrightNotice" :[],
"copyrightHolder" :[],
"contributor" :[],
"contentReferenceTime" :[],
"contentLocation" :[],
"character" :[],
"acquireLicensePage" :["https://data.icos-cp.eu/licence"],
"accessModeSufficient" :[],
"about" :[],
"rights" :[],
"relation" :[269.0],
"qualifiedRelation" :[],
"qualifiedAttribution" :[],
"previousVersion" :[],
"nextVersion" :[],
"landingPage" :["https://meta.icos-cp.eu/objects/pgGeDzIkbQ3KZg2JQtkJ1t49"],
"isReferencedBy" :[],
"hasVersion" :[],
"hasPolicy" :[],
"hasCurrentVersion" :[],
"useConstraints" :[],
"status" :[],
"spatialRepresentationType" :[],
"spatialRepresentationInfo" :[],
"scope" :[],
"purpose" :[],
"otherLocale" :["https://meta.icos-cp.eu/objects/pgGeDzIkbQ3KZg2JQtkJ1t49"],
"metadataProfile" :[],
"metadataLinkage" :[],
"metadataIdentifier" :[],
"environmentDescription" :[],
"distributionInfo" :[None],
"dataQualityInfo" :["Sweden"],
"contentInfo" :["ICOS ATC Picarro data csv time series, Svartberget, 2019-04-15"],
"ResearchInfrastructure" :["ICOS"],
"EssentialVariables" :[],
"potentialTopics" :["data", "time", "series"]
}