{
"description" :["Brümmer, C., Delorme, J., Schrader, F., ICOS RI, 2021. ICOS ETC Bio Meteo Raw ASCII, Gebesee, 2021-08-26, https://hdl.handle.net/11676/RiIOjC6EUDMiYLxDtdI58gRI"],
"identifier" :["https://hdl.handle.net/11676/RiIOjC6EUDMiYLxDtdI58gRI"],
"keywords" :["ICOS"],
"language" :["English"],
"accessibilitySummary" :[],
"contact" :["Gebesee"],
"version" :[],
"temporalCoverage" :["2021-08-25T23:00:00Z/2021-08", "2021-08-25T23:00:00Z/2021-08-26T23:00:00Z"],
"publisher" :["data.icos-cp.eu"],
"spatial" :["Germany"],
"license" :["https://creativecommons.org/licenses/by/4.0/"],
"citation" :[],
"genre" :["ICOS ETC Bio Meteo Raw ASCII, Gebesee, 2021-08-26", "https://meta.icos-cp.eu/objects/RiIOjC6EUDMiYLxDtdI58gRI"],
"creator" :["Brümmer", "Christian Brümmer"", "Jean-Pierre"", "Jean-Pierre Delorme"", "Schrader", "Frederik", "Frederik Schrader"],
"modificationDate" :["2021-08"],
"distribution" :[],
"image" :[],
"thumbnailUrl" :[],
"headline" :[],
"abstract" :[],
"theme" :[],
"dateCreated" :[],
"creditText" :[],
"datePublished" :["2021-08"],
"producer" :[],
"author" :[],
"spatialCoverage" :["Germany"],
"url" :["https://meta.icos-cp.eu/objects/RiIOjC6EUDMiYLxDtdI58gRI"],
"sponsor" :[],
"size" :[],
"sameAs" :["http://meta.icos-cp.eu/resources/stations/ES_DE-Geb"],
"publication" :[],
"provider" :[],
"position" :[],
"name" :["ICOS ETC Bio Meteo Raw ASCII, Gebesee, 2021-08-26"],
"measurementTechnique" :[],
"material" :[],
"maintainer" :[],
"locationCreated" :[],
"issn" :[],
"isPartOf" :[],
"isBasedOn" :[],
"isAccessibleForFree" :[],
"includedInDataCatalog" :[],
"editor" :[],
"editEIDR" :[],
"copyrightYear" :[],
"copyrightNotice" :[],
"copyrightHolder" :[],
"contributor" :[],
"contentReferenceTime" :[],
"contentLocation" :[],
"character" :[],
"acquireLicensePage" :["https://data.icos-cp.eu/licence"],
"accessModeSufficient" :[],
"about" :[],
"rights" :[],
"relation" :[161.5],
"qualifiedRelation" :[],
"qualifiedAttribution" :[],
"previousVersion" :[],
"nextVersion" :[],
"landingPage" :["https://meta.icos-cp.eu/objects/RiIOjC6EUDMiYLxDtdI58gRI"],
"isReferencedBy" :[],
"hasVersion" :[],
"hasPolicy" :[],
"hasCurrentVersion" :[],
"useConstraints" :[],
"status" :[],
"spatialRepresentationType" :[],
"spatialRepresentationInfo" :[],
"scope" :[],
"purpose" :[],
"otherLocale" :["https://meta.icos-cp.eu/objects/RiIOjC6EUDMiYLxDtdI58gRI"],
"metadataProfile" :[],
"metadataLinkage" :[],
"metadataIdentifier" :[],
"environmentDescription" :[],
"distributionInfo" :[None],
"dataQualityInfo" :["Germany"],
"contentInfo" :["ICOS ETC Bio Meteo Raw ASCII, Gebesee, 2021-08-26"],
"ResearchInfrastructure" :["ICOS"],
"EssentialVariables" :[],
"potentialTopics" :["raw", "etc", "bio"]
}