{
"description" :["Ramonet, M., Lopez, M., Kazan, V., Delmotte, M., ICOS RI, 2018. ICOS ATC Picarro data csv time series, Trainou, 2018-10-07, https://hdl.handle.net/11676/vhwAmQRLJohKpceeCneyLPSg"],
"identifier" :["https://hdl.handle.net/11676/vhwAmQRLJohKpceeCneyLPSg"],
"keywords" :["ICOS"],
"language" :["English"],
"accessibilitySummary" :[],
"contact" :["Trainou", "ATC Picarro"],
"version" :[],
"temporalCoverage" :["2018-10-07T00:00:00Z/2018-10", "2018-10-07T00:00:00Z/2018-10-07T23:59:59Z"],
"publisher" :["data.icos-cp.eu"],
"spatial" :["France"],
"license" :["https://creativecommons.org/licenses/by/4.0/"],
"citation" :[],
"genre" :["ICOS ATC Picarro data csv time series, Trainou, 2018-10-07", "https://meta.icos-cp.eu/objects/vhwAmQRLJohKpceeCneyLPSg"],
"creator" :["Ramonet", "Michel", "Michel Ramonet"", "Lopez", "Morgan", "Morgan Lopez"", "Kazan", "Victor", "Victor Kazan"", "Delmotte", "Marc", "Marc Delmotte"],
"modificationDate" :["2018-10-08T09:01:00.705Z"],
"distribution" :[],
"image" :[],
"thumbnailUrl" :[],
"headline" :[],
"abstract" :[],
"theme" :[],
"dateCreated" :[],
"creditText" :[],
"datePublished" :["2018-10"],
"producer" :[],
"author" :[],
"spatialCoverage" :["France"],
"url" :["https://meta.icos-cp.eu/objects/vhwAmQRLJohKpceeCneyLPSg"],
"sponsor" :[],
"size" :[],
"sameAs" :["http://meta.icos-cp.eu/resources/organizations/ATC"],
"publication" :[],
"provider" :[],
"position" :[],
"name" :["ICOS ATC Picarro data csv time series, Trainou, 2018-10-07"],
"measurementTechnique" :[],
"material" :[],
"maintainer" :[],
"locationCreated" :[],
"issn" :[],
"isPartOf" :[],
"isBasedOn" :[],
"isAccessibleForFree" :[],
"includedInDataCatalog" :[],
"editor" :[],
"editEIDR" :[],
"copyrightYear" :[],
"copyrightNotice" :[],
"copyrightHolder" :[],
"contributor" :[],
"contentReferenceTime" :[],
"contentLocation" :[],
"character" :[],
"acquireLicensePage" :["https://data.icos-cp.eu/licence"],
"accessModeSufficient" :[],
"about" :[],
"rights" :[],
"relation" :[131.0],
"qualifiedRelation" :[],
"qualifiedAttribution" :[],
"previousVersion" :[],
"nextVersion" :[],
"landingPage" :["https://meta.icos-cp.eu/objects/vhwAmQRLJohKpceeCneyLPSg"],
"isReferencedBy" :[],
"hasVersion" :[],
"hasPolicy" :[],
"hasCurrentVersion" :[],
"useConstraints" :[],
"status" :[],
"spatialRepresentationType" :[],
"spatialRepresentationInfo" :[],
"scope" :[],
"purpose" :[],
"otherLocale" :["https://meta.icos-cp.eu/objects/vhwAmQRLJohKpceeCneyLPSg"],
"metadataProfile" :[],
"metadataLinkage" :[],
"metadataIdentifier" :[],
"environmentDescription" :[],
"distributionInfo" :[None],
"dataQualityInfo" :["France"],
"contentInfo" :["ICOS ATC Picarro data csv time series, Trainou, 2018-10-07"],
"ResearchInfrastructure" :["ICOS"],
"EssentialVariables" :[],
"potentialTopics" :["data", "time", "series"]
}