{
"description" :["Schmidt, M., Dolfus, D., Esser, O., Graf, A., Mattes, J., ICOS RI, 2019. ICOS ETC Eddy Flux Raw ASCII daily archive, Selhausen Juelich, 2019-11-25, https://hdl.handle.net/11676/5MYD6udFl1XHQe3pSm0Ob8nE"],
"identifier" :["https://hdl.handle.net/11676/5MYD6udFl1XHQe3pSm0Ob8nE"],
"keywords" :["ICOS"],
"language" :["English"],
"accessibilitySummary" :[],
"contact" :["Selhausen Juelich"],
"version" :[],
"temporalCoverage" :["2019-11", "2019-11-24T23:00:00Z/2019-11-25T23:00:00Z"],
"publisher" :["data.icos-cp.eu"],
"spatial" :["Germany"],
"license" :["https://creativecommons.org/licenses/by/4.0/"],
"citation" :[],
"genre" :["ICOS ETC Eddy Flux Raw ASCII daily archive, Selhausen Juelich, 2019-11-25", "https://meta.icos-cp.eu/objects/5MYD6udFl1XHQe3pSm0Ob8nE"],
"creator" :["Schmidt", "Marius", "Marius Schmidt", "Dolfus", "Daniel"", "Daniel Dolfus"", "Esser", "Odilia Esser", "Alexander", "Alexander Graf"", "Judith", "Judith Mattes""],
"modificationDate" :["2019-11-25T23:16:28.311Z"],
"distribution" :[],
"image" :[],
"thumbnailUrl" :[],
"headline" :[],
"abstract" :[],
"theme" :[],
"dateCreated" :[],
"creditText" :[],
"datePublished" :["2019-11-25T23:16:30.539Z"],
"producer" :[],
"author" :[],
"spatialCoverage" :["Germany"],
"url" :["https://meta.icos-cp.eu/objects/5MYD6udFl1XHQe3pSm0Ob8nE"],
"sponsor" :[],
"size" :[],
"sameAs" :["http://meta.icos-cp.eu/resources/stations/ES_DE-RuS"],
"publication" :[],
"provider" :["Selhausen Juelich"],
"position" :[],
"name" :["ICOS ETC Eddy Flux Raw ASCII daily archive, Selhausen Juelich, 2019-11-25"],
"measurementTechnique" :[],
"material" :[],
"maintainer" :[],
"locationCreated" :[],
"issn" :[],
"isPartOf" :[],
"isBasedOn" :[],
"isAccessibleForFree" :[],
"includedInDataCatalog" :[],
"editor" :[],
"editEIDR" :[],
"copyrightYear" :[],
"copyrightNotice" :[],
"copyrightHolder" :[],
"contributor" :[],
"contentReferenceTime" :[],
"contentLocation" :[],
"character" :[],
"acquireLicensePage" :["https://data.icos-cp.eu/licence"],
"accessModeSufficient" :[],
"about" :[],
"rights" :[],
"relation" :[103.2],
"qualifiedRelation" :[],
"qualifiedAttribution" :[],
"previousVersion" :[],
"nextVersion" :[],
"landingPage" :["https://meta.icos-cp.eu/objects/5MYD6udFl1XHQe3pSm0Ob8nE"],
"isReferencedBy" :[],
"hasVersion" :[],
"hasPolicy" :[],
"hasCurrentVersion" :[],
"useConstraints" :[],
"status" :[],
"spatialRepresentationType" :[],
"spatialRepresentationInfo" :[],
"scope" :[],
"purpose" :[],
"otherLocale" :["https://meta.icos-cp.eu/objects/5MYD6udFl1XHQe3pSm0Ob8nE"],
"metadataProfile" :[],
"metadataLinkage" :[],
"metadataIdentifier" :[],
"environmentDescription" :[],
"distributionInfo" :[None],
"dataQualityInfo" :["Germany"],
"contentInfo" :["ICOS ETC Eddy Flux Raw ASCII daily archive, Selhausen Juelich, 2019-11-25"],
"ResearchInfrastructure" :["ICOS"],
"EssentialVariables" :[],
"potentialTopics" :["eddy", "archive", "flux", "etc", "raw", "daily"]
}