{
"description" :["Colomb, A., Ramonet, M., Yver-Kwok, C., Delmotte, M., Pichon, J., ICOS RI, 2020. ICOS ATC Los Gatos data csv time series, Puy de Dôme, 2020-06-26, https://hdl.handle.net/11676/nhfNcTxat1zC8cduhUgj1kvP"],
"identifier" :["https://hdl.handle.net/11676/nhfNcTxat1zC8cduhUgj1kvP"],
"keywords" :["ICOS"],
"language" :["English"],
"accessibilitySummary" :[],
"contact" :["Puy de Dôme", "ATC Los Gatos"],
"version" :[],
"temporalCoverage" :["2020-06", "2020-06-26T00:53:15Z/2020-06-26T22:53:30Z"],
"publisher" :["data.icos-cp.eu"],
"spatial" :["France"],
"license" :["https://creativecommons.org/licenses/by/4.0/"],
"citation" :[],
"genre" :["ICOS ATC Los Gatos data csv time series, Puy de Dôme, 2020-06-26", "https://meta.icos-cp.eu/objects/nhfNcTxat1zC8cduhUgj1kvP"],
"creator" :["Colomb", "Aurélie Colomb"", "Aurélie", "Ramonet", "Michel", "Michel Ramonet"", "Yver", "Camille", "Camille Yver-Kwok"", "Delmotte", "Marc", "Marc Delmotte", "Pichon", "Jean-Marc""],
"modificationDate" :["2020-06-30T09:20:11.856Z"],
"distribution" :[],
"image" :[],
"thumbnailUrl" :[],
"headline" :[],
"abstract" :[],
"theme" :[],
"dateCreated" :[],
"creditText" :[],
"datePublished" :["2020-06-30T09:20:12.907Z"],
"producer" :[],
"author" :[],
"spatialCoverage" :["France"],
"url" :["https://meta.icos-cp.eu/objects/nhfNcTxat1zC8cduhUgj1kvP"],
"sponsor" :[],
"size" :[],
"sameAs" :["http://meta.icos-cp.eu/resources/organizations/ATC"],
"publication" :[],
"provider" :[],
"position" :[],
"name" :["ICOS ATC Los Gatos data csv time series, Puy de Dôme, 2020-06-26"],
"measurementTechnique" :[],
"material" :[],
"maintainer" :[],
"locationCreated" :[],
"issn" :[],
"isPartOf" :[],
"isBasedOn" :[],
"isAccessibleForFree" :[],
"includedInDataCatalog" :[],
"editor" :[],
"editEIDR" :[],
"copyrightYear" :[],
"copyrightNotice" :[],
"copyrightHolder" :[],
"contributor" :[],
"contentReferenceTime" :[],
"contentLocation" :[],
"character" :[],
"acquireLicensePage" :["https://data.icos-cp.eu/licence"],
"accessModeSufficient" :[],
"about" :[],
"rights" :[],
"relation" :[1465.0],
"qualifiedRelation" :[],
"qualifiedAttribution" :[],
"previousVersion" :[],
"nextVersion" :[],
"landingPage" :["https://meta.icos-cp.eu/objects/nhfNcTxat1zC8cduhUgj1kvP"],
"isReferencedBy" :[],
"hasVersion" :[],
"hasPolicy" :[],
"hasCurrentVersion" :[],
"useConstraints" :[],
"status" :[],
"spatialRepresentationType" :[],
"spatialRepresentationInfo" :[],
"scope" :[],
"purpose" :[],
"otherLocale" :["https://meta.icos-cp.eu/objects/nhfNcTxat1zC8cduhUgj1kvP"],
"metadataProfile" :[],
"metadataLinkage" :[],
"metadataIdentifier" :[],
"environmentDescription" :[],
"distributionInfo" :[None],
"dataQualityInfo" :["France"],
"contentInfo" :["ICOS ATC Los Gatos data csv time series, Puy de Dôme, 2020-06-26"],
"ResearchInfrastructure" :["ICOS"],
"EssentialVariables" :[],
"potentialTopics" :["series", "data", "time"]
}