{
"description" :["Loubet, B., Buysse, P., Durand, B., ICOS RI, 2021. ICOS ETC Bio Meteo Raw ASCII, Grignon, 2021-03-21, https://hdl.handle.net/11676/eqhI4DlNxw3KJH0H3-duLLmU"],
"identifier" :["https://hdl.handle.net/11676/eqhI4DlNxw3KJH0H3-duLLmU"],
"keywords" :["ICOS"],
"language" :["English"],
"accessibilitySummary" :[],
"contact" :["Grignon"],
"version" :[],
"temporalCoverage" :["2021-03-20T23:00:00Z/2021-03", "2021-03-20T23:00:00Z/2021-03-21T23:00:00Z"],
"publisher" :["data.icos-cp.eu"],
"spatial" :["France", "1.945698"],
"license" :["https://creativecommons.org/licenses/by/4.0/"],
"citation" :[],
"genre" :["ICOS ETC Bio Meteo Raw ASCII, Grignon, 2021-03-21", "https://meta.icos-cp.eu/objects/eqhI4DlNxw3KJH0H3-duLLmU"],
"creator" :["Loubet", "Benjamin", "Benjamin Loubet"", "http://meta.icos-cp.eu/resources/people/Pauline_Buysse", "Buysse", "Pauline", "Pauline Buysse"", "Durand", "Brigitte", "Brigitte Durand"],
"modificationDate" :["2021-03-22T00:03:40.700Z"],
"distribution" :[],
"image" :[],
"thumbnailUrl" :[],
"headline" :[],
"abstract" :[],
"theme" :[],
"dateCreated" :[],
"creditText" :[],
"datePublished" :["2021-03-22T00:03:43.386Z"],
"producer" :[],
"author" :[],
"spatialCoverage" :["France", "1.945698"],
"url" :["https://meta.icos-cp.eu/objects/eqhI4DlNxw3KJH0H3-duLLmU"],
"sponsor" :[],
"size" :[],
"sameAs" :["http://meta.icos-cp.eu/resources/stations/ES_FR-Gri"],
"publication" :[],
"provider" :[],
"position" :[],
"name" :["ICOS ETC Bio Meteo Raw ASCII, Grignon, 2021-03-21"],
"measurementTechnique" :[],
"material" :[],
"maintainer" :[],
"locationCreated" :[],
"issn" :[],
"isPartOf" :[],
"isBasedOn" :[],
"isAccessibleForFree" :[],
"includedInDataCatalog" :[],
"editor" :[],
"editEIDR" :[],
"copyrightYear" :[],
"copyrightNotice" :[],
"copyrightHolder" :[],
"contributor" :[],
"contentReferenceTime" :[],
"contentLocation" :[],
"character" :[],
"acquireLicensePage" :["https://data.icos-cp.eu/licence"],
"accessModeSufficient" :[],
"about" :[],
"rights" :[],
"relation" :[125.0],
"qualifiedRelation" :[],
"qualifiedAttribution" :[],
"previousVersion" :[],
"nextVersion" :[],
"landingPage" :["https://meta.icos-cp.eu/objects/eqhI4DlNxw3KJH0H3-duLLmU"],
"isReferencedBy" :[],
"hasVersion" :[],
"hasPolicy" :[],
"hasCurrentVersion" :[],
"useConstraints" :[],
"status" :[],
"spatialRepresentationType" :[],
"spatialRepresentationInfo" :[],
"scope" :[],
"purpose" :[],
"otherLocale" :["https://meta.icos-cp.eu/objects/eqhI4DlNxw3KJH0H3-duLLmU"],
"metadataProfile" :[],
"metadataLinkage" :[],
"metadataIdentifier" :[],
"environmentDescription" :[],
"distributionInfo" :[None],
"dataQualityInfo" :["France"],
"contentInfo" :["ICOS ETC Bio Meteo Raw ASCII, Grignon, 2021-03-21"],
"ResearchInfrastructure" :["ICOS"],
"EssentialVariables" :[],
"potentialTopics" :["etc", "raw", "bio"]
}