{
"description" :["De Meulder, T., Lefevre, L., Roland, M., Segers, J., Van Look, J., ICOS RI, 2020. ICOS ETC Bio Meteo Raw ASCII, Lochristi, 2020-11-17, https://hdl.handle.net/11676/FCfMtZGc7c41IppMRPXhKXtF"],
"identifier" :["https://hdl.handle.net/11676/FCfMtZGc7c41IppMRPXhKXtF"],
"keywords" :["ICOS"],
"language" :["English"],
"accessibilitySummary" :[],
"contact" :["Lochristi"],
"version" :[],
"temporalCoverage" :["2020-11-16T23:00:00Z/2020-11", "2020-11-16T23:00:00Z/2020-11-17T23:00:00Z"],
"publisher" :["data.icos-cp.eu"],
"spatial" :["Belgium"],
"license" :["https://creativecommons.org/licenses/by/4.0/"],
"citation" :[],
"genre" :["ICOS ETC Bio Meteo Raw ASCII, Lochristi, 2020-11-17", "https://meta.icos-cp.eu/objects/FCfMtZGc7c41IppMRPXhKXtF"],
"creator" :["Tim", "Tim De Meulder"", "Lefevre", "Lodewijk", "Lodewijk Lefevre"", "Roland", "Marilyn", "Marilyn Roland", "Jan Segers"", "Van Look"", "Jasper", "Jasper Van Look""],
"modificationDate" :["2020-11"],
"distribution" :[],
"image" :[],
"thumbnailUrl" :[],
"headline" :[],
"abstract" :[],
"theme" :[],
"dateCreated" :[],
"creditText" :[],
"datePublished" :["2020-11-18T00:10:05.552Z"],
"producer" :[],
"author" :[],
"spatialCoverage" :["Belgium"],
"url" :["https://meta.icos-cp.eu/objects/FCfMtZGc7c41IppMRPXhKXtF"],
"sponsor" :[],
"size" :[],
"sameAs" :["http://meta.icos-cp.eu/resources/stations/ES_BE-Lcr"],
"publication" :[],
"provider" :[],
"position" :[],
"name" :["ICOS ETC Bio Meteo Raw ASCII, Lochristi, 2020-11-17"],
"measurementTechnique" :[],
"material" :[],
"maintainer" :[],
"locationCreated" :[],
"issn" :[],
"isPartOf" :[],
"isBasedOn" :[],
"isAccessibleForFree" :[],
"includedInDataCatalog" :[],
"editor" :[],
"editEIDR" :[],
"copyrightYear" :[],
"copyrightNotice" :[],
"copyrightHolder" :[],
"contributor" :[],
"contentReferenceTime" :[],
"contentLocation" :[],
"character" :[],
"acquireLicensePage" :["https://data.icos-cp.eu/licence"],
"accessModeSufficient" :[],
"about" :[],
"rights" :[],
"relation" :[6.25],
"qualifiedRelation" :[],
"qualifiedAttribution" :[],
"previousVersion" :[],
"nextVersion" :[],
"landingPage" :["https://meta.icos-cp.eu/objects/FCfMtZGc7c41IppMRPXhKXtF"],
"isReferencedBy" :[],
"hasVersion" :[],
"hasPolicy" :[],
"hasCurrentVersion" :[],
"useConstraints" :[],
"status" :[],
"spatialRepresentationType" :[],
"spatialRepresentationInfo" :[],
"scope" :[],
"purpose" :[],
"otherLocale" :["https://meta.icos-cp.eu/objects/FCfMtZGc7c41IppMRPXhKXtF"],
"metadataProfile" :[],
"metadataLinkage" :[],
"metadataIdentifier" :[],
"environmentDescription" :[],
"distributionInfo" :[None],
"dataQualityInfo" :["Belgium"],
"contentInfo" :["ICOS ETC Bio Meteo Raw ASCII, Lochristi, 2020-11-17"],
"ResearchInfrastructure" :["ICOS"],
"EssentialVariables" :[],
"potentialTopics" :["etc", "bio", "raw"]
}