{
"description" :["Heliasz, M., Biermann, T., Holst, J., Holst, T., Linderson, M., Mölder, M., Rinne, J., ICOS RI, 2019. ICOS ETC Bio Meteo Raw ASCII, Hyltemossa, 2019-08-16, https://hdl.handle.net/11676/oy1hPDSHzB2B2rL7YFP5ULr4"],
"identifier" :["https://hdl.handle.net/11676/oy1hPDSHzB2B2rL7YFP5ULr4"],
"keywords" :["ICOS"],
"language" :["English"],
"accessibilitySummary" :[],
"contact" :[],
"version" :[],
"temporalCoverage" :["2019-08", "2019-08-15T23:00:00Z/2019-08-16T23:00:00Z"],
"publisher" :["data.icos-cp.eu"],
"spatial" :["Sweden"],
"license" :["https://creativecommons.org/licenses/by/4.0/"],
"citation" :[],
"genre" :["ICOS ETC Bio Meteo Raw ASCII, Hyltemossa, 2019-08-16", "https://meta.icos-cp.eu/objects/oy1hPDSHzB2B2rL7YFP5ULr4"],
"creator" :["Heliasz", "Michal", "Michal Heliasz"", "http://meta.icos-cp.eu/resources/people/Tobias_Biermann", "Biermann", "Tobias", "Tobias Biermann", "http://meta.icos-cp.eu/resources/people/Jutta_Holst", "Holst", "Jutta", "Jutta Holst"", "http://meta.icos-cp.eu/resources/people/Thomas_Holst", "Thomas", "Thomas Holst"", "Linderson", "Maj-Lena"", "Maj-Lena Linderson"", "Mölder", "Meelis", "Meelis Mölder", "Rinne", "Janne", "Janne Rinne"", "http://meta.icos-cp.eu/resources/people/Janne_Rinne"],
"modificationDate" :["2019-08-17T02:13:40.452Z"],
"distribution" :[],
"image" :[],
"thumbnailUrl" :[],
"headline" :[],
"abstract" :[],
"theme" :[],
"dateCreated" :[],
"creditText" :[],
"datePublished" :["2019-08-17T02:13:40.972Z"],
"producer" :[],
"author" :[],
"spatialCoverage" :["Sweden"],
"url" :["https://meta.icos-cp.eu/objects/oy1hPDSHzB2B2rL7YFP5ULr4"],
"sponsor" :[],
"size" :[],
"sameAs" :["http://meta.icos-cp.eu/resources/stations/ES_SE-Htm"],
"publication" :[],
"provider" :[],
"position" :[],
"name" :["ICOS ETC Bio Meteo Raw ASCII, Hyltemossa, 2019-08-16"],
"measurementTechnique" :[],
"material" :[],
"maintainer" :[],
"locationCreated" :[],
"issn" :[],
"isPartOf" :[],
"isBasedOn" :[],
"isAccessibleForFree" :[],
"includedInDataCatalog" :[],
"editor" :[],
"editEIDR" :[],
"copyrightYear" :[],
"copyrightNotice" :[],
"copyrightHolder" :[],
"contributor" :[],
"contentReferenceTime" :[],
"contentLocation" :[],
"character" :[],
"acquireLicensePage" :["https://data.icos-cp.eu/licence"],
"accessModeSufficient" :[],
"about" :[],
"rights" :[],
"relation" :[115.0],
"qualifiedRelation" :[],
"qualifiedAttribution" :[],
"previousVersion" :[],
"nextVersion" :[],
"landingPage" :["https://meta.icos-cp.eu/objects/oy1hPDSHzB2B2rL7YFP5ULr4"],
"isReferencedBy" :[],
"hasVersion" :[],
"hasPolicy" :[],
"hasCurrentVersion" :[],
"useConstraints" :[],
"status" :[],
"spatialRepresentationType" :[],
"spatialRepresentationInfo" :[],
"scope" :[],
"purpose" :[],
"otherLocale" :["https://meta.icos-cp.eu/objects/oy1hPDSHzB2B2rL7YFP5ULr4"],
"metadataProfile" :[],
"metadataLinkage" :[],
"metadataIdentifier" :[],
"environmentDescription" :[],
"distributionInfo" :[None],
"dataQualityInfo" :["Sweden"],
"contentInfo" :["ICOS ETC Bio Meteo Raw ASCII, Hyltemossa, 2019-08-16"],
"ResearchInfrastructure" :["ICOS"],
"EssentialVariables" :[],
"potentialTopics" :["bio", "etc", "raw"]
}