{
"description" :["Ramonet, M., Kazan, V., Delmotte, M., ICOS RI, 2020. ICOS ATC Picarro data csv time series, Saclay, 2020-10-21, https://hdl.handle.net/11676/csxssgVei7O_ehuqXI4-rL32"],
"identifier" :["https://hdl.handle.net/11676/csxssgVei7O_ehuqXI4-rL32"],
"keywords" :["ICOS"],
"language" :["English"],
"accessibilitySummary" :[],
"contact" :["Saclay", "ATC Picarro"],
"version" :[],
"temporalCoverage" :["2020-10", "2020-10-21T00:00:01Z/2020-10-21T23:59:58Z"],
"publisher" :["data.icos-cp.eu"],
"spatial" :["France"],
"license" :["https://creativecommons.org/licenses/by/4.0/"],
"citation" :[],
"genre" :["ICOS ATC Picarro data csv time series, Saclay, 2020-10-21", "https://meta.icos-cp.eu/objects/csxssgVei7O_ehuqXI4-rL32"],
"creator" :["Ramonet", "Michel", "Michel Ramonet"", "Kazan", "Victor", "Victor Kazan"", "Delmotte", "Marc", "Marc Delmotte"],
"modificationDate" :["2020-10"],
"distribution" :[],
"image" :[],
"thumbnailUrl" :[],
"headline" :[],
"abstract" :[],
"theme" :[],
"dateCreated" :[],
"creditText" :[],
"datePublished" :["2020-10-22T09:00:36.882Z"],
"producer" :[],
"author" :[],
"spatialCoverage" :["France"],
"url" :["https://meta.icos-cp.eu/objects/csxssgVei7O_ehuqXI4-rL32"],
"sponsor" :[],
"size" :[],
"sameAs" :["http://meta.icos-cp.eu/resources/organizations/ATC"],
"publication" :[],
"provider" :[],
"position" :[],
"name" :["ICOS ATC Picarro data csv time series, Saclay, 2020-10-21"],
"measurementTechnique" :[],
"material" :[],
"maintainer" :[],
"locationCreated" :[],
"issn" :[],
"isPartOf" :[],
"isBasedOn" :[],
"isAccessibleForFree" :[],
"includedInDataCatalog" :[],
"editor" :[],
"editEIDR" :[],
"copyrightYear" :[],
"copyrightNotice" :[],
"copyrightHolder" :[],
"contributor" :[],
"contentReferenceTime" :[],
"contentLocation" :[],
"character" :[],
"acquireLicensePage" :["https://data.icos-cp.eu/licence"],
"accessModeSufficient" :[],
"about" :[],
"rights" :[],
"relation" :[160.0],
"qualifiedRelation" :[],
"qualifiedAttribution" :[],
"previousVersion" :[],
"nextVersion" :[],
"landingPage" :["https://meta.icos-cp.eu/objects/csxssgVei7O_ehuqXI4-rL32"],
"isReferencedBy" :[],
"hasVersion" :[],
"hasPolicy" :[],
"hasCurrentVersion" :[],
"useConstraints" :[],
"status" :[],
"spatialRepresentationType" :[],
"spatialRepresentationInfo" :[],
"scope" :[],
"purpose" :[],
"otherLocale" :["https://meta.icos-cp.eu/objects/csxssgVei7O_ehuqXI4-rL32"],
"metadataProfile" :[],
"metadataLinkage" :[],
"metadataIdentifier" :[],
"environmentDescription" :[],
"distributionInfo" :[None],
"dataQualityInfo" :["France"],
"contentInfo" :["ICOS ATC Picarro data csv time series, Saclay, 2020-10-21"],
"ResearchInfrastructure" :["ICOS"],
"EssentialVariables" :[],
"potentialTopics" :["time", "data", "series"]
}