{
"description" :["Gharun, M., Baur, T., Etzold, S., Eugster, W., Gessler, A., Hug, C., Hörtnagl, L., Kumar, S., Liechti, K., Marty, M., Meier, P., Schmitt Oehler, M., Stutz, T., Sutter, F., Thimonier Rickenmann, A., Waldner, P., Zimmermann, S., Zweifel, R., ICOS RI, 2020. ICOS ETC Bio Meteo Raw ASCII, Davos, 2020-03-30, https://hdl.handle.net/11676/3gH8yjCtaMnEqCKujt6k_Bjg"],
"identifier" :["https://hdl.handle.net/11676/3gH8yjCtaMnEqCKujt6k_Bjg"],
"keywords" :["ICOS"],
"language" :["English"],
"accessibilitySummary" :[],
"contact" :["Davos"],
"version" :[],
"temporalCoverage" :["2020-03", "2020-03-29T23:00:00Z/2020-03-30T23:00:00Z"],
"publisher" :["data.icos-cp.eu"],
"spatial" :["Switzerland"],
"license" :["https://creativecommons.org/licenses/by/4.0/"],
"citation" :[],
"genre" :["ICOS ETC Bio Meteo Raw ASCII, Davos, 2020-03-30", "https://meta.icos-cp.eu/objects/3gH8yjCtaMnEqCKujt6k_Bjg"],
"creator" :["Mana", "Mana Gharun"", "Baur", "Thomas", "Thomas Baur"", "Etzold", "Sophia", "Sophia Etzold"", "Eugster", "Werner", "Werner Eugster"", "Gessler", "Arthur", "Arthur Gessler"", "Hörtnagl", "Lukas", "Lukas Hörtnagl"", "Kumar", "Simpal", "Simpal Kumar"", "http://meta.icos-cp.eu/resources/people/K%C3%A4thi_Liechti", "Liechti", "Käthi Liechti", "Marty", "Mauro", "Mauro Marty", "Meier", "Philip", "Philip Meier"", "Schmitt Oehler"", "Maria", "Maria Schmitt Oehler"", "Stutz", "Tanja", "Tanja Stutz"", "Flurin", "Flurin Sutter"", "Thimonier Rickenmann"", "Anne", "Anne Thimonier Rickenmann"", "Waldner", "Peter", "Peter Waldner", "http://meta.icos-cp.eu/resources/people/Stephan_Zimmermann", "Zimmermann", "Stephan", "Stephan Zimmermann", "Zweifel", "Roman", "Roman Zweifel""],
"modificationDate" :["2020-03"],
"distribution" :[],
"image" :[],
"thumbnailUrl" :[],
"headline" :[],
"abstract" :[],
"theme" :[],
"dateCreated" :[],
"creditText" :[],
"datePublished" :[],
"producer" :[],
"author" :[],
"spatialCoverage" :["Switzerland"],
"url" :["https://meta.icos-cp.eu/objects/3gH8yjCtaMnEqCKujt6k_Bjg"],
"sponsor" :[],
"size" :[],
"sameAs" :["http://meta.icos-cp.eu/resources/stations/ES_CH-Dav"],
"publication" :[],
"provider" :["Davos"],
"position" :[],
"name" :["ICOS ETC Bio Meteo Raw ASCII, Davos, 2020-03-30"],
"measurementTechnique" :[],
"material" :[],
"maintainer" :[],
"locationCreated" :[],
"issn" :[],
"isPartOf" :[],
"isBasedOn" :[],
"isAccessibleForFree" :[],
"includedInDataCatalog" :[],
"editor" :[],
"editEIDR" :[],
"copyrightYear" :[],
"copyrightNotice" :[],
"copyrightHolder" :[],
"contributor" :[],
"contentReferenceTime" :[],
"contentLocation" :[],
"character" :[],
"acquireLicensePage" :["https://data.icos-cp.eu/licence"],
"accessModeSufficient" :[],
"about" :[],
"rights" :[],
"relation" :[1689.0],
"qualifiedRelation" :[],
"qualifiedAttribution" :[],
"previousVersion" :[],
"nextVersion" :[],
"landingPage" :["https://meta.icos-cp.eu/objects/3gH8yjCtaMnEqCKujt6k_Bjg"],
"isReferencedBy" :[],
"hasVersion" :[],
"hasPolicy" :[],
"hasCurrentVersion" :[],
"useConstraints" :[],
"status" :[],
"spatialRepresentationType" :[],
"spatialRepresentationInfo" :[],
"scope" :[],
"purpose" :[],
"otherLocale" :["https://meta.icos-cp.eu/objects/3gH8yjCtaMnEqCKujt6k_Bjg"],
"metadataProfile" :[],
"metadataLinkage" :[],
"metadataIdentifier" :[],
"environmentDescription" :[],
"distributionInfo" :[None],
"dataQualityInfo" :["Switzerland"],
"contentInfo" :["ICOS ETC Bio Meteo Raw ASCII, Davos, 2020-03-30"],
"ResearchInfrastructure" :["ICOS"],
"EssentialVariables" :[],
"potentialTopics" :["bio", "etc", "raw"]
}