{
"description" :["Ramonet, M., Conil, S., Delmotte, M., Laurent, O., ICOS RI, 2018. ICOS ATC Meteorological data csv time series, Observatoire pérenne de l"environnement, 2018-02-08, https://hdl.handle.net/11676/NzMYLpWXuW2Y2nbmW_vWF1mo"],
"identifier" :["https://hdl.handle.net/11676/NzMYLpWXuW2Y2nbmW_vWF1mo"],
"keywords" :["ICOS"],
"language" :["English"],
"accessibilitySummary" :[],
"contact" :["Observatoire", "pérenne de l"environnement", "ATC"],
"version" :[],
"temporalCoverage" :["2018-02-08T00:00:00Z/2018-02-08T23:59:00Z"],
"publisher" :["data.icos-cp.eu"],
"spatial" :["France"],
"license" :["https://creativecommons.org/licenses/by/4.0/"],
"citation" :[],
"genre" :["ICOS ATC Meteorological data csv time series, Observatoire pérenne de l"environnement, 2018-02-08", "https://meta.icos-cp.eu/objects/NzMYLpWXuW2Y2nbmW_vWF1mo"],
"creator" :["Ramonet", "Michel", "Michel Ramonet"", "http://meta.icos-cp.eu/resources/people/S%C3%A9bastien_Conil", "Conil", "Sébastien", "Sébastien Conil"", "Delmotte", "Marc", "Marc Delmotte", "Laurent", "Olivier", "Olivier Laurent""],
"modificationDate" :["2018-06-26T09:50:54.268Z"],
"distribution" :[],
"image" :[],
"thumbnailUrl" :[],
"headline" :[],
"abstract" :[],
"theme" :[],
"dateCreated" :[],
"creditText" :[],
"datePublished" :["2018-06-26T09:50:54.675Z"],
"producer" :[],
"author" :[],
"spatialCoverage" :["France"],
"url" :["https://meta.icos-cp.eu/objects/NzMYLpWXuW2Y2nbmW_vWF1mo"],
"sponsor" :[],
"size" :[],
"sameAs" :["http://meta.icos-cp.eu/resources/organizations/ATC"],
"publication" :[],
"provider" :[],
"position" :[],
"name" :["ICOS ATC Meteorological data csv time series, Observatoire pérenne de l"environnement, 2018-02-08"],
"measurementTechnique" :[],
"material" :[],
"maintainer" :[],
"locationCreated" :[],
"issn" :[],
"isPartOf" :[],
"isBasedOn" :[],
"isAccessibleForFree" :[],
"includedInDataCatalog" :[],
"editor" :[],
"editEIDR" :[],
"copyrightYear" :[],
"copyrightNotice" :[],
"copyrightHolder" :[],
"contributor" :[],
"contentReferenceTime" :[],
"contentLocation" :[],
"character" :[],
"acquireLicensePage" :["https://data.icos-cp.eu/licence"],
"accessModeSufficient" :[],
"about" :[],
"rights" :[],
"relation" :[390.0],
"qualifiedRelation" :[],
"qualifiedAttribution" :[],
"previousVersion" :[],
"nextVersion" :[],
"landingPage" :["https://meta.icos-cp.eu/objects/NzMYLpWXuW2Y2nbmW_vWF1mo"],
"isReferencedBy" :[],
"hasVersion" :[],
"hasPolicy" :[],
"hasCurrentVersion" :[],
"useConstraints" :[],
"status" :[],
"spatialRepresentationType" :[],
"spatialRepresentationInfo" :[],
"scope" :[],
"purpose" :[],
"otherLocale" :["https://meta.icos-cp.eu/objects/NzMYLpWXuW2Y2nbmW_vWF1mo"],
"metadataProfile" :[],
"metadataLinkage" :[],
"metadataIdentifier" :[],
"environmentDescription" :[],
"distributionInfo" :[None],
"dataQualityInfo" :["France"],
"contentInfo" :["ICOS ATC Meteorological data csv time series, Observatoire pérenne de l"environnement, 2018-02-08"],
"ResearchInfrastructure" :["ICOS"],
"EssentialVariables" :[],
"potentialTopics" :["series", "time", "data", "meteorological"]
}