{
"description" :["Bernhofer, C., Eichelmann, U., Grünwald, T., Hehn, M., Moderow, U., ICOS RI, 2020. ICOS ETC Eddy Flux Raw ASCII daily archive, Tharandt, 2020-10-04, https://hdl.handle.net/11676/30A7QAmeBcKHtFSN7CGtHLq4"],
"identifier" :["https://hdl.handle.net/11676/30A7QAmeBcKHtFSN7CGtHLq4"],
"keywords" :["ICOS"],
"language" :["English"],
"accessibilitySummary" :[],
"contact" :["Tharandt"],
"version" :[],
"temporalCoverage" :["2020-10", "2020-10-03T23:00:00Z/2020-10-04T23:00:00Z"],
"publisher" :["data.icos-cp.eu"],
"spatial" :["Germany"],
"license" :["https://creativecommons.org/licenses/by/4.0/"],
"citation" :[],
"genre" :["ICOS ETC Eddy Flux Raw ASCII daily archive, Tharandt, 2020-10-04", "https://meta.icos-cp.eu/objects/30A7QAmeBcKHtFSN7CGtHLq4"],
"creator" :["http://meta.icos-cp.eu/resources/people/Christian_Bernhofer", "Christian Bernhofer"", "Bernhofer", "Eichelmann", "Uwe", "Uwe Eichelmann"", "Grünwald", "Thomas", "Thomas Grünwald"", "Markus", "Markus Hehn"", "Moderow", "Uta", "Uta Moderow""],
"modificationDate" :["2020-10"],
"distribution" :[],
"image" :[],
"thumbnailUrl" :[],
"headline" :[],
"abstract" :[],
"theme" :[],
"dateCreated" :[],
"creditText" :[],
"datePublished" :["2020-10"],
"producer" :[],
"author" :[],
"spatialCoverage" :["Germany"],
"url" :["https://meta.icos-cp.eu/objects/30A7QAmeBcKHtFSN7CGtHLq4"],
"sponsor" :[],
"size" :[],
"sameAs" :["http://meta.icos-cp.eu/resources/stations/ES_DE-Tha"],
"publication" :[],
"provider" :[],
"position" :[],
"name" :["ICOS ETC Eddy Flux Raw ASCII daily archive, Tharandt, 2020-10-04"],
"measurementTechnique" :[],
"material" :[],
"maintainer" :[],
"locationCreated" :[],
"issn" :[],
"isPartOf" :[],
"isBasedOn" :[],
"isAccessibleForFree" :[],
"includedInDataCatalog" :[],
"editor" :[],
"editEIDR" :[],
"copyrightYear" :[],
"copyrightNotice" :[],
"copyrightHolder" :[],
"contributor" :[],
"contentReferenceTime" :[],
"contentLocation" :[],
"character" :[],
"acquireLicensePage" :["https://data.icos-cp.eu/licence"],
"accessModeSufficient" :[],
"about" :[],
"rights" :[],
"relation" :[380.0],
"qualifiedRelation" :[],
"qualifiedAttribution" :[],
"previousVersion" :[],
"nextVersion" :[],
"landingPage" :["https://meta.icos-cp.eu/objects/30A7QAmeBcKHtFSN7CGtHLq4"],
"isReferencedBy" :[],
"hasVersion" :[],
"hasPolicy" :[],
"hasCurrentVersion" :[],
"useConstraints" :[],
"status" :[],
"spatialRepresentationType" :[],
"spatialRepresentationInfo" :[],
"scope" :[],
"purpose" :[],
"otherLocale" :["https://meta.icos-cp.eu/objects/30A7QAmeBcKHtFSN7CGtHLq4"],
"metadataProfile" :[],
"metadataLinkage" :[],
"metadataIdentifier" :[],
"environmentDescription" :[],
"distributionInfo" :[None],
"dataQualityInfo" :["Germany"],
"contentInfo" :["ICOS ETC Eddy Flux Raw ASCII daily archive, Tharandt, 2020-10-04"],
"ResearchInfrastructure" :["ICOS"],
"EssentialVariables" :[],
"potentialTopics" :["flux", "etc", "daily", "archive", "raw", "eddy"]
}