{
"description" :["Marek, M., Vítková, G., Komínková, K., ICOS RI, 2019. ICOS ATC Picarro data csv time series, Křešín u Pacova, 2019-03-04, https://hdl.handle.net/11676/z1-YTBWoLstOf0PmiGJHyhMy"],
"identifier" :["https://hdl.handle.net/11676/z1-YTBWoLstOf0PmiGJHyhMy"],
"keywords" :["ICOS"],
"language" :["English"],
"accessibilitySummary" :[],
"contact" :["Křešín u Pacova", "ATC Picarro"],
"version" :[],
"temporalCoverage" :["2019-03-04T00:00:00Z/2019-03", "2019-03-04T00:00:00Z/2019-03-04T23:59:58Z"],
"publisher" :["data.icos-cp.eu"],
"spatial" :[],
"license" :["https://creativecommons.org/licenses/by/4.0/"],
"citation" :[],
"genre" :["ICOS ATC Picarro data csv time series, Křešín u Pacova, 2019-03-04", "https://meta.icos-cp.eu/objects/z1-YTBWoLstOf0PmiGJHyhMy"],
"creator" :["Marek", "Michal", "Michal Marek"", "Vítková", "Gabriela", "Gabriela Vítková"", "Komínková", "Kateřina", "Kateřina Komínková"],
"modificationDate" :["2019-03-06T13:05:52.589Z"],
"distribution" :[],
"image" :[],
"thumbnailUrl" :[],
"headline" :[],
"abstract" :[],
"theme" :[],
"dateCreated" :[],
"creditText" :[],
"datePublished" :["2019-03-06T13:06:03.765Z"],
"producer" :[],
"author" :[],
"spatialCoverage" :[],
"url" :["https://meta.icos-cp.eu/objects/z1-YTBWoLstOf0PmiGJHyhMy"],
"sponsor" :[],
"size" :[],
"sameAs" :["http://meta.icos-cp.eu/resources/organizations/ATC"],
"publication" :[],
"provider" :[],
"position" :[],
"name" :["ICOS ATC Picarro data csv time series, Křešín u Pacova, 2019-03-04"],
"measurementTechnique" :[],
"material" :[],
"maintainer" :[],
"locationCreated" :[],
"issn" :[],
"isPartOf" :[],
"isBasedOn" :[],
"isAccessibleForFree" :[],
"includedInDataCatalog" :[],
"editor" :[],
"editEIDR" :[],
"copyrightYear" :[],
"copyrightNotice" :[],
"copyrightHolder" :[],
"contributor" :[],
"contentReferenceTime" :[],
"contentLocation" :[],
"character" :[],
"acquireLicensePage" :["https://data.icos-cp.eu/licence"],
"accessModeSufficient" :[],
"about" :[],
"rights" :[],
"relation" :[534.0],
"qualifiedRelation" :[],
"qualifiedAttribution" :[],
"previousVersion" :[],
"nextVersion" :[],
"landingPage" :["https://meta.icos-cp.eu/objects/z1-YTBWoLstOf0PmiGJHyhMy"],
"isReferencedBy" :[],
"hasVersion" :[],
"hasPolicy" :[],
"hasCurrentVersion" :[],
"useConstraints" :[],
"status" :[],
"spatialRepresentationType" :[],
"spatialRepresentationInfo" :[],
"scope" :[],
"purpose" :[],
"otherLocale" :["https://meta.icos-cp.eu/objects/z1-YTBWoLstOf0PmiGJHyhMy"],
"metadataProfile" :[],
"metadataLinkage" :[],
"metadataIdentifier" :[],
"environmentDescription" :[],
"distributionInfo" :[None],
"dataQualityInfo" :["Czechia"],
"contentInfo" :["ICOS ATC Picarro data csv time series, Křešín u Pacova, 2019-03-04"],
"ResearchInfrastructure" :["ICOS"],
"EssentialVariables" :[],
"potentialTopics" :["data", "series", "time"]
}