{
"description" :["Cuntz, M., Courtois, P., Joetzjer, E., Lily, J., ICOS RI, 2021. ICOS ETC Bio Meteo Raw ASCII, Hesse, 2021-08-09, https://hdl.handle.net/11676/rNha24OyvAujgrji7LpMMWUG"],
"identifier" :["https://hdl.handle.net/11676/rNha24OyvAujgrji7LpMMWUG"],
"keywords" :["ICOS"],
"language" :["English"],
"accessibilitySummary" :[],
"contact" :[],
"version" :[],
"temporalCoverage" :["2021-08-08T23:00:00Z/2021-08-09T23:00:00Z"],
"publisher" :["data.icos-cp.eu"],
"spatial" :["France"],
"license" :["https://creativecommons.org/licenses/by/4.0/"],
"citation" :[],
"genre" :["ICOS ETC Bio Meteo Raw ASCII, Hesse, 2021-08-09", "https://meta.icos-cp.eu/objects/rNha24OyvAujgrji7LpMMWUG"],
"creator" :["Cuntz", "Matthias", "Matthias Cuntz", "http://meta.icos-cp.eu/resources/people/Pascal_Courtois", "Courtois", "Pascal", "Pascal Courtois"", "http://meta.icos-cp.eu/resources/people/Emilie_Joetzjer", "Joetzjer", "Emilie"", "Emilie Joetzjer"", "Lily", "Jean-Baptiste"", "Jean-Baptiste Lily""],
"modificationDate" :["2021-08-10T03:05:11.631497Z"],
"distribution" :[],
"image" :[],
"thumbnailUrl" :[],
"headline" :[],
"abstract" :[],
"theme" :[],
"dateCreated" :[],
"creditText" :[],
"datePublished" :["2021-08"],
"producer" :[],
"author" :[],
"spatialCoverage" :["France"],
"url" :["https://meta.icos-cp.eu/objects/rNha24OyvAujgrji7LpMMWUG"],
"sponsor" :[],
"size" :[],
"sameAs" :["http://meta.icos-cp.eu/resources/stations/ES_FR-Hes"],
"publication" :[],
"provider" :["Hesse"],
"position" :[],
"name" :["ICOS ETC Bio Meteo Raw ASCII, Hesse, 2021-08-09"],
"measurementTechnique" :[],
"material" :[],
"maintainer" :[],
"locationCreated" :[],
"issn" :[],
"isPartOf" :[],
"isBasedOn" :[],
"isAccessibleForFree" :[],
"includedInDataCatalog" :[],
"editor" :[],
"editEIDR" :[],
"copyrightYear" :[],
"copyrightNotice" :[],
"copyrightHolder" :[],
"contributor" :[],
"contentReferenceTime" :[],
"contentLocation" :[],
"character" :[],
"acquireLicensePage" :["https://data.icos-cp.eu/licence"],
"accessModeSufficient" :[],
"about" :[],
"rights" :[],
"relation" :[310.0],
"qualifiedRelation" :[],
"qualifiedAttribution" :[],
"previousVersion" :[],
"nextVersion" :[],
"landingPage" :["https://meta.icos-cp.eu/objects/rNha24OyvAujgrji7LpMMWUG"],
"isReferencedBy" :[],
"hasVersion" :[],
"hasPolicy" :[],
"hasCurrentVersion" :[],
"useConstraints" :[],
"status" :[],
"spatialRepresentationType" :[],
"spatialRepresentationInfo" :[],
"scope" :[],
"purpose" :[],
"otherLocale" :["https://meta.icos-cp.eu/objects/rNha24OyvAujgrji7LpMMWUG"],
"metadataProfile" :[],
"metadataLinkage" :[],
"metadataIdentifier" :[],
"environmentDescription" :[],
"distributionInfo" :[None],
"dataQualityInfo" :["France"],
"contentInfo" :["ICOS ETC Bio Meteo Raw ASCII, Hesse, 2021-08-09"],
"ResearchInfrastructure" :["ICOS"],
"EssentialVariables" :[],
"potentialTopics" :["bio", "raw", "etc"]
}