{
"description" :["Mammarella, I., Back, J., Kolari, P., Laakso, H., Levula, J., Matilainen, T., Pihlatie, M., Pumpanen, J., Vesala, T., ICOS RI, 2019. Digital Hemispherical Pictures, Hyytiala, 2019-10-03, https://hdl.handle.net/11676/85_NdEmxxQ3is_01q15eqzFf"],
"identifier" :["https://hdl.handle.net/11676/85_NdEmxxQ3is_01q15eqzFf"],
"keywords" :["ICOS"],
"language" :["English"],
"accessibilitySummary" :[],
"contact" :["Digital Hemispherical Pictures"],
"version" :[],
"temporalCoverage" :["2019-10-03T00:00:00Z/2019-10-03T23:59:59.999Z"],
"publisher" :["data.icos-cp.eu"],
"spatial" :["Finland"],
"license" :["https://creativecommons.org/licenses/by/4.0/"],
"citation" :[],
"genre" :["Digital Hemispherical Pictures, Hyytiala, 2019-10-03", "https://meta.icos-cp.eu/objects/85_NdEmxxQ3is_01q15eqzFf"],
"creator" :["Mammarella", "Ivan", "Ivan Mammarella"", "Jaana", "Jaana Back"", "Kolari", "Pasi", "Pasi Kolari", "http://meta.icos-cp.eu/resources/people/Heikki_Laakso", "Laakso", "Heikki", "Heikki Laakso"", "Levula", "Janne", "Janne Levula", "Matilainen", "Teemu", "Teemu Matilainen"", "Pihlatie", "Mari", "Mari Pihlatie"", "Pumpanen", "Jukka", "Jukka Pumpanen"", "Vesala"],
"modificationDate" :["2019-10"],
"distribution" :[],
"image" :[],
"thumbnailUrl" :[],
"headline" :[],
"abstract" :[],
"theme" :[],
"dateCreated" :[],
"creditText" :[],
"datePublished" :["2019-10-04T21:02:10.437Z"],
"producer" :[],
"author" :[],
"spatialCoverage" :["Finland"],
"url" :["https://meta.icos-cp.eu/objects/85_NdEmxxQ3is_01q15eqzFf"],
"sponsor" :[],
"size" :[],
"sameAs" :["http://meta.icos-cp.eu/resources/organizations/ETC"],
"publication" :[],
"provider" :[],
"position" :[],
"name" :["Digital Hemispherical Pictures, Hyytiala, 2019-10-03"],
"measurementTechnique" :[],
"material" :[],
"maintainer" :[],
"locationCreated" :[],
"issn" :[],
"isPartOf" :[],
"isBasedOn" :[],
"isAccessibleForFree" :[],
"includedInDataCatalog" :[],
"editor" :[],
"editEIDR" :[],
"copyrightYear" :[],
"copyrightNotice" :[],
"copyrightHolder" :[],
"contributor" :[],
"contentReferenceTime" :[],
"contentLocation" :[],
"character" :[],
"acquireLicensePage" :["https://data.icos-cp.eu/licence"],
"accessModeSufficient" :[],
"about" :[],
"rights" :[],
"relation" :[181.0],
"qualifiedRelation" :[],
"qualifiedAttribution" :[],
"previousVersion" :[],
"nextVersion" :[],
"landingPage" :["https://meta.icos-cp.eu/objects/85_NdEmxxQ3is_01q15eqzFf"],
"isReferencedBy" :[],
"hasVersion" :[],
"hasPolicy" :[],
"hasCurrentVersion" :[],
"useConstraints" :[],
"status" :[],
"spatialRepresentationType" :[],
"spatialRepresentationInfo" :[],
"scope" :[],
"purpose" :[],
"otherLocale" :["https://meta.icos-cp.eu/objects/85_NdEmxxQ3is_01q15eqzFf"],
"metadataProfile" :[],
"metadataLinkage" :[],
"metadataIdentifier" :[],
"environmentDescription" :[],
"distributionInfo" :[None],
"dataQualityInfo" :["Finland"],
"contentInfo" :["Digital Hemispherical Pictures, Hyytiala, 2019-10-03"],
"ResearchInfrastructure" :["ICOS"],
"EssentialVariables" :[],
"potentialTopics" :["digital", "hemispherical", "picture"]
}