{
"description" :["Nemitz, E., Coyle, M., Harvey, D., Helfter, C., Jones, M., Leeson, S., Levy, P., Mullinger, N., van Dijk, N., Yeung, K., ICOS RI, 2021. ICOS ETC Eddy Flux Raw ASCII daily archive, Auchencorth Moss, 2021-06-20, https://hdl.handle.net/11676/4_l1opdZu1XKFRjcdXS8JPB-"],
"identifier" :["https://hdl.handle.net/11676/4_l1opdZu1XKFRjcdXS8JPB-"],
"keywords" :["ICOS"],
"language" :["English"],
"accessibilitySummary" :[],
"contact" :["Auchencorth Moss"],
"version" :[],
"temporalCoverage" :["2021-06-20T00:00:00Z/2021-06-21T00:00:00Z"],
"publisher" :["data.icos-cp.eu"],
"spatial" :["United Kingdom", "UK"],
"license" :["https://creativecommons.org/licenses/by/4.0/"],
"citation" :[],
"genre" :["ICOS ETC Eddy Flux Raw ASCII daily archive, Auchencorth Moss, 2021-06-20", "https://meta.icos-cp.eu/objects/4_l1opdZu1XKFRjcdXS8JPB-"],
"creator" :["Eiko Nemitz"", "Eiko"", "Coyle", "Mhairi", "Mhairi Coyle"", "Harvey", "Duncan", "Duncan Harvey"", "Helfter", "Carole", "Carole Helfter"", "Jones", "Matthew", "Matthew Jones"", "Leeson", "Sarah", "Sarah Leeson"", "Peter", "Peter Levy"", "Mullinger", "Neil", "Neil Mullinger"", "van Dijk", "Netty", "Netty van Dijk"", "http://meta.icos-cp.eu/resources/people/Karen_Yeung", "Yeung", "Karen", "Karen Yeung""],
"modificationDate" :["2021-06"],
"distribution" :[],
"image" :[],
"thumbnailUrl" :[],
"headline" :[],
"abstract" :[],
"theme" :[],
"dateCreated" :[],
"creditText" :[],
"datePublished" :["2021-06"],
"producer" :[],
"author" :[],
"spatialCoverage" :["United Kingdom", "UK"],
"url" :["https://meta.icos-cp.eu/objects/4_l1opdZu1XKFRjcdXS8JPB-"],
"sponsor" :[],
"size" :[],
"sameAs" :["http://meta.icos-cp.eu/resources/stations/ES_UK-AMo"],
"publication" :[],
"provider" :["Auchencorth Moss"],
"position" :[],
"name" :["ICOS ETC Eddy Flux Raw ASCII daily archive, Auchencorth Moss, 2021-06-20"],
"measurementTechnique" :[],
"material" :[],
"maintainer" :[],
"locationCreated" :[],
"issn" :[],
"isPartOf" :[],
"isBasedOn" :[],
"isAccessibleForFree" :[],
"includedInDataCatalog" :[],
"editor" :[],
"editEIDR" :[],
"copyrightYear" :[],
"copyrightNotice" :[],
"copyrightHolder" :[],
"contributor" :[],
"contentReferenceTime" :[],
"contentLocation" :[],
"character" :[],
"acquireLicensePage" :["https://data.icos-cp.eu/licence"],
"accessModeSufficient" :[],
"about" :[],
"rights" :[],
"relation" :[270.0],
"qualifiedRelation" :[],
"qualifiedAttribution" :[],
"previousVersion" :[],
"nextVersion" :[],
"landingPage" :["https://meta.icos-cp.eu/objects/4_l1opdZu1XKFRjcdXS8JPB-"],
"isReferencedBy" :[],
"hasVersion" :[],
"hasPolicy" :[],
"hasCurrentVersion" :[],
"useConstraints" :[],
"status" :[],
"spatialRepresentationType" :[],
"spatialRepresentationInfo" :[],
"scope" :[],
"purpose" :[],
"otherLocale" :["https://meta.icos-cp.eu/objects/4_l1opdZu1XKFRjcdXS8JPB-"],
"metadataProfile" :[],
"metadataLinkage" :[],
"metadataIdentifier" :[],
"environmentDescription" :[],
"distributionInfo" :[None],
"dataQualityInfo" :["United Kingdom"],
"contentInfo" :["ICOS ETC Eddy Flux Raw ASCII daily archive, Auchencorth Moss, 2021-06-20"],
"ResearchInfrastructure" :["ICOS"],
"EssentialVariables" :[],
"potentialTopics" :["flux", "daily", "eddy", "archive", "etc", "moss", "raw"]
}