{
"description" :["Lehner, I., Mölder, M., ICOS RI, 2020. ICOS ATC Meteorological data csv time series, Norunda, 2020-11-23, https://hdl.handle.net/11676/CBZM9yssP-XPPCn7o02Ja3D_"],
"identifier" :["https://hdl.handle.net/11676/CBZM9yssP-XPPCn7o02Ja3D_"],
"keywords" :["ICOS"],
"language" :["English"],
"accessibilitySummary" :[],
"contact" :["ATC", "Norunda"],
"version" :[],
"temporalCoverage" :["2020-11", "2020-11-23T00:00:00Z/2020-11-23T23:59:00Z"],
"publisher" :["data.icos-cp.eu"],
"spatial" :["Sweden"],
"license" :["https://creativecommons.org/licenses/by/4.0/"],
"citation" :[],
"genre" :["ICOS ATC Meteorological data csv time series, Norunda, 2020-11-23", "https://meta.icos-cp.eu/objects/CBZM9yssP-XPPCn7o02Ja3D_"],
"creator" :["Irene", "Irene Lehner"", "Lehner", "Mölder", "Meelis", "Meelis Mölder"],
"modificationDate" :["2020-11-24T10:40:27.489Z"],
"distribution" :[],
"image" :[],
"thumbnailUrl" :[],
"headline" :[],
"abstract" :[],
"theme" :[],
"dateCreated" :[],
"creditText" :[],
"datePublished" :["2020-11"],
"producer" :[],
"author" :[],
"spatialCoverage" :["Sweden"],
"url" :["https://meta.icos-cp.eu/objects/CBZM9yssP-XPPCn7o02Ja3D_"],
"sponsor" :[],
"size" :[],
"sameAs" :["http://meta.icos-cp.eu/resources/organizations/ATC"],
"publication" :[],
"provider" :[],
"position" :[],
"name" :["ICOS ATC Meteorological data csv time series, Norunda, 2020-11-23"],
"measurementTechnique" :[],
"material" :[],
"maintainer" :[],
"locationCreated" :[],
"issn" :[],
"isPartOf" :[],
"isBasedOn" :[],
"isAccessibleForFree" :[],
"includedInDataCatalog" :[],
"editor" :[],
"editEIDR" :[],
"copyrightYear" :[],
"copyrightNotice" :[],
"copyrightHolder" :[],
"contributor" :[],
"contentReferenceTime" :[],
"contentLocation" :[],
"character" :[],
"acquireLicensePage" :["https://data.icos-cp.eu/licence"],
"accessModeSufficient" :[],
"about" :[],
"rights" :[],
"relation" :[46.0],
"qualifiedRelation" :[],
"qualifiedAttribution" :[],
"previousVersion" :[],
"nextVersion" :[],
"landingPage" :["https://meta.icos-cp.eu/objects/CBZM9yssP-XPPCn7o02Ja3D_"],
"isReferencedBy" :[],
"hasVersion" :[],
"hasPolicy" :[],
"hasCurrentVersion" :[],
"useConstraints" :[],
"status" :[],
"spatialRepresentationType" :[],
"spatialRepresentationInfo" :[],
"scope" :[],
"purpose" :[],
"otherLocale" :["https://meta.icos-cp.eu/objects/CBZM9yssP-XPPCn7o02Ja3D_"],
"metadataProfile" :[],
"metadataLinkage" :[],
"metadataIdentifier" :[],
"environmentDescription" :[],
"distributionInfo" :[None],
"dataQualityInfo" :["Sweden"],
"contentInfo" :["ICOS ATC Meteorological data csv time series, Norunda, 2020-11-23"],
"ResearchInfrastructure" :["ICOS"],
"EssentialVariables" :[],
"potentialTopics" :["data", "meteorological", "time", "series"]
}