{
"description" :["Mölder, M., Lehner, I., Båth, A., Holst, J., Linderson, M., ICOS RI, 2019. ICOS ETC Bio Meteo Raw ASCII, Norunda, 2019-06-23, https://hdl.handle.net/11676/8qYkGEJBHG1gsqPfal7ty1g1"],
"identifier" :["https://hdl.handle.net/11676/8qYkGEJBHG1gsqPfal7ty1g1"],
"keywords" :["ICOS"],
"language" :["English"],
"accessibilitySummary" :[],
"contact" :[],
"version" :[],
"temporalCoverage" :["2019-06-22T23:00:00Z/2019-06", "2019-06-22T23:00:00Z/2019-06-23T23:00:00Z"],
"publisher" :["data.icos-cp.eu"],
"spatial" :["Sweden"],
"license" :["https://creativecommons.org/licenses/by/4.0/"],
"citation" :[],
"genre" :["ICOS ETC Bio Meteo Raw ASCII, Norunda, 2019-06-23", "https://meta.icos-cp.eu/objects/8qYkGEJBHG1gsqPfal7ty1g1"],
"creator" :["Mölder", "Meelis", "Meelis Mölder", "Irene", "Irene Lehner"", "Lehner", "Anders Båth"", "http://meta.icos-cp.eu/resources/people/Jutta_Holst", "Holst", "Jutta", "Jutta Holst"", "Linderson", "Maj-Lena"", "Maj-Lena Linderson""],
"modificationDate" :["2019-06-24T02:49:23.125Z"],
"distribution" :[],
"image" :[],
"thumbnailUrl" :[],
"headline" :[],
"abstract" :[],
"theme" :[],
"dateCreated" :[],
"creditText" :[],
"datePublished" :["2019-06-24T02:49:49.076Z"],
"producer" :[],
"author" :[],
"spatialCoverage" :["Sweden"],
"url" :["https://meta.icos-cp.eu/objects/8qYkGEJBHG1gsqPfal7ty1g1"],
"sponsor" :[],
"size" :[],
"sameAs" :["http://meta.icos-cp.eu/resources/stations/ES_SE-Nor"],
"publication" :[],
"provider" :["Norunda", "http://meta.icos-cp.eu/resources/stations/ES_SE-Nor"],
"position" :[],
"name" :["ICOS ETC Bio Meteo Raw ASCII, Norunda, 2019-06-23"],
"measurementTechnique" :[],
"material" :[],
"maintainer" :[],
"locationCreated" :[],
"issn" :[],
"isPartOf" :[],
"isBasedOn" :[],
"isAccessibleForFree" :[],
"includedInDataCatalog" :[],
"editor" :[],
"editEIDR" :[],
"copyrightYear" :[],
"copyrightNotice" :[],
"copyrightHolder" :[],
"contributor" :[],
"contentReferenceTime" :[],
"contentLocation" :[],
"character" :[],
"acquireLicensePage" :["https://data.icos-cp.eu/licence"],
"accessModeSufficient" :[],
"about" :[],
"rights" :[],
"relation" :[45.0],
"qualifiedRelation" :[],
"qualifiedAttribution" :[],
"previousVersion" :[],
"nextVersion" :[],
"landingPage" :["https://meta.icos-cp.eu/objects/8qYkGEJBHG1gsqPfal7ty1g1"],
"isReferencedBy" :[],
"hasVersion" :[],
"hasPolicy" :[],
"hasCurrentVersion" :[],
"useConstraints" :[],
"status" :[],
"spatialRepresentationType" :[],
"spatialRepresentationInfo" :[],
"scope" :[],
"purpose" :[],
"otherLocale" :["https://meta.icos-cp.eu/objects/8qYkGEJBHG1gsqPfal7ty1g1"],
"metadataProfile" :[],
"metadataLinkage" :[],
"metadataIdentifier" :[],
"environmentDescription" :[],
"distributionInfo" :[None],
"dataQualityInfo" :["Sweden"],
"contentInfo" :["ICOS ETC Bio Meteo Raw ASCII, Norunda, 2019-06-23"],
"ResearchInfrastructure" :["ICOS"],
"EssentialVariables" :[],
"potentialTopics" :["bio", "etc", "raw"]
}