{
"description" :["Grüning, C., ICOS RI, 2018. ICOS ETC Bio Meteo Raw ASCII, San Rossore 2, 2018-03-22, https://hdl.handle.net/11676/Jps-1ifHZ2B01RpiJJ8bgxYw"],
"identifier" :["https://hdl.handle.net/11676/Jps-1ifHZ2B01RpiJJ8bgxYw"],
"keywords" :["ICOS"],
"language" :["English"],
"accessibilitySummary" :[],
"contact" :["San Rossore"],
"version" :[],
"temporalCoverage" :["2018-03-21T23:00:00Z/2018-03", "2018-03-21T23:00:00Z/2018-03-22T23:00:00Z"],
"publisher" :["data.icos-cp.eu"],
"spatial" :["Italy"],
"license" :["https://creativecommons.org/licenses/by/4.0/"],
"citation" :[],
"genre" :["ICOS ETC Bio Meteo Raw ASCII, San Rossore 2, 2018-03-22", "https://meta.icos-cp.eu/objects/Jps-1ifHZ2B01RpiJJ8bgxYw"],
"creator" :["Grüning", "Carsten", "Carsten Grüning""],
"modificationDate" :["2018-03-22T23:44:07.623Z"],
"distribution" :[],
"image" :[],
"thumbnailUrl" :[],
"headline" :[],
"abstract" :[],
"theme" :[],
"dateCreated" :[],
"creditText" :[],
"datePublished" :["2018-03-22T23:44:07.818Z"],
"producer" :[],
"author" :[],
"spatialCoverage" :["Italy"],
"url" :["https://meta.icos-cp.eu/objects/Jps-1ifHZ2B01RpiJJ8bgxYw"],
"sponsor" :[],
"size" :[],
"sameAs" :["http://meta.icos-cp.eu/resources/stations/ES_IT-SR2"],
"publication" :[],
"provider" :["San Rossore"],
"position" :[],
"name" :["ICOS ETC Bio Meteo Raw ASCII, San Rossore 2, 2018-03-22"],
"measurementTechnique" :[],
"material" :[],
"maintainer" :[],
"locationCreated" :[],
"issn" :[],
"isPartOf" :[],
"isBasedOn" :[],
"isAccessibleForFree" :[],
"includedInDataCatalog" :[],
"editor" :[],
"editEIDR" :[],
"copyrightYear" :[],
"copyrightNotice" :[],
"copyrightHolder" :[],
"contributor" :[],
"contentReferenceTime" :[],
"contentLocation" :[],
"character" :[],
"acquireLicensePage" :["https://data.icos-cp.eu/licence"],
"accessModeSufficient" :[],
"about" :[],
"rights" :[],
"relation" :[4.0],
"qualifiedRelation" :[],
"qualifiedAttribution" :[],
"previousVersion" :[],
"nextVersion" :[],
"landingPage" :["https://meta.icos-cp.eu/objects/Jps-1ifHZ2B01RpiJJ8bgxYw"],
"isReferencedBy" :[],
"hasVersion" :[],
"hasPolicy" :[],
"hasCurrentVersion" :[],
"useConstraints" :[],
"status" :[],
"spatialRepresentationType" :[],
"spatialRepresentationInfo" :[],
"scope" :[],
"purpose" :[],
"otherLocale" :["https://meta.icos-cp.eu/objects/Jps-1ifHZ2B01RpiJJ8bgxYw"],
"metadataProfile" :[],
"metadataLinkage" :[],
"metadataIdentifier" :[],
"environmentDescription" :[],
"distributionInfo" :[None],
"dataQualityInfo" :["Italy"],
"contentInfo" :["ICOS ETC Bio Meteo Raw ASCII, San Rossore 2, 2018-03-22"],
"ResearchInfrastructure" :["ICOS"],
"EssentialVariables" :[],
"potentialTopics" :["bio", "etc", "raw"]
}