{
"description" :["Mölder, M., Lehner, I., Båth, A., Holst, J., Linderson, M., ICOS RI, 2020. ICOS ETC Bio Meteo Raw ASCII, Norunda, 2020-11-21, https://hdl.handle.net/11676/D8ZDiFH3XnFFwRXA1tv091A7"],
"identifier" :["https://hdl.handle.net/11676/D8ZDiFH3XnFFwRXA1tv091A7"],
"keywords" :["ICOS"],
"language" :["English"],
"accessibilitySummary" :[],
"contact" :[],
"version" :[],
"temporalCoverage" :["2020-11", "2020-11-20T23:00:00Z/2020-11-21T23:00:00Z"],
"publisher" :["data.icos-cp.eu"],
"spatial" :["Sweden"],
"license" :["https://creativecommons.org/licenses/by/4.0/"],
"citation" :[],
"genre" :["ICOS ETC Bio Meteo Raw ASCII, Norunda, 2020-11-21", "https://meta.icos-cp.eu/objects/D8ZDiFH3XnFFwRXA1tv091A7"],
"creator" :["Mölder", "Meelis", "Meelis Mölder", "Irene", "Irene Lehner"", "Lehner", "Anders Båth"", "http://meta.icos-cp.eu/resources/people/Jutta_Holst", "Holst", "Jutta", "Jutta Holst"", "Linderson", "Maj-Lena"", "Maj-Lena Linderson""],
"modificationDate" :["2020-11-22T02:53:00.682Z"],
"distribution" :[],
"image" :[],
"thumbnailUrl" :[],
"headline" :[],
"abstract" :[],
"theme" :[],
"dateCreated" :[],
"creditText" :[],
"datePublished" :["2020-11-22T02:53:01.080Z"],
"producer" :[],
"author" :[],
"spatialCoverage" :["Sweden"],
"url" :["https://meta.icos-cp.eu/objects/D8ZDiFH3XnFFwRXA1tv091A7"],
"sponsor" :[],
"size" :[],
"sameAs" :["http://meta.icos-cp.eu/resources/stations/ES_SE-Nor"],
"publication" :[],
"provider" :["Norunda", "http://meta.icos-cp.eu/resources/stations/ES_SE-Nor"],
"position" :[],
"name" :["ICOS ETC Bio Meteo Raw ASCII, Norunda, 2020-11-21"],
"measurementTechnique" :[],
"material" :[],
"maintainer" :[],
"locationCreated" :[],
"issn" :[],
"isPartOf" :[],
"isBasedOn" :[],
"isAccessibleForFree" :[],
"includedInDataCatalog" :[],
"editor" :[],
"editEIDR" :[],
"copyrightYear" :[],
"copyrightNotice" :[],
"copyrightHolder" :[],
"contributor" :[],
"contentReferenceTime" :[],
"contentLocation" :[],
"character" :[],
"acquireLicensePage" :["https://data.icos-cp.eu/licence"],
"accessModeSufficient" :[],
"about" :[],
"rights" :[],
"relation" :[45.0],
"qualifiedRelation" :[],
"qualifiedAttribution" :[],
"previousVersion" :[],
"nextVersion" :[],
"landingPage" :["https://meta.icos-cp.eu/objects/D8ZDiFH3XnFFwRXA1tv091A7"],
"isReferencedBy" :[],
"hasVersion" :[],
"hasPolicy" :[],
"hasCurrentVersion" :[],
"useConstraints" :[],
"status" :[],
"spatialRepresentationType" :[],
"spatialRepresentationInfo" :[],
"scope" :[],
"purpose" :[],
"otherLocale" :["https://meta.icos-cp.eu/objects/D8ZDiFH3XnFFwRXA1tv091A7"],
"metadataProfile" :[],
"metadataLinkage" :[],
"metadataIdentifier" :[],
"environmentDescription" :[],
"distributionInfo" :[None],
"dataQualityInfo" :["Sweden"],
"contentInfo" :["ICOS ETC Bio Meteo Raw ASCII, Norunda, 2020-11-21"],
"ResearchInfrastructure" :["ICOS"],
"EssentialVariables" :[],
"potentialTopics" :["bio", "raw", "etc"]
}