{
"description" :["Friborg, T., Jensen, R., Rasmussen, L., ICOS RI, 2020. ICOS ETC Bio Meteo Raw ASCII, Voulundgaard, 2020-03-31, https://hdl.handle.net/11676/JMVaP8TyTQMCdlBV9f84zmGi"],
"identifier" :["https://hdl.handle.net/11676/JMVaP8TyTQMCdlBV9f84zmGi"],
"keywords" :["ICOS"],
"language" :["English"],
"accessibilitySummary" :[],
"contact" :[],
"version" :[],
"temporalCoverage" :["2020-03-30T23:00:00Z/2020-03-31T23:00:00Z"],
"publisher" :["data.icos-cp.eu"],
"spatial" :["Denmark"],
"license" :["https://creativecommons.org/licenses/by/4.0/"],
"citation" :[],
"genre" :["ICOS ETC Bio Meteo Raw ASCII, Voulundgaard, 2020-03-31", "https://meta.icos-cp.eu/objects/JMVaP8TyTQMCdlBV9f84zmGi"],
"creator" :["Friborg", "Thomas", "Thomas Friborg"", "http://meta.icos-cp.eu/resources/people/Rasmus_Jensen", "Jensen", "Rasmus", "Rasmus Jensen"", "Rasmussen", "Lars", "Lars Rasmussen""],
"modificationDate" :["2020-03-31T23:14:36.034Z"],
"distribution" :[],
"image" :[],
"thumbnailUrl" :[],
"headline" :[],
"abstract" :[],
"theme" :[],
"dateCreated" :[],
"creditText" :[],
"datePublished" :["2020-03-31T23:14:37.629Z"],
"producer" :[],
"author" :[],
"spatialCoverage" :["Denmark"],
"url" :["https://meta.icos-cp.eu/objects/JMVaP8TyTQMCdlBV9f84zmGi"],
"sponsor" :[],
"size" :[],
"sameAs" :["http://meta.icos-cp.eu/resources/stations/ES_DK-Vng"],
"publication" :[],
"provider" :["http://meta.icos-cp.eu/resources/stations/ES_DK-Vng"],
"position" :[],
"name" :["ICOS ETC Bio Meteo Raw ASCII, Voulundgaard, 2020-03-31"],
"measurementTechnique" :[],
"material" :[],
"maintainer" :[],
"locationCreated" :[],
"issn" :[],
"isPartOf" :[],
"isBasedOn" :[],
"isAccessibleForFree" :[],
"includedInDataCatalog" :[],
"editor" :[],
"editEIDR" :[],
"copyrightYear" :[],
"copyrightNotice" :[],
"copyrightHolder" :[],
"contributor" :[],
"contentReferenceTime" :[],
"contentLocation" :[],
"character" :[],
"acquireLicensePage" :["https://data.icos-cp.eu/licence"],
"accessModeSufficient" :[],
"about" :[],
"rights" :[],
"relation" :[67.7],
"qualifiedRelation" :[],
"qualifiedAttribution" :[],
"previousVersion" :[],
"nextVersion" :[],
"landingPage" :["https://meta.icos-cp.eu/objects/JMVaP8TyTQMCdlBV9f84zmGi"],
"isReferencedBy" :[],
"hasVersion" :[],
"hasPolicy" :[],
"hasCurrentVersion" :[],
"useConstraints" :[],
"status" :[],
"spatialRepresentationType" :[],
"spatialRepresentationInfo" :[],
"scope" :[],
"purpose" :[],
"otherLocale" :["https://meta.icos-cp.eu/objects/JMVaP8TyTQMCdlBV9f84zmGi"],
"metadataProfile" :[],
"metadataLinkage" :[],
"metadataIdentifier" :[],
"environmentDescription" :[],
"distributionInfo" :[None],
"dataQualityInfo" :["Denmark"],
"contentInfo" :["ICOS ETC Bio Meteo Raw ASCII, Voulundgaard, 2020-03-31"],
"ResearchInfrastructure" :["ICOS"],
"EssentialVariables" :[],
"potentialTopics" :["raw", "bio", "etc"]
}