{
"description" :["Kubistin, D., Plaß-Dülmer, C., Arnold, S., Lindauer, M., Müller-Williams, J., ICOS RI, 2019. ICOS ATC Meteorological data csv time series, Hohenpeissenberg, 2019-12-21, https://hdl.handle.net/11676/Y9Ldv7PR_DqPGD8AiTzwLu1C"],
"identifier" :["https://hdl.handle.net/11676/Y9Ldv7PR_DqPGD8AiTzwLu1C"],
"keywords" :["ICOS"],
"language" :["English"],
"accessibilitySummary" :[],
"contact" :["ATC", "Hohenpeissenberg"],
"version" :[],
"temporalCoverage" :["2019-12-21T00:00:00Z/2019-12", "2019-12-21T00:00:00Z/2019-12-21T23:59:00Z"],
"publisher" :["data.icos-cp.eu"],
"spatial" :["Germany"],
"license" :["https://creativecommons.org/licenses/by/4.0/"],
"citation" :[],
"genre" :["ICOS ATC Meteorological data csv time series, Hohenpeissenberg, 2019-12-21", "https://meta.icos-cp.eu/objects/Y9Ldv7PR_DqPGD8AiTzwLu1C"],
"creator" :["Kubistin", "Dagmar", "Dagmar Kubistin"", "Christian Plaß-Dülmer"", "http://meta.icos-cp.eu/resources/people/Sabrina_Arnold", "Arnold", "Sabrina", "Sabrina Arnold"", "Lindauer", "Matthias", "Matthias Lindauer"", "Müller-Williams"", "Jennifer", "Jennifer Müller-Williams""],
"modificationDate" :["2019-12-22T10:40:11.360Z"],
"distribution" :[],
"image" :[],
"thumbnailUrl" :[],
"headline" :[],
"abstract" :[],
"theme" :[],
"dateCreated" :[],
"creditText" :[],
"datePublished" :["2019-12-22T10:40:11.740Z"],
"producer" :[],
"author" :[],
"spatialCoverage" :["Germany"],
"url" :["https://meta.icos-cp.eu/objects/Y9Ldv7PR_DqPGD8AiTzwLu1C"],
"sponsor" :[],
"size" :[],
"sameAs" :["http://meta.icos-cp.eu/resources/organizations/ATC"],
"publication" :[],
"provider" :[],
"position" :[],
"name" :["ICOS ATC Meteorological data csv time series, Hohenpeissenberg, 2019-12-21"],
"measurementTechnique" :[],
"material" :[],
"maintainer" :[],
"locationCreated" :[],
"issn" :[],
"isPartOf" :[],
"isBasedOn" :[],
"isAccessibleForFree" :[],
"includedInDataCatalog" :[],
"editor" :[],
"editEIDR" :[],
"copyrightYear" :[],
"copyrightNotice" :[],
"copyrightHolder" :[],
"contributor" :[],
"contentReferenceTime" :[],
"contentLocation" :[],
"character" :[],
"acquireLicensePage" :["https://data.icos-cp.eu/licence"],
"accessModeSufficient" :[],
"about" :[],
"rights" :[],
"relation" :[934.0],
"qualifiedRelation" :[],
"qualifiedAttribution" :[],
"previousVersion" :[],
"nextVersion" :[],
"landingPage" :["https://meta.icos-cp.eu/objects/Y9Ldv7PR_DqPGD8AiTzwLu1C"],
"isReferencedBy" :[],
"hasVersion" :[],
"hasPolicy" :[],
"hasCurrentVersion" :[],
"useConstraints" :[],
"status" :[],
"spatialRepresentationType" :[],
"spatialRepresentationInfo" :[],
"scope" :[],
"purpose" :[],
"otherLocale" :["https://meta.icos-cp.eu/objects/Y9Ldv7PR_DqPGD8AiTzwLu1C"],
"metadataProfile" :[],
"metadataLinkage" :[],
"metadataIdentifier" :[],
"environmentDescription" :[],
"distributionInfo" :[None],
"dataQualityInfo" :["Germany"],
"contentInfo" :["ICOS ATC Meteorological data csv time series, Hohenpeissenberg, 2019-12-21"],
"ResearchInfrastructure" :["ICOS"],
"EssentialVariables" :[],
"potentialTopics" :["data", "series", "time", "meteorological"]
}