{
"description" :["The general aim of the EUMELI program was to study the flux of material in the tropical oceanic water column. Two different trophic situations in the tropical Atlantic Ocean have been studied during the EUMELI 3 cruise (R/V Atlante): oligotrophic (Station O2, 21 N, 31 W) and mesotrophic (Station M2, 18 N, 21 W).  All standard oceanographic measurements have been carried out following JGOFS protocol for core parameters (contact LPCM - Villefranche sur Mer).  Moreover, in vivo fluorescence of photosynthetic pigments has been measured at the two sites for the water column over several days. In addition, at station O, pigments were measured at one hour intervals for a period of 34 hours to acquire information about the spectral variability of phytoplankton fluorescence and physiological response of natural populations. The following measurements are available:  - time-integrated in vivo fluorescence, before and after DCMU; - quantum corrected excitation spectra of chlorophyll-a and phycoerythrin fluorescence; - emission spectra of chlorophyll-a and phycoerythrin fluorescence; - vertical profiles of downwelling, upwelling and scalar underwater irradiance (up to 120m or 1/1000 of the surface PAR); - Utermohl phytoplankton density and species composition."],
"identifier" :["OGS-EDMED-175"],
"keywords" :["Variable fluorescence parameters; Phytoplankton taxonomic abundance in water bodies"],
"language" :[],
"accessibilitySummary" :[],
"contact" :["Universita di Firenze, Laboratorio di Ecologia, Dipartimento di Biologia Vegetale Via P.A. Michelini 1 Firenze  50121 Italy"],
"version" :[],
"temporalCoverage" :[],
"publisher" :["Universita di Firenze, Laboratorio di Ecologia, Dipartimento di Biologia Vegetale"],
"spatial" :[],
"license" :[],
"citation" :[],
"genre" :[],
"creator" :["Universita di Firenze, Laboratorio di Ecologia, Dipartimento di Biologia Vegetale"],
"modificationDate" :["1992-10-20"],
"distribution" :[],
"image" :[],
"thumbnailUrl" :[],
"headline" :[],
"abstract" :["The general aim of the EUMELI program was to study the flux of material in the tropical oceanic water column. Two different trophic situations in the tropical Atlantic Ocean have been studied during the EUMELI 3 cruise (R/V Atlante): oligotrophic (Station O2, 21 N, 31 W) and mesotrophic (Station M2, 18 N, 21 W).  All standard oceanographic measurements have been carried out following JGOFS protocol for core parameters (contact LPCM - Villefranche sur Mer).  Moreover, in vivo fluorescence of photosynthetic pigments has been measured at the two sites for the water column over several days. In addition, at station O, pigments were measured at one hour intervals for a period of 34 hours to acquire information about the spectral variability of phytoplankton fluorescence and physiological response of natural populations. The following measurements are available:  - time-integrated in vivo fluorescence, before and after DCMU; - quantum corrected excitation spectra of chlorophyll-a and phycoerythrin fluorescence; - emission spectra of chlorophyll-a and phycoerythrin fluorescence; - vertical profiles of downwelling, upwelling and scalar underwater irradiance (up to 120m or 1/1000 of the surface PAR); - Utermohl phytoplankton density and species composition."],
"theme" :[],
"dateCreated" :["From 1 to 24 October 1991"],
"creditText" :[],
"datePublished" :["From 1 to 24 October 1991"],
"producer" :["National Institute of Oceanography and Applied Geophysics - Division of Oceanography"],
"author" :["Mori G."],
"spatialCoverage" :["Tropical Atlantic Ocean in two main sites: M (18 29N, 21 W) and O (21 N, 31 W) and surface monitoring between the Canary Islands and station M"],
"url" :["https://edmed.seadatanet.org/report/3799/"],
"sponsor" :[],
"size" :[],
"sameAs" :[],
"publication" :[],
"provider" :["National Institute of Oceanography and Applied Geophysics - Division of Oceanography"],
"position" :[],
"name" :["Spectral in vivo fluorescence studies in E Tropical Atlantic (Oct. 1991)"],
"measurementTechnique" :["Active fluorometers"],
"material" :[],
"maintainer" :[],
"locationCreated" :["Italy"],
"issn" :[],
"isPartOf" :[],
"isBasedOn" :[],
"isAccessibleForFree" :[],
"includedInDataCatalog" :[],
"editor" :[],
"editEIDR" :[],
"copyrightYear" :[],
"copyrightNotice" :[],
"copyrightHolder" :["Universita di Firenze, Laboratorio di Ecologia, Dipartimento di Biologia Vegetale"],
"contributor" :["Universita di Firenze, Laboratorio di Ecologia, Dipartimento di Biologia Vegetale"],
"contentReferenceTime" :["From 1 to 24 October 1991"],
"contentLocation" :["Italy"],
"character" :[],
"acquireLicensePage" :[],
"accessModeSufficient" :[],
"about" :[],
"rights" :[],
"relation" :[],
"qualifiedRelation" :[],
"qualifiedAttribution" :[],
"previousVersion" :[],
"nextVersion" :[],
"landingPage" :[],
"isReferencedBy" :[],
"hasVersion" :[],
"hasPolicy" :[],
"hasCurrentVersion" :[],
"useConstraints" :[],
"status" :[],
"spatialRepresentationType" :[],
"spatialRepresentationInfo" :[],
"scope" :[],
"purpose" :[],
"otherLocale" :[],
"metadataProfile" :[],
"metadataLinkage" :[],
"metadataIdentifier" :[],
"environmentDescription" :[],
"distributionInfo" :["http://www.unifi.it/unifi/bioveg/"],
"dataQualityInfo" :[],
"contentInfo" :[],
"ResearchInfrastructure" :["SeaDataNet"],
"EssentialVariables" :["Dissolved organic carbon", "Plankton"],
"potentialTopics" :["fluorescence", "oct", "study", "spectral", "tropical", "active", "parameter", "variable", "abundance", "body", "phytoplankton", "water", "taxonomic"]
}