{
"description" :["A Special Protection Area (SPA) is a designated protected site under the EU Birds Directive. This dataset cover the statutory list of SPAs surveyed and designated. Geographic coverage of SPAs include the Republic of Ireland and coastal areas. Data on SPA designation has been ongoing since 1985. The necessary SPA survey work on birds has been undertaken by the National Parks and Wildlife (NPWS). SPA designation supports the designation of protected sites for rare and vulnerable bird species. Data completed as per release by NPWS June 2017."],
"identifier" :["PS.IE.DAHG.NPWS.SpecialProtectionArea"],
"keywords" :["Date and time"],
"language" :[],
"accessibilitySummary" :[],
"contact" :["National Parks and Wildlife Service National Parks and Wildlife Service\n\n 7 Ely Place Dublin 2 D02 TW98 Ireland"],
"version" :[],
"temporalCoverage" :[],
"publisher" :["National Parks and Wildlife Service"],
"spatial" :[],
"license" :[],
"citation" :[],
"genre" :[],
"creator" :["National Parks and Wildlife Service"],
"modificationDate" :["2017-12-04"],
"distribution" :[],
"image" :[],
"thumbnailUrl" :[],
"headline" :[],
"abstract" :["A Special Protection Area (SPA) is a designated protected site under the EU Birds Directive. This dataset cover the statutory list of SPAs surveyed and designated. Geographic coverage of SPAs include the Republic of Ireland and coastal areas. Data on SPA designation has been ongoing since 1985. The necessary SPA survey work on birds has been undertaken by the National Parks and Wildlife (NPWS). SPA designation supports the designation of protected sites for rare and vulnerable bird species. Data completed as per release by NPWS June 2017."],
"theme" :[],
"dateCreated" :["From 1985 onwards"],
"creditText" :[],
"datePublished" :["From 1985 onwards"],
"producer" :["Marine Institute"],
"author" :["Gareth John (GIS Manager)"],
"spatialCoverage" :["Republic of Ireland and Irish Internal Waters"],
"url" :["https://edmed.seadatanet.org/report/6479/"],
"sponsor" :[],
"size" :[],
"sameAs" :[],
"publication" :[],
"provider" :["Marine Institute"],
"position" :[],
"name" :["Special Protection Area (SPA) Ireland"],
"measurementTechnique" :["None"],
"material" :[],
"maintainer" :[],
"locationCreated" :["Ireland"],
"issn" :[],
"isPartOf" :[],
"isBasedOn" :[],
"isAccessibleForFree" :[],
"includedInDataCatalog" :[],
"editor" :[],
"editEIDR" :[],
"copyrightYear" :[],
"copyrightNotice" :[],
"copyrightHolder" :["National Parks and Wildlife Service"],
"contributor" :["National Parks and Wildlife Service"],
"contentReferenceTime" :["From 1985 onwards"],
"contentLocation" :["Ireland"],
"character" :[],
"acquireLicensePage" :[],
"accessModeSufficient" :[],
"about" :[],
"rights" :[],
"relation" :[],
"qualifiedRelation" :[],
"qualifiedAttribution" :[],
"previousVersion" :[],
"nextVersion" :[],
"landingPage" :[],
"isReferencedBy" :[],
"hasVersion" :[],
"hasPolicy" :[],
"hasCurrentVersion" :[],
"useConstraints" :[],
"status" :[],
"spatialRepresentationType" :[],
"spatialRepresentationInfo" :[],
"scope" :[],
"purpose" :[],
"otherLocale" :[],
"metadataProfile" :[],
"metadataLinkage" :[],
"metadataIdentifier" :[],
"environmentDescription" :[],
"distributionInfo" :["https://data.gov.ie/dataset/special-protection-areas"],
"dataQualityInfo" :[],
"contentInfo" :[],
"ResearchInfrastructure" :["SeaDataNet"],
"EssentialVariables" :[],
"potentialTopics" :["none", "time", "date", "protection", "area", "spa", "special"]
}