{
"description" :["The aim was to completely dissolve sediment trap samples supplied on membrane filters and form a sample solution of dilute nitric acid which may then be analysed by atomic absorption spectroscopy. The delta-13 C signature of organic matter in the sediment traps has been used to identify sources of organic matter and associate these with other constituents."],
"identifier" :["1007003"],
"keywords" :["Sedimentation flux of metallic and metalloid elements and isotopes in water bodies; Metal fluxes between the bed and the water column; Radioactivity in water bodies; Geological sample radioactivity"],
"language" :[],
"accessibilitySummary" :[],
"contact" :["University of Edinburgh, Department of Geology and Geophysics The Kings Buildings,\nWest Mains Road Edinburgh  EH9 3JW United Kingdom"],
"version" :[],
"temporalCoverage" :[],
"publisher" :["University of Edinburgh, Department of Geology and Geophysics"],
"spatial" :[],
"license" :[],
"citation" :[],
"genre" :[],
"creator" :["University of Edinburgh, Department of Geology and Geophysics"],
"modificationDate" :["2009-11-30"],
"distribution" :[],
"image" :[],
"thumbnailUrl" :[],
"headline" :[],
"abstract" :["The aim was to completely dissolve sediment trap samples supplied on membrane filters and form a sample solution of dilute nitric acid which may then be analysed by atomic absorption spectroscopy. The delta-13 C signature of organic matter in the sediment traps has been used to identify sources of organic matter and associate these with other constituents."],
"theme" :[],
"dateCreated" :["From March 1997 to February 1999"],
"creditText" :[],
"datePublished" :["From March 1997 to February 1999"],
"producer" :["British Oceanographic Data Centre"],
"author" :["Secretariat"],
"spatialCoverage" :["Southern Adriatic Sea, Northern Ionian Sea, Otranto Strait"],
"url" :["https://edmed.seadatanet.org/report/248/"],
"sponsor" :[],
"size" :[],
"sameAs" :[],
"publication" :[],
"provider" :["British Oceanographic Data Centre"],
"position" :[],
"name" :["Downward fluxes of major inorganic elements in Adriatic, Ionian and Otranto Strait during MATER Project"],
"measurementTechnique" :["Discrete water samplers; sediment traps; elemental analysers; atomic absorption spectrometers"],
"material" :[],
"maintainer" :[],
"locationCreated" :["United Kingdom"],
"issn" :[],
"isPartOf" :[],
"isBasedOn" :[],
"isAccessibleForFree" :[],
"includedInDataCatalog" :[],
"editor" :[],
"editEIDR" :[],
"copyrightYear" :[],
"copyrightNotice" :[],
"copyrightHolder" :["University of Edinburgh, Department of Geology and Geophysics"],
"contributor" :["University of Edinburgh, Department of Geology and Geophysics"],
"contentReferenceTime" :["From March 1997 to February 1999"],
"contentLocation" :["United Kingdom"],
"character" :[],
"acquireLicensePage" :[],
"accessModeSufficient" :[],
"about" :[],
"rights" :[],
"relation" :[],
"qualifiedRelation" :[],
"qualifiedAttribution" :[],
"previousVersion" :[],
"nextVersion" :[],
"landingPage" :[],
"isReferencedBy" :[],
"hasVersion" :[],
"hasPolicy" :[],
"hasCurrentVersion" :[],
"useConstraints" :[],
"status" :[],
"spatialRepresentationType" :[],
"spatialRepresentationInfo" :[],
"scope" :[],
"purpose" :[],
"otherLocale" :[],
"metadataProfile" :[],
"metadataLinkage" :[],
"metadataIdentifier" :[],
"environmentDescription" :[],
"distributionInfo" :["None"],
"dataQualityInfo" :[],
"contentInfo" :[],
"ResearchInfrastructure" :["SeaDataNet"],
"EssentialVariables" :["Subsurface temperature", "Sea surface salinity", "subsurface salinity", "Ocean Sound", "Stable carbon isotopes", "Dissolved organic carbon", "Inorganic Carbon", "Transient Tracers"],
"potentialTopics" :["spectrometer", "atomic", "sampler", "trap", "elemental", "sediment", "absorption", "discrete", "water", "flux", "element", "major", "mater", "downward", "strait", "project", "inorganic", "body", "radioactivity", "sample", "metallic", "geological", "isotope", "metalloid", "sedimentation"]
}