{
"description" :["Local authorities, the Environment Agency and Coastal Groups of the southeast of England are working with a collective vision, to develop a long-term region wide coastal process monitoring and analysis programme.   Following many years of ad-hoc monitoring of coastal processes within the southeast, an extensive integrated survey programme has been developed to cover approx. 1000km of open coastline and estuaries between Portland Bill and the Isle of Grain. The programme is expected to cost approx 1.5m per year and will initially be funded for a period of five years, but with an expectation that the programme will continue indefinitely. The main funding source is DEFRA, Local Authorities and the Environment Agency. Funding commenced in August 2002. The programme will act as a regional pilot model that may later be used within other regions of England and Wales. Data will be collected via a series of contracts and also by in-house local authority teams."],
"identifier" :["1106001"],
"keywords" :["Sea level; Temperature of the water column; Wave height and period statistics"],
"language" :[],
"accessibilitySummary" :[],
"contact" :["Channel Coastal Observatory University of Southampton,\nEuropean Way Southampton  SO14 3ZH United Kingdom"],
"version" :[],
"temporalCoverage" :[],
"publisher" :["Channel Coastal Observatory"],
"spatial" :[],
"license" :[],
"citation" :[],
"genre" :[],
"creator" :["Channel Coastal Observatory"],
"modificationDate" :["2009-10-19"],
"distribution" :[],
"image" :[],
"thumbnailUrl" :[],
"headline" :[],
"abstract" :["Local authorities, the Environment Agency and Coastal Groups of the southeast of England are working with a collective vision, to develop a long-term region wide coastal process monitoring and analysis programme.   Following many years of ad-hoc monitoring of coastal processes within the southeast, an extensive integrated survey programme has been developed to cover approx. 1000km of open coastline and estuaries between Portland Bill and the Isle of Grain. The programme is expected to cost approx 1.5m per year and will initially be funded for a period of five years, but with an expectation that the programme will continue indefinitely. The main funding source is DEFRA, Local Authorities and the Environment Agency. Funding commenced in August 2002. The programme will act as a regional pilot model that may later be used within other regions of England and Wales. Data will be collected via a series of contracts and also by in-house local authority teams."],
"theme" :[],
"dateCreated" :["2002"],
"creditText" :[],
"datePublished" :["2002"],
"producer" :["British Oceanographic Data Centre"],
"author" :["Data Management Officer (Data Management Officer)"],
"spatialCoverage" :["English Channel"],
"url" :["https://edmed.seadatanet.org/report/912/"],
"sponsor" :[],
"size" :[],
"sameAs" :[],
"publication" :[],
"provider" :["British Oceanographic Data Centre"],
"position" :[],
"name" :["Channel Coastal Observatory"],
"measurementTechnique" :["Wave recorders; water temperature sensor; laser altimeters; cameras"],
"material" :[],
"maintainer" :[],
"locationCreated" :["United Kingdom"],
"issn" :[],
"isPartOf" :[],
"isBasedOn" :[],
"isAccessibleForFree" :[],
"includedInDataCatalog" :[],
"editor" :[],
"editEIDR" :[],
"copyrightYear" :[],
"copyrightNotice" :[],
"copyrightHolder" :["Channel Coastal Observatory"],
"contributor" :["Channel Coastal Observatory"],
"contentReferenceTime" :["2002"],
"contentLocation" :["United Kingdom"],
"character" :[],
"acquireLicensePage" :[],
"accessModeSufficient" :[],
"about" :[],
"rights" :[],
"relation" :[],
"qualifiedRelation" :[],
"qualifiedAttribution" :[],
"previousVersion" :[],
"nextVersion" :[],
"landingPage" :[],
"isReferencedBy" :[],
"hasVersion" :[],
"hasPolicy" :[],
"hasCurrentVersion" :[],
"useConstraints" :[],
"status" :[],
"spatialRepresentationType" :[],
"spatialRepresentationInfo" :[],
"scope" :[],
"purpose" :[],
"otherLocale" :[],
"metadataProfile" :[],
"metadataLinkage" :[],
"metadataIdentifier" :[],
"environmentDescription" :[],
"distributionInfo" :["http://www.channelcoast.org/data_management/real_time_data/"],
"dataQualityInfo" :[],
"contentInfo" :[],
"ResearchInfrastructure" :["SeaDataNet"],
"EssentialVariables" :["Sea state", "Sea ice", "Sea level", "Sea surface temperature", "Subsurface temperature", "Sea surface currents"],
"potentialTopics" :["channel", "coastal", "observatory", "temperature", "wave", "water", "period", "sea", "height", "level", "column", "statistic", "camera", "sensor", "recorder", "altimeter", "laser"]
}