{
"description" :["CTD data were collected (since 2001) on cruises carried out by the IEO in the Porcupine Bank to characterise water masses."],
"identifier" :["1401_ctd_porcupine"],
"keywords" :["Salinity of the water column; Temperature of the water column"],
"language" :[],
"accessibilitySummary" :[],
"contact" :["IEO, Spanish Oceanographic Institute Corazon de Maria, 8 MADRID  28002 Spain"],
"version" :[],
"temporalCoverage" :[],
"publisher" :["IEO, Spanish Oceanographic Institute"],
"spatial" :[],
"license" :[],
"citation" :[],
"genre" :[],
"creator" :["IEO, Gijon Oceanographic Centre"],
"modificationDate" :["2015-09-01"],
"distribution" :[],
"image" :[],
"thumbnailUrl" :[],
"headline" :[],
"abstract" :["CTD data were collected (since 2001) on cruises carried out by the IEO in the Porcupine Bank to characterise water masses."],
"theme" :[],
"dateCreated" :["From 2001 onwards"],
"creditText" :[],
"datePublished" :["From 2001 onwards"],
"producer" :["IEO, Spanish Oceanographic Institute"],
"author" :["TEL Elena"],
"spatialCoverage" :["Porcupine Bank"],
"url" :["https://edmed.seadatanet.org/report/6321/"],
"sponsor" :[],
"size" :[],
"sameAs" :[],
"publication" :[],
"provider" :["IEO, Spanish Oceanographic Institute"],
"position" :[],
"name" :["CTD data in the Porcupine Bank area (since 2001)"],
"measurementTechnique" :["CTD"],
"material" :[],
"maintainer" :[],
"locationCreated" :["Spain"],
"issn" :[],
"isPartOf" :[],
"isBasedOn" :[],
"isAccessibleForFree" :[],
"includedInDataCatalog" :[],
"editor" :[],
"editEIDR" :[],
"copyrightYear" :[],
"copyrightNotice" :[],
"copyrightHolder" :["IEO, Spanish Oceanographic Institute"],
"contributor" :["IEO, Spanish Oceanographic Institute"],
"contentReferenceTime" :["From 2001 onwards"],
"contentLocation" :["Spain"],
"character" :[],
"acquireLicensePage" :[],
"accessModeSufficient" :[],
"about" :[],
"rights" :[],
"relation" :[],
"qualifiedRelation" :[],
"qualifiedAttribution" :[],
"previousVersion" :[],
"nextVersion" :[],
"landingPage" :[],
"isReferencedBy" :[],
"hasVersion" :[],
"hasPolicy" :[],
"hasCurrentVersion" :[],
"useConstraints" :[],
"status" :[],
"spatialRepresentationType" :[],
"spatialRepresentationInfo" :[],
"scope" :[],
"purpose" :[],
"otherLocale" :[],
"metadataProfile" :[],
"metadataLinkage" :[],
"metadataIdentifier" :[],
"environmentDescription" :[],
"distributionInfo" :["None"],
"dataQualityInfo" :[],
"contentInfo" :[],
"ResearchInfrastructure" :["SeaDataNet"],
"EssentialVariables" :["Sea surface temperature", "Subsurface temperature", "Sea surface salinity", "subsurface salinity"],
"potentialTopics" :["water", "column", "salinity", "temperature", "bank", "porcupine", "since", "data", "area"]
}