{
"description" :["The Rv. Supsa and the sea area adjacent to the river delta are located in the limits of the zone subjected to the impact from oil pipeline and oil terminal. Objectives of cruise were the collection and analyze of water and sediment samples from Rv. Supsa, offshore zone of Oil Terminal and river delta, with purpose of the evaluation of Terminal impact on marine environment. The temperature of water is measured on the board of ship using the water tester."],
"identifier" :["None"],
"keywords" :["Temperature of the water column"],
"language" :[],
"accessibilitySummary" :[],
"contact" :["None"],
"version" :[],
"temporalCoverage" :[],
"publisher" :["None"],
"spatial" :[],
"license" :[],
"citation" :[],
"genre" :[],
"creator" :["Scientific, Research Firm GAMMA"],
"modificationDate" :["None"],
"distribution" :[],
"image" :[],
"thumbnailUrl" :[],
"headline" :[],
"abstract" :["The Rv. Supsa and the sea area adjacent to the river delta are located in the limits of the zone subjected to the impact from oil pipeline and oil terminal. Objectives of cruise were the collection and analyze of water and sediment samples from Rv. Supsa, offshore zone of Oil Terminal and river delta, with purpose of the evaluation of Terminal impact on marine environment. The temperature of water is measured on the board of ship using the water tester."],
"theme" :[],
"dateCreated" :["2001"],
"creditText" :[],
"datePublished" :["2001"],
"producer" :["None"],
"author" :["None"],
"spatialCoverage" :["Black Sea coastal zone, Rv.Supsa delta"],
"url" :["https://edmed.seadatanet.org/report/5299/"],
"sponsor" :[],
"size" :[],
"sameAs" :[],
"publication" :[],
"provider" :["None"],
"position" :[],
"name" :["Temperature of sea water of Riv. Supsa mouth area, Georgia-2001"],
"measurementTechnique" :["Discrete water samplers; salinity sensor; pH sensors; redox potential sensors"],
"material" :[],
"maintainer" :[],
"locationCreated" :["Georgia"],
"issn" :[],
"isPartOf" :[],
"isBasedOn" :[],
"isAccessibleForFree" :[],
"includedInDataCatalog" :[],
"editor" :[],
"editEIDR" :[],
"copyrightYear" :[],
"copyrightNotice" :[],
"copyrightHolder" :["Scientific, Research Firm GAMMA"],
"contributor" :["Scientific, Research Firm GAMMA"],
"contentReferenceTime" :["2001"],
"contentLocation" :["Georgia"],
"character" :[],
"acquireLicensePage" :[],
"accessModeSufficient" :[],
"about" :[],
"rights" :[],
"relation" :[],
"qualifiedRelation" :[],
"qualifiedAttribution" :[],
"previousVersion" :[],
"nextVersion" :[],
"landingPage" :[],
"isReferencedBy" :[],
"hasVersion" :[],
"hasPolicy" :[],
"hasCurrentVersion" :[],
"useConstraints" :[],
"status" :[],
"spatialRepresentationType" :[],
"spatialRepresentationInfo" :[],
"scope" :[],
"purpose" :[],
"otherLocale" :[],
"metadataProfile" :[],
"metadataLinkage" :[],
"metadataIdentifier" :[],
"environmentDescription" :[],
"distributionInfo" :["None"],
"dataQualityInfo" :[],
"contentInfo" :[],
"ResearchInfrastructure" :["SeaDataNet"],
"EssentialVariables" :["Sea state", "Sea ice", "Sea level", "Sea surface temperature", "Subsurface temperature", "Sea surface currents", "Sea surface salinity", "subsurface salinity"],
"potentialTopics" :["sensor", "salinity", "discrete", "sampler", "potential", "water", "temperature", "column", "sea", "area", "riv", "mouth"]
}