{
"description" :["The goal of the study was to examine biotic and abiotic factors which control phytoplankton species diversity in different temporal and spatial scales. Special emphasis was laid on studies of hydrophysical control mechanisms affecting species selection directly or through nutrients and on studies of grazer- mediated mechanisms. The high-resolution CTD measurements were carried out with the aim to study the role of meso-scale hydrophysical processes on the dynamics of marine ecosystem. The measurement campaign was performed at the entrance area of the Gulf of Finland in 1997 from July 14 to July 23. Overall 5 surveys were performed in the study area (1082 CTD profiles). The CTD data are quality controlled."],
"identifier" :["48001006"],
"keywords" :["Raw temperature and/or salinity instrument output"],
"language" :[],
"accessibilitySummary" :[],
"contact" :["Department of Marine Systems at Tallinn University of Technology MSI, Akadeemia tee 15a Tallinn  12618 Estonia"],
"version" :[],
"temporalCoverage" :[],
"publisher" :["Department of Marine Systems at Tallinn University of Technology"],
"spatial" :[],
"license" :[],
"citation" :[],
"genre" :[],
"creator" :["Department of Marine Systems at Tallinn University of Technology"],
"modificationDate" :["2015-09-09"],
"distribution" :[],
"image" :[],
"thumbnailUrl" :[],
"headline" :[],
"abstract" :["The goal of the study was to examine biotic and abiotic factors which control phytoplankton species diversity in different temporal and spatial scales. Special emphasis was laid on studies of hydrophysical control mechanisms affecting species selection directly or through nutrients and on studies of grazer- mediated mechanisms. The high-resolution CTD measurements were carried out with the aim to study the role of meso-scale hydrophysical processes on the dynamics of marine ecosystem. The measurement campaign was performed at the entrance area of the Gulf of Finland in 1997 from July 14 to July 23. Overall 5 surveys were performed in the study area (1082 CTD profiles). The CTD data are quality controlled."],
"theme" :[],
"dateCreated" :["14 July to 23 July 1997"],
"creditText" :[],
"datePublished" :["14 July to 23 July 1997"],
"producer" :["Department of Marine Systems at Tallinn University of Technology"],
"author" :["Jaan Laanemets"],
"spatialCoverage" :["The entrance area of the Gulf of Finland"],
"url" :["https://edmed.seadatanet.org/report/1133/"],
"sponsor" :[],
"size" :[],
"sameAs" :[],
"publication" :[],
"provider" :["Department of Marine Systems at Tallinn University of Technology"],
"position" :[],
"name" :["BIODIV 1997 towed CTD - Hydrophysical and grazing control of phytoplankton, entrance of the Gulf of Finland"],
"measurementTechnique" :["CTD"],
"material" :[],
"maintainer" :[],
"locationCreated" :["Estonia"],
"issn" :[],
"isPartOf" :[],
"isBasedOn" :[],
"isAccessibleForFree" :[],
"includedInDataCatalog" :[],
"editor" :[],
"editEIDR" :[],
"copyrightYear" :[],
"copyrightNotice" :[],
"copyrightHolder" :["Department of Marine Systems at Tallinn University of Technology"],
"contributor" :["Department of Marine Systems at Tallinn University of Technology"],
"contentReferenceTime" :["14 July to 23 July 1997"],
"contentLocation" :["Estonia"],
"character" :[],
"acquireLicensePage" :[],
"accessModeSufficient" :[],
"about" :[],
"rights" :[],
"relation" :[],
"qualifiedRelation" :[],
"qualifiedAttribution" :[],
"previousVersion" :[],
"nextVersion" :[],
"landingPage" :[],
"isReferencedBy" :[],
"hasVersion" :[],
"hasPolicy" :[],
"hasCurrentVersion" :[],
"useConstraints" :[],
"status" :[],
"spatialRepresentationType" :[],
"spatialRepresentationInfo" :[],
"scope" :[],
"purpose" :[],
"otherLocale" :[],
"metadataProfile" :[],
"metadataLinkage" :[],
"metadataIdentifier" :[],
"environmentDescription" :[],
"distributionInfo" :["None"],
"dataQualityInfo" :[],
"contentInfo" :[],
"ResearchInfrastructure" :["SeaDataNet"],
"EssentialVariables" :["Sea surface temperature", "Subsurface temperature", "Sea surface salinity", "subsurface salinity", "Plankton"],
"potentialTopics" :["raw", "output", "salinity", "instrument", "temperature", "towed", "phytoplankton", "gulf", "entrance", "grazing", "control"]
}