{
"description" :["This dataset consists of physical oceanographic and meteorological data collected in the South Orkney Islands, Southern Ocean, onboard the RRS James Clark Ross during the period of 25 February 2016 until 25 March 2016 on JR15005 a South Orkney State of the Antarctic Ecosystem (SO-AntEco) cruise. Measurements were taken using conductivity-temperature-depth (CTD) profilers with attached auxiliary sensors, expendable bathythermographs (XBTs) and the ships underway monitoring system. Hydrographic profiles provide measurements of the water column, temperature, salinity, depth, conductivity, transmittance, fluorescence, irradiance, altimetry and dissolved oxygen. Underway measurements include meteorological, surface hydrography and navigational data. The data have been collected as part of the SO-AntEco project, a British Antarctic Survey (BAS) funded programme from 20 August 2015 to 24 August 2016 lead by Dr Huw Griffiths (BAS). This involved international collaboration with scientists from BAS, Scientific Committee for Antarctic Research (SCAR), Universities (Bristol, Hull, Liverpool and Oxford) and the Natural History Museum (NHM), London. This project was part of the wider SCAR biological research programme - State of the Antarctic Ecosystem (AntEco). The British Oceanographic Data Centre (BODC) hold CTD, XBT, navigation, meteorological and surface hydrographic data.  The Polar Data Centre (PDC) at BAS are responsible for the long-term management of other datasets collected on cruise JR15005."],
"identifier" :["1048SO-AntEco"],
"keywords" :["Air pressure; Atmospheric humidity; Salinity of the water column; Temperature of the water column; Chlorophyll pigment concentrations in water bodies; Dissolved oxygen parameters in the water column; Raw temperature and/or salinity instrument output; Horizontal spatial co-ordinates; Platform or instrument orientation; Visible waveband radiance and irradiance measurements in the water column; Electrical conductivity of the water column; Transmittance and attenuance of the water column; Air temperature; Wind strength and direction"],
"language" :[],
"accessibilitySummary" :[],
"contact" :["British Oceanographic Data Centre Joseph Proudman Building\n6 Brownlow Street Liverpool Merseyside L3 5DA United Kingdom"],
"version" :[],
"temporalCoverage" :[],
"publisher" :["British Oceanographic Data Centre"],
"spatial" :[],
"license" :[],
"citation" :[],
"genre" :[],
"creator" :["British Antarctic Survey"],
"modificationDate" :["2021-04-21"],
"distribution" :[],
"image" :[],
"thumbnailUrl" :[],
"headline" :[],
"abstract" :["This dataset consists of physical oceanographic and meteorological data collected in the South Orkney Islands, Southern Ocean, onboard the RRS James Clark Ross during the period of 25 February 2016 until 25 March 2016 on JR15005 a South Orkney State of the Antarctic Ecosystem (SO-AntEco) cruise. Measurements were taken using conductivity-temperature-depth (CTD) profilers with attached auxiliary sensors, expendable bathythermographs (XBTs) and the ships underway monitoring system. Hydrographic profiles provide measurements of the water column, temperature, salinity, depth, conductivity, transmittance, fluorescence, irradiance, altimetry and dissolved oxygen. Underway measurements include meteorological, surface hydrography and navigational data. The data have been collected as part of the SO-AntEco project, a British Antarctic Survey (BAS) funded programme from 20 August 2015 to 24 August 2016 lead by Dr Huw Griffiths (BAS). This involved international collaboration with scientists from BAS, Scientific Committee for Antarctic Research (SCAR), Universities (Bristol, Hull, Liverpool and Oxford) and the Natural History Museum (NHM), London. This project was part of the wider SCAR biological research programme - State of the Antarctic Ecosystem (AntEco). The British Oceanographic Data Centre (BODC) hold CTD, XBT, navigation, meteorological and surface hydrographic data.  The Polar Data Centre (PDC) at BAS are responsible for the long-term management of other datasets collected on cruise JR15005."],
"theme" :[],
"dateCreated" :["South Orkney State of the Antarctic Ecosystem (SO-AntEco) dataset created by the British Antractic Survey (20 August 2015 to 24 August 2016)"],
"creditText" :[],
"datePublished" :["South Orkney State of the Antarctic Ecosystem (SO-AntEco) dataset created by the British Antractic Survey (20 August 2015 to 24 August 2016)"],
"producer" :["British Oceanographic Data Centre"],
"author" :["Polly Hadiabdi (Head of the BODC Requests Team)"],
"spatialCoverage" :["South Orkney Islands"],
"url" :["https://edmed.seadatanet.org/report/6742/"],
"sponsor" :[],
"size" :[],
"sameAs" :[],
"publication" :[],
"provider" :["British Oceanographic Data Centre"],
"position" :[],
"name" :["South Orkney State of the Antarctic Ecosystem (SO-AntEco) dataset"],
"measurementTechnique" :["Anemometers; fluorometers; bathythermographs; thermosalinographs; altimeters; Global Navigation Satellite System receivers; water pressure sensors; CTD; transmissometers; water temperature sensor; meteorological packages"],
"material" :[],
"maintainer" :[],
"locationCreated" :["United Kingdom"],
"issn" :[],
"isPartOf" :[],
"isBasedOn" :[],
"isAccessibleForFree" :[],
"includedInDataCatalog" :[],
"editor" :[],
"editEIDR" :[],
"copyrightYear" :[],
"copyrightNotice" :[],
"copyrightHolder" :["British Oceanographic Data Centre"],
"contributor" :["British Oceanographic Data Centre"],
"contentReferenceTime" :["South Orkney State of the Antarctic Ecosystem (SO-AntEco) dataset created by the British Antractic Survey (20 August 2015 to 24 August 2016)"],
"contentLocation" :["United Kingdom"],
"character" :[],
"acquireLicensePage" :[],
"accessModeSufficient" :[],
"about" :[],
"rights" :[],
"relation" :[],
"qualifiedRelation" :[],
"qualifiedAttribution" :[],
"previousVersion" :[],
"nextVersion" :[],
"landingPage" :[],
"isReferencedBy" :[],
"hasVersion" :[],
"hasPolicy" :[],
"hasCurrentVersion" :[],
"useConstraints" :[],
"status" :[],
"spatialRepresentationType" :[],
"spatialRepresentationInfo" :[],
"scope" :[],
"purpose" :[],
"otherLocale" :[],
"metadataProfile" :[],
"metadataLinkage" :[],
"metadataIdentifier" :[],
"environmentDescription" :[],
"distributionInfo" :["https://www.bodc.ac.uk/data/bodc_database/nodb/search/"],
"dataQualityInfo" :[],
"contentInfo" :[],
"ResearchInfrastructure" :["SeaDataNet"],
"EssentialVariables" :["Sea state", "Sea surface temperature", "Subsurface temperature", "Sea surface salinity", "subsurface salinity"],
"potentialTopics" :["sensor", "water", "anemometer", "pressure", "system", "satellite", "navigation", "meteorological", "global", "package", "ecosystem", "antarctic", "south", "state", "column", "temperature", "salinity", "instrument", "air", "wind", "orientation", "concentration"]
}