{
"description" :["HYDROLOGY OF VILLEFRANCHE BAY (B POINT)"],
"identifier" :["VLFHY1"],
"keywords" :["Salinity of the water column; Temperature of the water column"],
"language" :[],
"accessibilitySummary" :[],
"contact" :["Laboratory of Oceanography of Villefranche 181 chemin du Lazaret Villefranche-sur-Mer  06230 France"],
"version" :[],
"temporalCoverage" :[],
"publisher" :["Laboratory of Oceanography of Villefranche"],
"spatial" :[],
"license" :[],
"citation" :[],
"genre" :[],
"creator" :["Laboratory of Oceanography of Villefranche"],
"modificationDate" :["2011-01-25"],
"distribution" :[],
"image" :[],
"thumbnailUrl" :[],
"headline" :[],
"abstract" :["HYDROLOGY OF VILLEFRANCHE BAY (B POINT)"],
"theme" :[],
"dateCreated" :["1958 ---&gt;"],
"creditText" :[],
"datePublished" :["1958 ---&gt;"],
"producer" :["Ifremer, Scientific Information Systems for the sea"],
"author" :["DALLOT Serge"],
"spatialCoverage" :["Villefranche Bay, ligurian Sea, NW Mediteranean Sea (43.41N - 7.19E)"],
"url" :["https://edmed.seadatanet.org/report/4522/"],
"sponsor" :[],
"size" :[],
"sameAs" :[],
"publication" :[],
"provider" :["Ifremer, Scientific Information Systems for the sea"],
"position" :[],
"name" :["HYDROGRPPHY OF THE VILLEFRANCHE BAY"],
"measurementTechnique" :["Discrete water samplers; salinity sensor"],
"material" :[],
"maintainer" :[],
"locationCreated" :["France"],
"issn" :[],
"isPartOf" :[],
"isBasedOn" :[],
"isAccessibleForFree" :[],
"includedInDataCatalog" :[],
"editor" :[],
"editEIDR" :[],
"copyrightYear" :[],
"copyrightNotice" :[],
"copyrightHolder" :["Laboratory of Oceanography of Villefranche"],
"contributor" :["Laboratory of Oceanography of Villefranche"],
"contentReferenceTime" :["1958 ---&gt;"],
"contentLocation" :["France"],
"character" :[],
"acquireLicensePage" :[],
"accessModeSufficient" :[],
"about" :[],
"rights" :[],
"relation" :[],
"qualifiedRelation" :[],
"qualifiedAttribution" :[],
"previousVersion" :[],
"nextVersion" :[],
"landingPage" :[],
"isReferencedBy" :[],
"hasVersion" :[],
"hasPolicy" :[],
"hasCurrentVersion" :[],
"useConstraints" :[],
"status" :[],
"spatialRepresentationType" :[],
"spatialRepresentationInfo" :[],
"scope" :[],
"purpose" :[],
"otherLocale" :[],
"metadataProfile" :[],
"metadataLinkage" :[],
"metadataIdentifier" :[],
"environmentDescription" :[],
"distributionInfo" :["None"],
"dataQualityInfo" :[],
"contentInfo" :[],
"ResearchInfrastructure" :["SeaDataNet"],
"EssentialVariables" :["Sea surface temperature", "Subsurface temperature", "Sea surface salinity", "subsurface salinity"],
"potentialTopics" :["discrete", "sensor", "sampler", "salinity", "water", "bay", "temperature", "column"]
}