{
"description" :["Data have been recorded  by analog tide gauges since 1929. Data registration has been done by pen on chart replaced by new one on weekly base. There are some gaps in data. Recently data have been sent in real time to receiving centre."],
"identifier" :["44004002"],
"keywords" :["Sea level"],
"language" :[],
"accessibilitySummary" :[],
"contact" :["Andrija Mohorovicic Geophysical Institute, University of Zagreb Horvatovac 95 Zagreb  10000 Croatia"],
"version" :[],
"temporalCoverage" :[],
"publisher" :["Andrija Mohorovicic Geophysical Institute, University of Zagreb"],
"spatial" :[],
"license" :[],
"citation" :[],
"genre" :[],
"creator" :["Andrija Mohorovicic Geophysical Institute, University of Zagreb"],
"modificationDate" :["2008-12-24"],
"distribution" :[],
"image" :[],
"thumbnailUrl" :[],
"headline" :[],
"abstract" :["Data have been recorded  by analog tide gauges since 1929. Data registration has been done by pen on chart replaced by new one on weekly base. There are some gaps in data. Recently data have been sent in real time to receiving centre."],
"theme" :[],
"dateCreated" :["1929 up to now"],
"creditText" :[],
"datePublished" :["1929 up to now"],
"producer" :["Institute of Oceanography and Fisheries"],
"author" :["Mirko Orlic"],
"spatialCoverage" :["Bay of Bakar"],
"url" :["https://edmed.seadatanet.org/report/1080/"],
"sponsor" :[],
"size" :[],
"sameAs" :[],
"publication" :[],
"provider" :["Institute of Oceanography and Fisheries"],
"position" :[],
"name" :["Sea Level Data at Station Bakar"],
"measurementTechnique" :["Sea level recorders"],
"material" :[],
"maintainer" :[],
"locationCreated" :["Croatia"],
"issn" :[],
"isPartOf" :[],
"isBasedOn" :[],
"isAccessibleForFree" :[],
"includedInDataCatalog" :[],
"editor" :[],
"editEIDR" :[],
"copyrightYear" :[],
"copyrightNotice" :[],
"copyrightHolder" :["Andrija Mohorovicic Geophysical Institute, University of Zagreb"],
"contributor" :["Andrija Mohorovicic Geophysical Institute, University of Zagreb"],
"contentReferenceTime" :["1929 up to now"],
"contentLocation" :["Croatia"],
"character" :[],
"acquireLicensePage" :[],
"accessModeSufficient" :[],
"about" :[],
"rights" :[],
"relation" :[],
"qualifiedRelation" :[],
"qualifiedAttribution" :[],
"previousVersion" :[],
"nextVersion" :[],
"landingPage" :[],
"isReferencedBy" :[],
"hasVersion" :[],
"hasPolicy" :[],
"hasCurrentVersion" :[],
"useConstraints" :[],
"status" :[],
"spatialRepresentationType" :[],
"spatialRepresentationInfo" :[],
"scope" :[],
"purpose" :[],
"otherLocale" :[],
"metadataProfile" :[],
"metadataLinkage" :[],
"metadataIdentifier" :[],
"environmentDescription" :[],
"distributionInfo" :["None"],
"dataQualityInfo" :[],
"contentInfo" :[],
"ResearchInfrastructure" :["SeaDataNet"],
"EssentialVariables" :["Sea state", "Sea ice", "Sea level", "Sea surface currents"],
"potentialTopics" :["sea", "level", "station", "data", "recorder"]
}