{
"description" :["The Gulf of Finland is one of the most eutrophic parts of the Baltic Sea and although the external nutrient loads to the Gulf have declined during the last decade, the water dissolved inorganic phosphorus (DIP) concentrations have increased during the same period. The variability of phytoplankton biomass and species composition is very high both in time and space and depends largely from hydrodynamic processes accompanied by water movement and mixing, and transport of nutrients. The cyclonic general circulation scheme and estuary like inclination of density isopycn have been considered as one reason for higher productivity in the northern coastal sea of the Gulf of Finland. In shorter time scale the wind-induced vertical mixing and upwelling events (both coastal an offshore) are more important processes which bring nutrient rich water from lower layers to the upper layers and which form the patchy pattern in phytoplankton distribution. The sediments in the Gulf of Finland are significant sources of bioavailable phosphorus and in the present state the ecosystem of the Gulf of Finland is very sensitive to increased sediment effluxes of nutrients. Therefore it is necessary to investigate more closely the general hydrographical regime and related possible nutrient fluxes to the upper layers to be able to differentiate and demonstrate the importance of internal loading to the Gulfs ecosystem. The main goals of the project are: 1) to describe the hydrographical regime in a sea area between Tallinn and Helsinki during two different seasons in spring and summer; 2) to describe the concentrations of dissolved inorganic nutrients and their variability in depth, space and time in the sea area under investigation in spring and summer; 3) to describe the variability of phytoplankton biomass and species composition in the sea area under investigation in spring and summer; 4) to demonstrate the link between the variability of nutrient concentration and prevailing hydrographical conditions in the area under investigations; 5) to demonstrate in which scale the measured variability in phytoplankton biomass and species composition can be connected with the internal and external nutrient loads made available by the prevailing hydrographical features."],
"identifier" :["48001009"],
"keywords" :["Dissolved inorganic nitrogen concentration in the water column; Phytoplankton growth; Raw in-situ nutrient analyser output"],
"language" :[],
"accessibilitySummary" :[],
"contact" :["Department of Marine Systems at Tallinn University of Technology MSI, Akadeemia tee 15a Tallinn  12618 Estonia"],
"version" :[],
"temporalCoverage" :[],
"publisher" :["Department of Marine Systems at Tallinn University of Technology"],
"spatial" :[],
"license" :[],
"citation" :[],
"genre" :[],
"creator" :["Department of Marine Systems at Tallinn University of Technology"],
"modificationDate" :["2015-09-15"],
"distribution" :[],
"image" :[],
"thumbnailUrl" :[],
"headline" :[],
"abstract" :["The Gulf of Finland is one of the most eutrophic parts of the Baltic Sea and although the external nutrient loads to the Gulf have declined during the last decade, the water dissolved inorganic phosphorus (DIP) concentrations have increased during the same period. The variability of phytoplankton biomass and species composition is very high both in time and space and depends largely from hydrodynamic processes accompanied by water movement and mixing, and transport of nutrients. The cyclonic general circulation scheme and estuary like inclination of density isopycn have been considered as one reason for higher productivity in the northern coastal sea of the Gulf of Finland. In shorter time scale the wind-induced vertical mixing and upwelling events (both coastal an offshore) are more important processes which bring nutrient rich water from lower layers to the upper layers and which form the patchy pattern in phytoplankton distribution. The sediments in the Gulf of Finland are significant sources of bioavailable phosphorus and in the present state the ecosystem of the Gulf of Finland is very sensitive to increased sediment effluxes of nutrients. Therefore it is necessary to investigate more closely the general hydrographical regime and related possible nutrient fluxes to the upper layers to be able to differentiate and demonstrate the importance of internal loading to the Gulfs ecosystem. The main goals of the project are: 1) to describe the hydrographical regime in a sea area between Tallinn and Helsinki during two different seasons in spring and summer; 2) to describe the concentrations of dissolved inorganic nutrients and their variability in depth, space and time in the sea area under investigation in spring and summer; 3) to describe the variability of phytoplankton biomass and species composition in the sea area under investigation in spring and summer; 4) to demonstrate the link between the variability of nutrient concentration and prevailing hydrographical conditions in the area under investigations; 5) to demonstrate in which scale the measured variability in phytoplankton biomass and species composition can be connected with the internal and external nutrient loads made available by the prevailing hydrographical features."],
"theme" :[],
"dateCreated" :["01.01.2006 - 31.12.2009"],
"creditText" :[],
"datePublished" :["01.01.2006 - 31.12.2009"],
"producer" :["Department of Marine Systems at Tallinn University of Technology"],
"author" :["M.- J. Lilover (Oceanographic Data (Department of Marine Physics))"],
"spatialCoverage" :["Tallinn - Helsinki transect in the Gulf of Finland"],
"url" :["https://edmed.seadatanet.org/report/1136/"],
"sponsor" :[],
"size" :[],
"sameAs" :[],
"publication" :[],
"provider" :["Department of Marine Systems at Tallinn University of Technology"],
"position" :[],
"name" :["Influence of hydrographical features to the patchiness of phytoplankton biomass and species composition in the Gulf of Finland (2006-2009)"],
"measurementTechnique" :["CTD; autoanalysers"],
"material" :[],
"maintainer" :[],
"locationCreated" :["Estonia"],
"issn" :[],
"isPartOf" :[],
"isBasedOn" :[],
"isAccessibleForFree" :[],
"includedInDataCatalog" :[],
"editor" :[],
"editEIDR" :[],
"copyrightYear" :[],
"copyrightNotice" :[],
"copyrightHolder" :["Department of Marine Systems at Tallinn University of Technology"],
"contributor" :["Department of Marine Systems at Tallinn University of Technology"],
"contentReferenceTime" :["01.01.2006 - 31.12.2009"],
"contentLocation" :["Estonia"],
"character" :[],
"acquireLicensePage" :[],
"accessModeSufficient" :[],
"about" :[],
"rights" :[],
"relation" :[],
"qualifiedRelation" :[],
"qualifiedAttribution" :[],
"previousVersion" :[],
"nextVersion" :[],
"landingPage" :[],
"isReferencedBy" :[],
"hasVersion" :[],
"hasPolicy" :[],
"hasCurrentVersion" :[],
"useConstraints" :[],
"status" :[],
"spatialRepresentationType" :[],
"spatialRepresentationInfo" :[],
"scope" :[],
"purpose" :[],
"otherLocale" :[],
"metadataProfile" :[],
"metadataLinkage" :[],
"metadataIdentifier" :[],
"environmentDescription" :[],
"distributionInfo" :["None"],
"dataQualityInfo" :[],
"contentInfo" :[],
"ResearchInfrastructure" :["SeaDataNet"],
"EssentialVariables" :["Nutrients", "Nitrous oxide", "Inorganic Carbon", "Nitrous Oxide", "Plankton"],
"potentialTopics" :["output", "water", "nitrogen", "raw", "phytoplankton", "dissolved", "inorganic", "nutrient", "growth", "column", "concentration", "hydrographical", "gulf", "specie", "feature", "influence", "composition", "patchiness", "biomass"]
}