{
"description" :["The dataset consists of 40 CTD profiles which were collected during 6 oceanographic surveys in the period between 17th and 22nd September 1996. The stations covered an area of about 8km2 and  included measurements of sea currents. The survey was commissioned by Water Services Corporation with the intention of studying the hydrographic characteristics of this marine area for the purpose of a sewage outfall."],
"identifier" :["45008004"],
"keywords" :["Alkalinity, acidity and pH of the water column; Salinity of the water column; Temperature of the water column; Dissolved oxygen parameters in the water column"],
"language" :[],
"accessibilitySummary" :[],
"contact" :["International Ocean Institute, Malta Operational Centre (University Of Malta), Physical Oceanography Unit IOI-MOC, Rooms 314/5/6, Chemistry Building, University of Malta\n\n Msida  MSD 2080 Malta"],
"version" :[],
"temporalCoverage" :[],
"publisher" :["International Ocean Institute, Malta Operational Centre (University Of Malta), Physical Oceanography Unit"],
"spatial" :[],
"license" :[],
"citation" :[],
"genre" :[],
"creator" :["Water Services Corporation"],
"modificationDate" :["2017-11-29"],
"distribution" :[],
"image" :[],
"thumbnailUrl" :[],
"headline" :[],
"abstract" :["The dataset consists of 40 CTD profiles which were collected during 6 oceanographic surveys in the period between 17th and 22nd September 1996. The stations covered an area of about 8km2 and  included measurements of sea currents. The survey was commissioned by Water Services Corporation with the intention of studying the hydrographic characteristics of this marine area for the purpose of a sewage outfall."],
"theme" :[],
"dateCreated" :["From 17 to 22 September 1996"],
"creditText" :[],
"datePublished" :["From 17 to 22 September 1996"],
"producer" :["International Ocean Institute, Malta Operational Centre (University Of Malta), Physical Oceanography Unit"],
"author" :["Aldo Drago (Professor)"],
"spatialCoverage" :["Cumnija Bay"],
"url" :["https://edmed.seadatanet.org/report/6751/"],
"sponsor" :[],
"size" :[],
"sameAs" :[],
"publication" :[],
"provider" :["International Ocean Institute, Malta Operational Centre (University Of Malta), Physical Oceanography Unit"],
"position" :[],
"name" :["Cumnija Bay CTD 1996"],
"measurementTechnique" :["Salinity sensor; pH sensors; CTD; dissolved gas sensors"],
"material" :[],
"maintainer" :[],
"locationCreated" :["Malta"],
"issn" :[],
"isPartOf" :[],
"isBasedOn" :[],
"isAccessibleForFree" :[],
"includedInDataCatalog" :[],
"editor" :[],
"editEIDR" :[],
"copyrightYear" :[],
"copyrightNotice" :[],
"copyrightHolder" :["International Ocean Institute, Malta Operational Centre (University Of Malta), Physical Oceanography Unit"],
"contributor" :["International Ocean Institute, Malta Operational Centre (University Of Malta), Physical Oceanography Unit"],
"contentReferenceTime" :["From 17 to 22 September 1996"],
"contentLocation" :["Malta"],
"character" :[],
"acquireLicensePage" :[],
"accessModeSufficient" :[],
"about" :[],
"rights" :[],
"relation" :[],
"qualifiedRelation" :[],
"qualifiedAttribution" :[],
"previousVersion" :[],
"nextVersion" :[],
"landingPage" :[],
"isReferencedBy" :[],
"hasVersion" :[],
"hasPolicy" :[],
"hasCurrentVersion" :[],
"useConstraints" :[],
"status" :[],
"spatialRepresentationType" :[],
"spatialRepresentationInfo" :[],
"scope" :[],
"purpose" :[],
"otherLocale" :[],
"metadataProfile" :[],
"metadataLinkage" :[],
"metadataIdentifier" :[],
"environmentDescription" :[],
"distributionInfo" :["None"],
"dataQualityInfo" :[],
"contentInfo" :[],
"ResearchInfrastructure" :["SeaDataNet"],
"EssentialVariables" :["Sea surface temperature", "Subsurface temperature", "Sea surface salinity", "subsurface salinity", "Oxygen"],
"potentialTopics" :["water", "column", "alkalinity", "oxygen", "acidity", "temperature", "parameter", "salinity", "dissolved", "bay", "sensor", "gas"]
}