{
"description" :["The monitoring program was executed in order to obtain a first comprehensive report on the environmental aspects of dredging activities. The dredged materials are dumped into the Southern Bight of the North Sea. In order to evaluate the degree of contamination of the dredged sediment against the natural background levels, 77 samples of bottom sediment from the dredging areas, 3 samples of dredged material from the hopper or trailing suction dredger were taken. Furthermore, 10 bottom samples from the Belgian continental shelf outside the navigation channels were added."],
"identifier" :["11009013"],
"keywords" :["Bacteria generic abundance in sediment; Sediment grain size parameters; Nitrate concentration parameters in the water column; Phosphate concentration parameters in the water column; Concentration of polycyclic aromatic hydrocarbons (PAHs) in sediment samples; Concentration of other organic contaminants in sediment samples; Sediment water content, porosity and surface area; Concentration of polychlorobiphenyls (PCBs) in sediment samples; Geological sample density; Alkalinity, acidity and pH of the water column; Carbon concentrations in sediment; Inorganic chemical composition of sediment or rocks"],
"language" :[],
"accessibilitySummary" :[],
"contact" :["Royal Belgian Institute of Natural Sciences, Operational Directorate Natural Environment, Belgian Marine Data Centre Vautierstraat 29 Brussels  1000 Belgium"],
"version" :[],
"temporalCoverage" :[],
"publisher" :["Royal Belgian Institute of Natural Sciences, Operational Directorate Natural Environment, Belgian Marine Data Centre"],
"spatial" :[],
"license" :[],
"citation" :[],
"genre" :[],
"creator" :["IHE, Management Unit of North Sea and Scheldt Estuary Mathematical Models"],
"modificationDate" :["2010-11-22"],
"distribution" :[],
"image" :[],
"thumbnailUrl" :[],
"headline" :[],
"abstract" :["The monitoring program was executed in order to obtain a first comprehensive report on the environmental aspects of dredging activities. The dredged materials are dumped into the Southern Bight of the North Sea. In order to evaluate the degree of contamination of the dredged sediment against the natural background levels, 77 samples of bottom sediment from the dredging areas, 3 samples of dredged material from the hopper or trailing suction dredger were taken. Furthermore, 10 bottom samples from the Belgian continental shelf outside the navigation channels were added."],
"theme" :[],
"dateCreated" :["From October to November 1989"],
"creditText" :[],
"datePublished" :["From October to November 1989"],
"producer" :["Belgian Marine Data Centre (BMDC)"],
"author" :["Scory Serge (Ir)"],
"spatialCoverage" :["Dredging sites and the Belgian continental shelf"],
"url" :["https://edmed.seadatanet.org/report/982/"],
"sponsor" :[],
"size" :[],
"sameAs" :[],
"publication" :[],
"provider" :["Belgian Marine Data Centre (BMDC)"],
"position" :[],
"name" :["DREDGE IMPACT - Ecological impact of dumping of dredged material off the Belgian coast"],
"measurementTechnique" :["None"],
"material" :[],
"maintainer" :[],
"locationCreated" :["Belgium"],
"issn" :[],
"isPartOf" :[],
"isBasedOn" :[],
"isAccessibleForFree" :[],
"includedInDataCatalog" :[],
"editor" :[],
"editEIDR" :[],
"copyrightYear" :[],
"copyrightNotice" :[],
"copyrightHolder" :["Royal Belgian Institute of Natural Sciences, Operational Directorate Natural Environment, Belgian Marine Data Centre"],
"contributor" :["Royal Belgian Institute of Natural Sciences, Operational Directorate Natural Environment, Belgian Marine Data Centre"],
"contentReferenceTime" :["From October to November 1989"],
"contentLocation" :["Belgium"],
"character" :[],
"acquireLicensePage" :[],
"accessModeSufficient" :[],
"about" :[],
"rights" :[],
"relation" :[],
"qualifiedRelation" :[],
"qualifiedAttribution" :[],
"previousVersion" :[],
"nextVersion" :[],
"landingPage" :[],
"isReferencedBy" :[],
"hasVersion" :[],
"hasPolicy" :[],
"hasCurrentVersion" :[],
"useConstraints" :[],
"status" :[],
"spatialRepresentationType" :[],
"spatialRepresentationInfo" :[],
"scope" :[],
"purpose" :[],
"otherLocale" :[],
"metadataProfile" :[],
"metadataLinkage" :[],
"metadataIdentifier" :[],
"environmentDescription" :[],
"distributionInfo" :["None"],
"dataQualityInfo" :[],
"contentInfo" :[],
"ResearchInfrastructure" :["SeaDataNet"],
"EssentialVariables" :["Sea state", "Subsurface temperature", "Sea surface salinity", "subsurface salinity", "Inorganic Carbon"],
"potentialTopics" :["sediment", "concentration", "water", "sample", "column", "parameter", "hydrocarbon", "aromatic", "grain", "rock", "impact", "dredged", "coast", "material", "dredge", "dumping", "ecological", "none"]
}