{
"description" :["Sediment, sea surface and water column samples were evaluated for presence of micro-plastic particles along the Mediterranean coastline of Turkey (Cilician basin) in the framework of the MERMAID Project Pilot Study (http://www.mermaid-era.eu/) in 2014. Sampling was performed at 19 stations in June 2014. Amount and composition of micro-plastic particles, accumulated on the top of the shore (strand line), was determined for a model area located in Cilician Basin (METU-IMS beach) sampled monthly in 2014. Fieldwork was performed with plankton nets and Van Veen Grab at sea stations and with sieves at the beach. Laboratory analysis was performed with a stereo microscope. Image analysis was done with computer software. For two micro-plastic size groups (5 - 1 mm and 1 mm - 200 m) the amount (number of particle per known area / volume), distribution (difference between the areas with different environmental characteristics), composition (classification by physical characteristics of the particles - colour/material), and size (Feret diameter) were determined."],
"identifier" :["40001019"],
"keywords" :["Litter abundance and type"],
"language" :[],
"accessibilitySummary" :[],
"contact" :["Institute of Marine Sciences, Middle East Technical University P.O.Box 28 Erdemli Mersin 33731 Turkey"],
"version" :[],
"temporalCoverage" :[],
"publisher" :["Institute of Marine Sciences, Middle East Technical University"],
"spatial" :[],
"license" :[],
"citation" :[],
"genre" :[],
"creator" :["Institute of Marine Sciences, Middle East Technical University"],
"modificationDate" :["2015-05-20"],
"distribution" :[],
"image" :[],
"thumbnailUrl" :[],
"headline" :[],
"abstract" :["Sediment, sea surface and water column samples were evaluated for presence of micro-plastic particles along the Mediterranean coastline of Turkey (Cilician basin) in the framework of the MERMAID Project Pilot Study (http://www.mermaid-era.eu/) in 2014. Sampling was performed at 19 stations in June 2014. Amount and composition of micro-plastic particles, accumulated on the top of the shore (strand line), was determined for a model area located in Cilician Basin (METU-IMS beach) sampled monthly in 2014. Fieldwork was performed with plankton nets and Van Veen Grab at sea stations and with sieves at the beach. Laboratory analysis was performed with a stereo microscope. Image analysis was done with computer software. For two micro-plastic size groups (5 - 1 mm and 1 mm - 200 m) the amount (number of particle per known area / volume), distribution (difference between the areas with different environmental characteristics), composition (classification by physical characteristics of the particles - colour/material), and size (Feret diameter) were determined."],
"theme" :[],
"dateCreated" :["2014"],
"creditText" :[],
"datePublished" :["2014"],
"producer" :["Institute of Marine Sciences, Middle East Technical University"],
"author" :["Olgac Guven (Researcher)"],
"spatialCoverage" :["Cilician Basin, IMS-METU beach"],
"url" :["https://edmed.seadatanet.org/report/6165/"],
"sponsor" :[],
"size" :[],
"sameAs" :[],
"publication" :[],
"provider" :["Institute of Marine Sciences, Middle East Technical University"],
"position" :[],
"name" :["Micro-plastic - Cilician Basin (since 2014)"],
"measurementTechnique" :["Plankton nets; sediment grabs; sieves and filters"],
"material" :[],
"maintainer" :[],
"locationCreated" :["Turkey"],
"issn" :[],
"isPartOf" :[],
"isBasedOn" :[],
"isAccessibleForFree" :[],
"includedInDataCatalog" :[],
"editor" :[],
"editEIDR" :[],
"copyrightYear" :[],
"copyrightNotice" :[],
"copyrightHolder" :["Institute of Marine Sciences, Middle East Technical University"],
"contributor" :["Institute of Marine Sciences, Middle East Technical University"],
"contentReferenceTime" :["2014"],
"contentLocation" :["Turkey"],
"character" :[],
"acquireLicensePage" :[],
"accessModeSufficient" :[],
"about" :[],
"rights" :[],
"relation" :[],
"qualifiedRelation" :[],
"qualifiedAttribution" :[],
"previousVersion" :[],
"nextVersion" :[],
"landingPage" :[],
"isReferencedBy" :[],
"hasVersion" :[],
"hasPolicy" :[],
"hasCurrentVersion" :[],
"useConstraints" :[],
"status" :[],
"spatialRepresentationType" :[],
"spatialRepresentationInfo" :[],
"scope" :[],
"purpose" :[],
"otherLocale" :[],
"metadataProfile" :[],
"metadataLinkage" :[],
"metadataIdentifier" :[],
"environmentDescription" :[],
"distributionInfo" :["None"],
"dataQualityInfo" :[],
"contentInfo" :[],
"ResearchInfrastructure" :["SeaDataNet"],
"EssentialVariables" :["Subsurface temperature", "Sea surface salinity", "subsurface salinity", "Plankton"],
"potentialTopics" :["litter", "type", "abundance", "since", "basin", "filter", "sieve", "sediment", "grab", "plankton", "net"]
}