{
"description" :["During 1998-1999 in the framework of a research project Development of an integrated policy towards the sustainable management of Pagasitikos gulf monthly samplings were performed. The physical parameters measured by the Oceanography lab of the University of Thessaly, were water temperature, salinity and oxygen profiles using a CTD and water currents with an ADCP covering the whole area of the gulf as well as the connection channels with Aegean Sea and north Evoikos. Samplings took place during 7 field trips (27/2/1999; 27/3/1999; 8/5/1999; 17/6/1999; 21/6/1999 13/9/1999; 17/11/1999) with a vertical resolution of 1m, in a dense grid of 59 stations. For the estimation of nutrient concentrations (Nitrate, Nitrite, Ammonium, Phosphate, Dissolved Organic Phosphate, Silicate, Chlorophyll-a,), 9 stations were used by the Water Authority of the Prefecture of Magnisia covering the area in front of the city of Volos, the area of the sewage outfall, the central gulf, the Trikeri channel and the outer area influenced by the Aegean and Evoikos waters. Additionally biotic parameters (Bacteria, Phytoplankton, and Zooplankton) were measured by the Hellenic Centre for Marine Research, both in pelagic and benthic systems during 16 field trips (21/12/1998; 14/1/1999; 24/2/1999; 7/4/1998; 28/4/1998; 13/5/1998; 27/5/1998; 5/4/1999; 30/5/1999; 30/6/1999; 29/7/1999; 30/8/1999; 29/9/1998; 20/10/1998; 19/11/1998; 14/9/1999) at standard depths (0, 10, 30, 60, 100m)."],
"identifier" :["6052001"],
"keywords" :["Ammonium and ammonia concentration parameters in water bodies; Bacteria non taxonomy-related biomass expressed as carbon per unit volume of the water column; Bacteria generic abundance in water bodies; Chlorophyll pigment concentrations in water bodies; Dissolved oxygen parameters in the water column; Zooplankton carbon biomass per unit area of the water column; Nitrate concentration parameters in the water column; Nitrite concentration parameters in the water column; Phosphate concentration parameters in the water column; Salinity of the water column; Horizontal velocity of the water column (currents); Silicate concentration parameters in the water column; Dissolved total or organic phosphorus concentration in the water column; Temperature of the water column; Phytoplankton generic abundance in water bodies; Phytoplankton generic biomass in water bodies"],
"language" :[],
"accessibilitySummary" :[],
"contact" :["Hellenic Centre for Marine Research, Institute of Oceanography 46.7 km Athinon-Souniou Av.\nP.O.Box 712 Anavyssos  19013 Greece"],
"version" :[],
"temporalCoverage" :[],
"publisher" :["Hellenic Centre for Marine Research, Institute of Oceanography"],
"spatial" :[],
"license" :[],
"citation" :[],
"genre" :[],
"creator" :["Hellenic Centre for Marine Research, Institute of Oceanography"],
"modificationDate" :["2015-08-27"],
"distribution" :[],
"image" :[],
"thumbnailUrl" :[],
"headline" :[],
"abstract" :["During 1998-1999 in the framework of a research project Development of an integrated policy towards the sustainable management of Pagasitikos gulf monthly samplings were performed. The physical parameters measured by the Oceanography lab of the University of Thessaly, were water temperature, salinity and oxygen profiles using a CTD and water currents with an ADCP covering the whole area of the gulf as well as the connection channels with Aegean Sea and north Evoikos. Samplings took place during 7 field trips (27/2/1999; 27/3/1999; 8/5/1999; 17/6/1999; 21/6/1999 13/9/1999; 17/11/1999) with a vertical resolution of 1m, in a dense grid of 59 stations. For the estimation of nutrient concentrations (Nitrate, Nitrite, Ammonium, Phosphate, Dissolved Organic Phosphate, Silicate, Chlorophyll-a,), 9 stations were used by the Water Authority of the Prefecture of Magnisia covering the area in front of the city of Volos, the area of the sewage outfall, the central gulf, the Trikeri channel and the outer area influenced by the Aegean and Evoikos waters. Additionally biotic parameters (Bacteria, Phytoplankton, and Zooplankton) were measured by the Hellenic Centre for Marine Research, both in pelagic and benthic systems during 16 field trips (21/12/1998; 14/1/1999; 24/2/1999; 7/4/1998; 28/4/1998; 13/5/1998; 27/5/1998; 5/4/1999; 30/5/1999; 30/6/1999; 29/7/1999; 30/8/1999; 29/9/1998; 20/10/1998; 19/11/1998; 14/9/1999) at standard depths (0, 10, 30, 60, 100m)."],
"theme" :[],
"dateCreated" :["April 1998 - November 1999"],
"creditText" :[],
"datePublished" :["April 1998 - November 1999"],
"producer" :["Hellenic Centre for Marine Research, Hellenic National Oceanographic Data Centre"],
"author" :["Dr G. Petihakis"],
"spatialCoverage" :["All the Pagasitikos gulf area"],
"url" :["https://edmed.seadatanet.org/report/1393/"],
"sponsor" :[],
"size" :[],
"sameAs" :[],
"publication" :[],
"provider" :["Hellenic Centre for Marine Research, Hellenic National Oceanographic Data Centre"],
"position" :[],
"name" :["Hydrographic, chemical and biological data of Pagasitikos gulf"],
"measurementTechnique" :["CTD; acoustic backscatter sensors"],
"material" :[],
"maintainer" :[],
"locationCreated" :["Greece"],
"issn" :[],
"isPartOf" :[],
"isBasedOn" :[],
"isAccessibleForFree" :[],
"includedInDataCatalog" :[],
"editor" :[],
"editEIDR" :[],
"copyrightYear" :[],
"copyrightNotice" :[],
"copyrightHolder" :["Hellenic Centre for Marine Research, Institute of Oceanography"],
"contributor" :["Hellenic Centre for Marine Research, Institute of Oceanography"],
"contentReferenceTime" :["April 1998 - November 1999"],
"contentLocation" :["Greece"],
"character" :[],
"acquireLicensePage" :[],
"accessModeSufficient" :[],
"about" :[],
"rights" :[],
"relation" :[],
"qualifiedRelation" :[],
"qualifiedAttribution" :[],
"previousVersion" :[],
"nextVersion" :[],
"landingPage" :[],
"isReferencedBy" :[],
"hasVersion" :[],
"hasPolicy" :[],
"hasCurrentVersion" :[],
"useConstraints" :[],
"status" :[],
"spatialRepresentationType" :[],
"spatialRepresentationInfo" :[],
"scope" :[],
"purpose" :[],
"otherLocale" :[],
"metadataProfile" :[],
"metadataLinkage" :[],
"metadataIdentifier" :[],
"environmentDescription" :[],
"distributionInfo" :["None"],
"dataQualityInfo" :[],
"contentInfo" :[],
"ResearchInfrastructure" :["SeaDataNet"],
"EssentialVariables" :["Stable carbon isotopes", "Dissolved organic carbon", "Inorganic Carbon", "Plankton"],
"potentialTopics" :["water", "column", "concentration", "parameter", "body", "generic", "biomass", "bacteria", "carbon", "per", "sensor", "acoustic", "phytoplankton", "data", "hydrographic", "biological", "chemical", "gulf"]
}