{
"description" :["The main goal of the work was to study the discharge and river load, also water levels (for Rioni River) of the rivers of the Georgian Black Sea coastline zone. With this purpose, as a result of processing of observational data, the generalized data on the basic hydrological characteristics in the estuary areas of the rivers of Georgian coastal zone are received. These data give full representation about a hydrological mode of waters in estuaries of the Georgian rivers that is very important for understanding and forecast of the processes in a sea coastal zone.\nData received in this work it is possible to use in mathematical models for simulation of coastal circulation processes, and diffusion and sedimentation of river sediment loads."],
"identifier" :["39011018"],
"keywords" :["Temperature of the water column"],
"language" :[],
"accessibilitySummary" :[],
"contact" :["M. Nodia  Institute of Geophysics of Georgian Academy of Science 1 Alexsidze Str. Tbilisi  0193 Georgia"],
"version" :[],
"temporalCoverage" :[],
"publisher" :["M. Nodia  Institute of Geophysics of Georgian Academy of Science"],
"spatial" :[],
"license" :[],
"citation" :[],
"genre" :[],
"creator" :["M. Nodia  Institute of Geophysics of Georgian Academy of Science"],
"modificationDate" :["2009-01-20"],
"distribution" :[],
"image" :[],
"thumbnailUrl" :[],
"headline" :[],
"abstract" :["The main goal of the work was to study the discharge and river load, also water levels (for Rioni River) of the rivers of the Georgian Black Sea coastline zone. With this purpose, as a result of processing of observational data, the generalized data on the basic hydrological characteristics in the estuary areas of the rivers of Georgian coastal zone are received. These data give full representation about a hydrological mode of waters in estuaries of the Georgian rivers that is very important for understanding and forecast of the processes in a sea coastal zone.\nData received in this work it is possible to use in mathematical models for simulation of coastal circulation processes, and diffusion and sedimentation of river sediment loads."],
"theme" :[],
"dateCreated" :["1971-1985"],
"creditText" :[],
"datePublished" :["1971-1985"],
"producer" :["Iv.Javakhishvili Tbilisi State University, Centre of Relations with UNESCO Oceanological Research Centre and GeoDNA (UNESCO)"],
"author" :["Dr. Avtanadil Kordzadze (Deputy Director)"],
"spatialCoverage" :["Georgian Black Sea coastal zone"],
"url" :["https://edmed.seadatanet.org/report/1872/"],
"sponsor" :[],
"size" :[],
"sameAs" :[],
"publication" :[],
"provider" :["Iv.Javakhishvili Tbilisi State University, Centre of Relations with UNESCO Oceanological Research Centre and GeoDNA (UNESCO)"],
"position" :[],
"name" :["Average monthly temperature of water rv. Rioni, Georgia, 1971-1985"],
"measurementTechnique" :["Unknown"],
"material" :[],
"maintainer" :[],
"locationCreated" :["Georgia"],
"issn" :[],
"isPartOf" :[],
"isBasedOn" :[],
"isAccessibleForFree" :[],
"includedInDataCatalog" :[],
"editor" :[],
"editEIDR" :[],
"copyrightYear" :[],
"copyrightNotice" :[],
"copyrightHolder" :["M. Nodia  Institute of Geophysics of Georgian Academy of Science"],
"contributor" :["M. Nodia  Institute of Geophysics of Georgian Academy of Science"],
"contentReferenceTime" :["1971-1985"],
"contentLocation" :["Georgia"],
"character" :[],
"acquireLicensePage" :[],
"accessModeSufficient" :[],
"about" :[],
"rights" :[],
"relation" :[],
"qualifiedRelation" :[],
"qualifiedAttribution" :[],
"previousVersion" :[],
"nextVersion" :[],
"landingPage" :[],
"isReferencedBy" :[],
"hasVersion" :[],
"hasPolicy" :[],
"hasCurrentVersion" :[],
"useConstraints" :[],
"status" :[],
"spatialRepresentationType" :[],
"spatialRepresentationInfo" :[],
"scope" :[],
"purpose" :[],
"otherLocale" :[],
"metadataProfile" :[],
"metadataLinkage" :[],
"metadataIdentifier" :[],
"environmentDescription" :[],
"distributionInfo" :["None"],
"dataQualityInfo" :[],
"contentInfo" :[],
"ResearchInfrastructure" :["SeaDataNet"],
"EssentialVariables" :["Sea surface temperature", "Subsurface temperature"],
"potentialTopics" :["unknown", "column", "water", "temperature", "average", "monthly"]
}