{
"description" :["The station GAVIK-1 has been established to monitor long term trends of hydrographical/chemical parameters, TOC and chlorophyll. The station is regarded as a reference station in the coordinated regional coastal monitoring programme. The data are quality inspected. Checks were made by manual control."],
"identifier" :["18001024"],
"keywords" :["Ammonium and ammonia concentration parameters in water bodies; Air pressure; Air temperature; Cloud cover height and extent; Particulate total and organic carbon concentrations in the water column; Chlorophyll pigment concentrations in water bodies; Dissolved oxygen parameters in the water column; Wind strength and direction; Nitrate concentration parameters in the water column; Phosphate concentration parameters in the water column; Salinity of the water column; Dissolved total and organic nitrogen concentrations in the water column; Dissolved total or organic phosphorus concentration in the water column; Temperature of the water column; Nitrite concentration parameters in the water column; Silicate concentration parameters in the water column"],
"language" :[],
"accessibilitySummary" :[],
"contact" :["Swedish Meteorological and Hydrological Institute Folkborgsvagen 1 Norrkoping  SE-601 76 Sweden"],
"version" :[],
"temporalCoverage" :[],
"publisher" :["Swedish Meteorological and Hydrological Institute"],
"spatial" :[],
"license" :[],
"citation" :[],
"genre" :[],
"creator" :["County Administration Board of Vsterbotten"],
"modificationDate" :["2017-08-24"],
"distribution" :[],
"image" :[],
"thumbnailUrl" :[],
"headline" :[],
"abstract" :["The station GAVIK-1 has been established to monitor long term trends of hydrographical/chemical parameters, TOC and chlorophyll. The station is regarded as a reference station in the coordinated regional coastal monitoring programme. The data are quality inspected. Checks were made by manual control."],
"theme" :[],
"dateCreated" :["1997-05-22 (Ongoing)"],
"creditText" :[],
"datePublished" :["1997-05-22 (Ongoing)"],
"producer" :["Swedish Meteorological and Hydrological Institute"],
"author" :["Orjan Back (Shark data manager)"],
"spatialCoverage" :["The Gulf of Bothnia"],
"url" :["https://edmed.seadatanet.org/report/68/"],
"sponsor" :[],
"size" :[],
"sameAs" :[],
"publication" :[],
"provider" :["Swedish Meteorological and Hydrological Institute"],
"position" :[],
"name" :["Monitoring station GAVIK-1, Gulf of Bothnia (1997-)"],
"measurementTechnique" :["None"],
"material" :[],
"maintainer" :[],
"locationCreated" :["Sweden"],
"issn" :[],
"isPartOf" :[],
"isBasedOn" :[],
"isAccessibleForFree" :[],
"includedInDataCatalog" :[],
"editor" :[],
"editEIDR" :[],
"copyrightYear" :[],
"copyrightNotice" :[],
"copyrightHolder" :["Swedish Meteorological and Hydrological Institute"],
"contributor" :["Swedish Meteorological and Hydrological Institute"],
"contentReferenceTime" :["1997-05-22 (Ongoing)"],
"contentLocation" :["Sweden"],
"character" :[],
"acquireLicensePage" :[],
"accessModeSufficient" :[],
"about" :[],
"rights" :[],
"relation" :[],
"qualifiedRelation" :[],
"qualifiedAttribution" :[],
"previousVersion" :[],
"nextVersion" :[],
"landingPage" :[],
"isReferencedBy" :[],
"hasVersion" :[],
"hasPolicy" :[],
"hasCurrentVersion" :[],
"useConstraints" :[],
"status" :[],
"spatialRepresentationType" :[],
"spatialRepresentationInfo" :[],
"scope" :[],
"purpose" :[],
"otherLocale" :[],
"metadataProfile" :[],
"metadataLinkage" :[],
"metadataIdentifier" :[],
"environmentDescription" :[],
"distributionInfo" :["http://www.smhi.se"],
"dataQualityInfo" :[],
"contentInfo" :[],
"ResearchInfrastructure" :["SeaDataNet"],
"EssentialVariables" :["Sea surface temperature", "Subsurface temperature", "subsurface salinity", "Nitrous oxide", "Dissolved organic carbon", "Nitrous Oxide"],
"potentialTopics" :["water", "column", "concentration", "parameter", "total", "organic", "dissolved", "temperature", "body", "air", "none", "station", "gulf", "monitoring"]
}