{
"description" :["In the frames of this study, field measurements of waves, currents and water quality in the regions of planned wind parks (shallow areas Apollo, Vinkov and Neupokojev) are carried out with the following aims: 1. To describe significant wave characteristics in case of different wind conditions and to estimate probability of their occurrence in different seasons and time periods 2. To describe regime of currents in the study area, incl. sediment transport schemes 3. To register vertical profiles of temperature, salinity, chlorophyll a fluorescence, turbidity and concentrations of optically active substances (suspended matter, chlorophyll a, yellow substances) in the study area."],
"identifier" :["48001010"],
"keywords" :["Other wave statistics; Raw current meter output parameters"],
"language" :[],
"accessibilitySummary" :[],
"contact" :["Department of Marine Systems at Tallinn University of Technology MSI, Akadeemia tee 15a Tallinn  12618 Estonia"],
"version" :[],
"temporalCoverage" :[],
"publisher" :["Department of Marine Systems at Tallinn University of Technology"],
"spatial" :[],
"license" :[],
"citation" :[],
"genre" :[],
"creator" :["Department of Marine Systems at Tallinn University of Technology"],
"modificationDate" :["2015-09-09"],
"distribution" :[],
"image" :[],
"thumbnailUrl" :[],
"headline" :[],
"abstract" :["In the frames of this study, field measurements of waves, currents and water quality in the regions of planned wind parks (shallow areas Apollo, Vinkov and Neupokojev) are carried out with the following aims: 1. To describe significant wave characteristics in case of different wind conditions and to estimate probability of their occurrence in different seasons and time periods 2. To describe regime of currents in the study area, incl. sediment transport schemes 3. To register vertical profiles of temperature, salinity, chlorophyll a fluorescence, turbidity and concentrations of optically active substances (suspended matter, chlorophyll a, yellow substances) in the study area."],
"theme" :[],
"dateCreated" :["01.06.2007 - 01.10.2007"],
"creditText" :[],
"datePublished" :["01.06.2007 - 01.10.2007"],
"producer" :["Department of Marine Systems at Tallinn University of Technology"],
"author" :["Urmas Lips"],
"spatialCoverage" :["Hiiumaa coastal waters, shallows - Apollo, Neupakojev, Vinkov"],
"url" :["https://edmed.seadatanet.org/report/1137/"],
"sponsor" :[],
"size" :[],
"sameAs" :[],
"publication" :[],
"provider" :["Department of Marine Systems at Tallinn University of Technology"],
"position" :[],
"name" :["Measurements to describe wave characteristics and regime of currents in the region of off-shore shallows (2007)"],
"measurementTechnique" :["Current meters; CTD; autoanalysers"],
"material" :[],
"maintainer" :[],
"locationCreated" :["Estonia"],
"issn" :[],
"isPartOf" :[],
"isBasedOn" :[],
"isAccessibleForFree" :[],
"includedInDataCatalog" :[],
"editor" :[],
"editEIDR" :[],
"copyrightYear" :[],
"copyrightNotice" :[],
"copyrightHolder" :["Department of Marine Systems at Tallinn University of Technology"],
"contributor" :["Department of Marine Systems at Tallinn University of Technology"],
"contentReferenceTime" :["01.06.2007 - 01.10.2007"],
"contentLocation" :["Estonia"],
"character" :[],
"acquireLicensePage" :[],
"accessModeSufficient" :[],
"about" :[],
"rights" :[],
"relation" :[],
"qualifiedRelation" :[],
"qualifiedAttribution" :[],
"previousVersion" :[],
"nextVersion" :[],
"landingPage" :[],
"isReferencedBy" :[],
"hasVersion" :[],
"hasPolicy" :[],
"hasCurrentVersion" :[],
"useConstraints" :[],
"status" :[],
"spatialRepresentationType" :[],
"spatialRepresentationInfo" :[],
"scope" :[],
"purpose" :[],
"otherLocale" :[],
"metadataProfile" :[],
"metadataLinkage" :[],
"metadataIdentifier" :[],
"environmentDescription" :[],
"distributionInfo" :["http://www.msi.ttu.ee"],
"dataQualityInfo" :[],
"contentInfo" :[],
"ResearchInfrastructure" :["SeaDataNet"],
"EssentialVariables" :[],
"potentialTopics" :["current", "meter", "wave", "shallow", "describe", "regime", "offshore", "characteristic", "measurement", "region", "statistic", "raw", "parameter", "output"]
}