{
"description" :["The dataset comprises scanned images of historical analogue charts and data ledgers from eight tide gauge sites around the UK.  The sites include: Sheerness, Belfast, and several sites around Liverpool managed by the Mersey Docks and Harbour Company namely, Eastham, Gladstone, Hilbre, Princes Pier, Tranmere and Waterloo. The Sheerness ledger data represents some of the earliest records of sea level data in the UK and cover the periods - January 1870 to December 1881, July 1882 to October 1894 and December 1929 to April 1941. Data availability for the other sites are: Belfast analogue charts - 27 November 1901 to 24 May 1902; Princes Pier ledgers: - 1941 to 1950, 1951 to 1960 and 1961 to 1970; Eastham, Gladstone, Hilbre, Princes Pier, Tranmere and Waterloo ledgers:  - 1982 to 1988. The data recorded in some of the ledgers also describe meteorological measurements for example, air pressure, air temperature, wind speed and direction, and precipitation and evaporation. Funding to rescue these historical sea level data came from the Marine Environmental Data and Information Network (MEDIN) and the British Oceanographic Data Centre (BODC).These images have now been added to the National Oceanographic Database and are freely available to registered users (subject to licence agreement)."],
"identifier" :["1048UKSEALEVEL_SCANS"],
"keywords" :["Sea level; Air pressure; Precipitation and evaporation; Wind strength and direction"],
"language" :[],
"accessibilitySummary" :[],
"contact" :["British Oceanographic Data Centre Joseph Proudman Building\n6 Brownlow Street Liverpool Merseyside L3 5DA United Kingdom"],
"version" :[],
"temporalCoverage" :[],
"publisher" :["British Oceanographic Data Centre"],
"spatial" :[],
"license" :[],
"citation" :[],
"genre" :[],
"creator" :["British Oceanographic Data Centre"],
"modificationDate" :["2018-02-09"],
"distribution" :[],
"image" :[],
"thumbnailUrl" :[],
"headline" :[],
"abstract" :["The dataset comprises scanned images of historical analogue charts and data ledgers from eight tide gauge sites around the UK.  The sites include: Sheerness, Belfast, and several sites around Liverpool managed by the Mersey Docks and Harbour Company namely, Eastham, Gladstone, Hilbre, Princes Pier, Tranmere and Waterloo. The Sheerness ledger data represents some of the earliest records of sea level data in the UK and cover the periods - January 1870 to December 1881, July 1882 to October 1894 and December 1929 to April 1941. Data availability for the other sites are: Belfast analogue charts - 27 November 1901 to 24 May 1902; Princes Pier ledgers: - 1941 to 1950, 1951 to 1960 and 1961 to 1970; Eastham, Gladstone, Hilbre, Princes Pier, Tranmere and Waterloo ledgers:  - 1982 to 1988. The data recorded in some of the ledgers also describe meteorological measurements for example, air pressure, air temperature, wind speed and direction, and precipitation and evaporation. Funding to rescue these historical sea level data came from the Marine Environmental Data and Information Network (MEDIN) and the British Oceanographic Data Centre (BODC).These images have now been added to the National Oceanographic Database and are freely available to registered users (subject to licence agreement)."],
"theme" :[],
"dateCreated" :["1870-1988, with some gaps, site dependent"],
"creditText" :[],
"datePublished" :["1870-1988, with some gaps, site dependent"],
"producer" :["British Oceanographic Data Centre"],
"author" :["Polly Hadiabdi (Head of the BODC Requests Team)"],
"spatialCoverage" :["Eight tide gauge sites around the UK. Sheerness and Belfast and six sites around Liverpool (Eastham, Gladstone, Hilbre, Princes Pier, Tranmere and Waterloo)."],
"url" :["https://edmed.seadatanet.org/report/4759/"],
"sponsor" :[],
"size" :[],
"sameAs" :[],
"publication" :[],
"provider" :["British Oceanographic Data Centre"],
"position" :[],
"name" :["Scanned images of historical (earliest data from 1870) tide gauge analogue charts and data ledgers from around the UK"],
"measurementTechnique" :["Sea level recorders"],
"material" :[],
"maintainer" :[],
"locationCreated" :["United Kingdom"],
"issn" :[],
"isPartOf" :[],
"isBasedOn" :[],
"isAccessibleForFree" :[],
"includedInDataCatalog" :[],
"editor" :[],
"editEIDR" :[],
"copyrightYear" :[],
"copyrightNotice" :[],
"copyrightHolder" :["British Oceanographic Data Centre"],
"contributor" :["British Oceanographic Data Centre"],
"contentReferenceTime" :["1870-1988, with some gaps, site dependent"],
"contentLocation" :["United Kingdom"],
"character" :[],
"acquireLicensePage" :[],
"accessModeSufficient" :[],
"about" :[],
"rights" :[],
"relation" :[],
"qualifiedRelation" :[],
"qualifiedAttribution" :[],
"previousVersion" :[],
"nextVersion" :[],
"landingPage" :[],
"isReferencedBy" :[],
"hasVersion" :[],
"hasPolicy" :[],
"hasCurrentVersion" :[],
"useConstraints" :[],
"status" :[],
"spatialRepresentationType" :[],
"spatialRepresentationInfo" :[],
"scope" :[],
"purpose" :[],
"otherLocale" :[],
"metadataProfile" :[],
"metadataLinkage" :[],
"metadataIdentifier" :[],
"environmentDescription" :[],
"distributionInfo" :["https://www.bodc.ac.uk/data/hosted_data_systems/sea_level/historical_uk_tide_gauge_data/"],
"dataQualityInfo" :[],
"contentInfo" :[],
"ResearchInfrastructure" :["SeaDataNet"],
"EssentialVariables" :["Sea state", "Sea ice", "Sea level", "Subsurface temperature", "Sea surface currents"],
"potentialTopics" :["sea", "level", "recorder", "precipitation", "direction", "strength", "air", "evaporation", "wind", "pressure", "data", "historical", "chart", "scanned", "analogue", "around", "ledger", "gauge", "earliest", "tide"]
}