{
"description" :["The data set comprises the UK oceanographic contribution to the NATO MILOC survey RESOLUTE SUPPORT/PROUD RUNNER. Data collected included thermistor chain, thermistor spar, navigation, meteorology, sea surface temperature (from both thermistor probe and radiometer), XBT, CTD and shipborne ADCP.  Data were collected by the Applied Oceanography Section of the Sonar Performance Division at DRA, Portland. Thermistor chain, thermistor spar, sea surface temperature (from thermistor probe and radiometer), navigation and meteorology data are stored in the DRA archive system and have been processed to the DRA standard MIDAS user data file format. These data have been screened for format and data errors and corrected to produce a clean data set. The XBT and ADCP data are also stored in the division archive in MIDAS format, but screening has not been completed. The CTD data are stored in the division archive; some have been converted to the MIDAS format but, as yet, none have been screened."],
"identifier" :["1025012"],
"keywords" :["Air pressure; Air temperature; Electrical conductivity of the water column; Wind strength and direction; Vertical velocity of the water column (currents); Horizontal velocity of the water column (currents); Temperature of the water column"],
"language" :[],
"accessibilitySummary" :[],
"contact" :["Defence Evaluation Research Agency Winfrith Technology Centre\n Winfrith Dorchester DT2 8XJ United Kingdom"],
"version" :[],
"temporalCoverage" :[],
"publisher" :["Defence Evaluation Research Agency"],
"spatial" :[],
"license" :[],
"citation" :[],
"genre" :[],
"creator" :["Defence Evaluation Research Agency"],
"modificationDate" :["2009-05-22"],
"distribution" :[],
"image" :[],
"thumbnailUrl" :[],
"headline" :[],
"abstract" :["The data set comprises the UK oceanographic contribution to the NATO MILOC survey RESOLUTE SUPPORT/PROUD RUNNER. Data collected included thermistor chain, thermistor spar, navigation, meteorology, sea surface temperature (from both thermistor probe and radiometer), XBT, CTD and shipborne ADCP.  Data were collected by the Applied Oceanography Section of the Sonar Performance Division at DRA, Portland. Thermistor chain, thermistor spar, sea surface temperature (from thermistor probe and radiometer), navigation and meteorology data are stored in the DRA archive system and have been processed to the DRA standard MIDAS user data file format. These data have been screened for format and data errors and corrected to produce a clean data set. The XBT and ADCP data are also stored in the division archive in MIDAS format, but screening has not been completed. The CTD data are stored in the division archive; some have been converted to the MIDAS format but, as yet, none have been screened."],
"theme" :[],
"dateCreated" :["From 19 April to 23 May 1988"],
"creditText" :[],
"datePublished" :["From 19 April to 23 May 1988"],
"producer" :["British Oceanographic Data Centre"],
"author" :["Dr. Graham Jackson"],
"spatialCoverage" :["Iceland-Faroes frontal zone"],
"url" :["https://edmed.seadatanet.org/report/322/"],
"sponsor" :[],
"size" :[],
"sameAs" :[],
"publication" :[],
"provider" :["British Oceanographic Data Centre"],
"position" :[],
"name" :["UK oceanographic contribution to NATO MILOC survey RESOLUTE SUPPORT/PROUD RUNNER (1988)"],
"measurementTechnique" :["Meteorological packages; radiometers; bathythermographs; CTD; current profilers; thermistor chains"],
"material" :[],
"maintainer" :[],
"locationCreated" :["United Kingdom"],
"issn" :[],
"isPartOf" :[],
"isBasedOn" :[],
"isAccessibleForFree" :[],
"includedInDataCatalog" :[],
"editor" :[],
"editEIDR" :[],
"copyrightYear" :[],
"copyrightNotice" :[],
"copyrightHolder" :["Defence Evaluation Research Agency"],
"contributor" :["Defence Evaluation Research Agency"],
"contentReferenceTime" :["From 19 April to 23 May 1988"],
"contentLocation" :["United Kingdom"],
"character" :[],
"acquireLicensePage" :[],
"accessModeSufficient" :[],
"about" :[],
"rights" :[],
"relation" :[],
"qualifiedRelation" :[],
"qualifiedAttribution" :[],
"previousVersion" :[],
"nextVersion" :[],
"landingPage" :[],
"isReferencedBy" :[],
"hasVersion" :[],
"hasPolicy" :[],
"hasCurrentVersion" :[],
"useConstraints" :[],
"status" :[],
"spatialRepresentationType" :[],
"spatialRepresentationInfo" :[],
"scope" :[],
"purpose" :[],
"otherLocale" :[],
"metadataProfile" :[],
"metadataLinkage" :[],
"metadataIdentifier" :[],
"environmentDescription" :[],
"distributionInfo" :["None"],
"dataQualityInfo" :[],
"contentInfo" :[],
"ResearchInfrastructure" :["SeaDataNet"],
"EssentialVariables" :["Sea surface temperature", "Subsurface temperature", "Marine Habitat Properties"],
"potentialTopics" :["radiometer", "thermistor", "meteorological", "package", "chain", "runner", "contribution", "resolute", "survey", "oceanographic", "column", "water", "current", "air", "velocity", "temperature", "direction", "vertical", "horizontal", "wind"]
}