{
"description" :["Data set :\nORGANIZATION  - by RV cruises squares 10 - 10 deg.\n                              stationary oceanic station  \nSTATISTICS -  observed data  \nFREQUENCY/GRID -  2/4 obs/day  \nSTATIONS/LEVELS  -  RV cruises  (91 soviet and 23 foreign vessels)\n\nlevels : earth -sea\n           tropopause\n           special points\n           maximum wind\n           wind turn \n          surface: 1000, 850, 700, 500, 400, 300, 250, 200, \n          150, 100, 70, 50, 30, 20, 10 hPa  \n\nCONTROL - for limiting value  \nNOTE -  every vessel has its own period of observations\n              and the number of cruises  \n\nSTRUCTURE-   up to 50 data files in one volume\n One file - one or several cruises for the period  being indicated"],
"identifier" :["35001018"],
"keywords" :["Air pressure; Cloud cover height and extent; Air temperature; Wind strength and direction"],
"language" :[],
"accessibilitySummary" :[],
"contact" :["All-Russia Research Institute of Hydrometeorological Information, World Data Centre, National Oceanographic Data Centre (NODC) 6 Korolyov St. Obninsk Kaluga Region 249035 Russian Federation"],
"version" :[],
"temporalCoverage" :[],
"publisher" :["All-Russia Research Institute of Hydrometeorological Information, World Data Centre, National Oceanographic Data Centre (NODC)"],
"spatial" :[],
"license" :[],
"citation" :[],
"genre" :[],
"creator" :["All-Russia Research Institute of Hydrometeorological Information, World Data Centre, National Oceanographic Data Centre (NODC)"],
"modificationDate" :["2009-02-27"],
"distribution" :[],
"image" :[],
"thumbnailUrl" :[],
"headline" :[],
"abstract" :["Data set :\nORGANIZATION  - by RV cruises squares 10 - 10 deg.\n                              stationary oceanic station  \nSTATISTICS -  observed data  \nFREQUENCY/GRID -  2/4 obs/day  \nSTATIONS/LEVELS  -  RV cruises  (91 soviet and 23 foreign vessels)\n\nlevels : earth -sea\n           tropopause\n           special points\n           maximum wind\n           wind turn \n          surface: 1000, 850, 700, 500, 400, 300, 250, 200, \n          150, 100, 70, 50, 30, 20, 10 hPa  \n\nCONTROL - for limiting value  \nNOTE -  every vessel has its own period of observations\n              and the number of cruises  \n\nSTRUCTURE-   up to 50 data files in one volume\n One file - one or several cruises for the period  being indicated"],
"theme" :[],
"dateCreated" :["1965-1981"],
"creditText" :[],
"datePublished" :["1965-1981"],
"producer" :["All-Russia Research Institute of Hydrometeorological Information, World Data Centre, National Oceanographic Data Centre (NODC)"],
"author" :["Svetlana M. Somova (Head of lab.)"],
"spatialCoverage" :["The World Ocean"],
"url" :["https://edmed.seadatanet.org/report/2437/"],
"sponsor" :[],
"size" :[],
"sameAs" :[],
"publication" :[],
"provider" :["All-Russia Research Institute of Hydrometeorological Information, World Data Centre, National Oceanographic Data Centre (NODC)"],
"position" :[],
"name" :["Marine Aerological Observations. AERONIS"],
"measurementTechnique" :["None"],
"material" :[],
"maintainer" :[],
"locationCreated" :["Russian Federation"],
"issn" :[],
"isPartOf" :[],
"isBasedOn" :[],
"isAccessibleForFree" :[],
"includedInDataCatalog" :[],
"editor" :[],
"editEIDR" :[],
"copyrightYear" :[],
"copyrightNotice" :[],
"copyrightHolder" :["All-Russia Research Institute of Hydrometeorological Information, World Data Centre, National Oceanographic Data Centre (NODC)"],
"contributor" :["All-Russia Research Institute of Hydrometeorological Information, World Data Centre, National Oceanographic Data Centre (NODC)"],
"contentReferenceTime" :["1965-1981"],
"contentLocation" :["Russian Federation"],
"character" :[],
"acquireLicensePage" :[],
"accessModeSufficient" :[],
"about" :[],
"rights" :[],
"relation" :[],
"qualifiedRelation" :[],
"qualifiedAttribution" :[],
"previousVersion" :[],
"nextVersion" :[],
"landingPage" :[],
"isReferencedBy" :[],
"hasVersion" :[],
"hasPolicy" :[],
"hasCurrentVersion" :[],
"useConstraints" :[],
"status" :[],
"spatialRepresentationType" :[],
"spatialRepresentationInfo" :[],
"scope" :[],
"purpose" :[],
"otherLocale" :[],
"metadataProfile" :[],
"metadataLinkage" :[],
"metadataIdentifier" :[],
"environmentDescription" :[],
"distributionInfo" :["http://data.meteo.ru:8080/resource/objects.db"],
"dataQualityInfo" :[],
"contentInfo" :[],
"ResearchInfrastructure" :["SeaDataNet"],
"EssentialVariables" :["Sea surface temperature", "Subsurface temperature", "Marine Habitat Properties"],
"potentialTopics" :["observation", "marine", "none", "strength", "cover", "temperature", "direction", "pressure", "wind", "height", "cloud", "air", "extent"]
}