{
"description" :["Official delimiting lines of the French waters"],
"identifier" :["SHOM13"],
"keywords" :["Horizontal spatial co-ordinates; Coastal geomorphology"],
"language" :[],
"accessibilitySummary" :[],
"contact" :["Hydrographic and oceanographic service of the French navy 13 rue du Chatellier\nCS 92803 BREST CEDEX 2  29228 France"],
"version" :[],
"temporalCoverage" :[],
"publisher" :["Hydrographic and oceanographic service of the French navy"],
"spatial" :[],
"license" :[],
"citation" :[],
"genre" :[],
"creator" :["Hydrographic and oceanographic service of the French navy"],
"modificationDate" :["2011-01-24"],
"distribution" :[],
"image" :[],
"thumbnailUrl" :[],
"headline" :[],
"abstract" :["Official delimiting lines of the French waters"],
"theme" :[],
"dateCreated" :["1970 ?--&gt;"],
"creditText" :[],
"datePublished" :["1970 ?--&gt;"],
"producer" :["Ifremer, Scientific Information Systems for the sea"],
"author" :["Chef  Div. Production Cartes EPSHOM"],
"spatialCoverage" :["Mondial (espaces maritimes de France mtropolitaine et Outre-Mer)"],
"url" :["https://edmed.seadatanet.org/report/4577/"],
"sponsor" :[],
"size" :[],
"sameAs" :[],
"publication" :[],
"provider" :["Ifremer, Scientific Information Systems for the sea"],
"position" :[],
"name" :["DELIMITING LINES OF FRENCH WATERS"],
"measurementTechnique" :["None"],
"material" :[],
"maintainer" :[],
"locationCreated" :["France"],
"issn" :[],
"isPartOf" :[],
"isBasedOn" :[],
"isAccessibleForFree" :[],
"includedInDataCatalog" :[],
"editor" :[],
"editEIDR" :[],
"copyrightYear" :[],
"copyrightNotice" :[],
"copyrightHolder" :["Hydrographic and oceanographic service of the French navy"],
"contributor" :["Hydrographic and oceanographic service of the French navy"],
"contentReferenceTime" :["1970 ?--&gt;"],
"contentLocation" :["France"],
"character" :[],
"acquireLicensePage" :[],
"accessModeSufficient" :[],
"about" :[],
"rights" :[],
"relation" :[],
"qualifiedRelation" :[],
"qualifiedAttribution" :[],
"previousVersion" :[],
"nextVersion" :[],
"landingPage" :[],
"isReferencedBy" :[],
"hasVersion" :[],
"hasPolicy" :[],
"hasCurrentVersion" :[],
"useConstraints" :[],
"status" :[],
"spatialRepresentationType" :[],
"spatialRepresentationInfo" :[],
"scope" :[],
"purpose" :[],
"otherLocale" :[],
"metadataProfile" :[],
"metadataLinkage" :[],
"metadataIdentifier" :[],
"environmentDescription" :[],
"distributionInfo" :["http://www.shom.fr/"],
"dataQualityInfo" :[],
"contentInfo" :[],
"ResearchInfrastructure" :["SeaDataNet"],
"EssentialVariables" :[],
"potentialTopics" :["none", "water", "delimiting", "french", "line", "spatial", "coordinate", "horizontal", "geomorphology", "coastal"]
}