{
"description" :["The research on the estimation of some parameters of whiting (Gadus merlangus euxinus Nordmann, 1840) caught by the bottom trawlers from the viewpoint of fishery biology (1995-1996)\n \nThe research on the determinates of some biological characteristics of the turbot (Scophthalmus maeoticus Pallas, 1811), turbot fishing and gill nets (1999-2001)\n\nSurvival rates of the black sea turbot (Psetta maxima maeotica, L. 1758) broodstock captured by gill nets from different depths and their adaptation culture conditions (2003)\n\nAge, growth and mortality rates of the European anchovy (Engraulis encrasicolus L. 1758) in the Turkish Black Sea Coast (from 1998 to 2004)\n\nPopulation Biology, meat yield and Status of Exploitation of Introduced Garfish, Belone belone euxini Gnther, 1866 in The Black Sea (2000-2002)\nThe determination of turbot tangle nets and trammel nets features, catch per unit effort (CPUE) and turbot fishing in Middle Black Sea (2001)\n\nSeasonal Variations of Meat Yield and Protein &amp; Oil Rates of Turbot (2001)\n\nThe Determination of Biologic and Morphologic characteristics of Turbot (2001)\n\nSurvival rates of Black Sea turbot (Scophthalmus maeoticus Pallas, 1811) captured by turbot gill nets according to fishing depths (1999-2004)\n\nThe Determination of Otolith Structure, Age and Fish Length-Otolith Length Relationship of Turbot (2001)\n\n Length-weight relationship of 10 fish species caught bottom trawl and midwater trawl (2005-2006)\n\nThe catch composition and meat yield of Atlantic bonito (Sarda sadra Bloch) caught by artisanal fisherman in the Sinop Region. (2001-2002)\n\nThe investigation of Atlantic bonito (Sarda sarda Bloch, 1783) caught by Artisanal Fisherman (between 2001 and 2005, continue)"],
"identifier" :["40006005"],
"keywords" :["Fish morphology, age and physiology; Cetacean abundance"],
"language" :[],
"accessibilitySummary" :[],
"contact" :["Sinop University, Fisheries Faculty  Sinop  57000 Turkey"],
"version" :[],
"temporalCoverage" :[],
"publisher" :["Sinop University, Fisheries Faculty"],
"spatial" :[],
"license" :[],
"citation" :[],
"genre" :[],
"creator" :["Sinop University, Fisheries Faculty"],
"modificationDate" :["2009-02-26"],
"distribution" :[],
"image" :[],
"thumbnailUrl" :[],
"headline" :[],
"abstract" :["The research on the estimation of some parameters of whiting (Gadus merlangus euxinus Nordmann, 1840) caught by the bottom trawlers from the viewpoint of fishery biology (1995-1996)\n \nThe research on the determinates of some biological characteristics of the turbot (Scophthalmus maeoticus Pallas, 1811), turbot fishing and gill nets (1999-2001)\n\nSurvival rates of the black sea turbot (Psetta maxima maeotica, L. 1758) broodstock captured by gill nets from different depths and their adaptation culture conditions (2003)\n\nAge, growth and mortality rates of the European anchovy (Engraulis encrasicolus L. 1758) in the Turkish Black Sea Coast (from 1998 to 2004)\n\nPopulation Biology, meat yield and Status of Exploitation of Introduced Garfish, Belone belone euxini Gnther, 1866 in The Black Sea (2000-2002)\nThe determination of turbot tangle nets and trammel nets features, catch per unit effort (CPUE) and turbot fishing in Middle Black Sea (2001)\n\nSeasonal Variations of Meat Yield and Protein &amp; Oil Rates of Turbot (2001)\n\nThe Determination of Biologic and Morphologic characteristics of Turbot (2001)\n\nSurvival rates of Black Sea turbot (Scophthalmus maeoticus Pallas, 1811) captured by turbot gill nets according to fishing depths (1999-2004)\n\nThe Determination of Otolith Structure, Age and Fish Length-Otolith Length Relationship of Turbot (2001)\n\n Length-weight relationship of 10 fish species caught bottom trawl and midwater trawl (2005-2006)\n\nThe catch composition and meat yield of Atlantic bonito (Sarda sadra Bloch) caught by artisanal fisherman in the Sinop Region. (2001-2002)\n\nThe investigation of Atlantic bonito (Sarda sarda Bloch, 1783) caught by Artisanal Fisherman (between 2001 and 2005, continue)"],
"theme" :[],
"dateCreated" :["2002-2006"],
"creditText" :[],
"datePublished" :["2002-2006"],
"producer" :["Institute of Marine Sciences, Middle East Technical University"],
"author" :["Levent Bat"],
"spatialCoverage" :["Mid-Black Sea (Sinop-Yakakent) Coast of Turkey (&lt;75 m and &gt;75m) , Sinop-Peninsula around (Black Sea, Turkey)"],
"url" :["https://edmed.seadatanet.org/report/1577/"],
"sponsor" :[],
"size" :[],
"sameAs" :[],
"publication" :[],
"provider" :["Institute of Marine Sciences, Middle East Technical University"],
"position" :[],
"name" :["Sinop Time Series - Fisheries and Dolphins"],
"measurementTechnique" :["Pelagic trawl nets"],
"material" :[],
"maintainer" :[],
"locationCreated" :["Turkey"],
"issn" :[],
"isPartOf" :[],
"isBasedOn" :[],
"isAccessibleForFree" :[],
"includedInDataCatalog" :[],
"editor" :[],
"editEIDR" :[],
"copyrightYear" :[],
"copyrightNotice" :[],
"copyrightHolder" :["Sinop University, Fisheries Faculty"],
"contributor" :["Sinop University, Fisheries Faculty"],
"contentReferenceTime" :["2002-2006"],
"contentLocation" :["Turkey"],
"character" :[],
"acquireLicensePage" :[],
"accessModeSufficient" :[],
"about" :[],
"rights" :[],
"relation" :[],
"qualifiedRelation" :[],
"qualifiedAttribution" :[],
"previousVersion" :[],
"nextVersion" :[],
"landingPage" :[],
"isReferencedBy" :[],
"hasVersion" :[],
"hasPolicy" :[],
"hasCurrentVersion" :[],
"useConstraints" :[],
"status" :[],
"spatialRepresentationType" :[],
"spatialRepresentationInfo" :[],
"scope" :[],
"purpose" :[],
"otherLocale" :[],
"metadataProfile" :[],
"metadataLinkage" :[],
"metadataIdentifier" :[],
"environmentDescription" :[],
"distributionInfo" :["None"],
"dataQualityInfo" :[],
"contentInfo" :[],
"ResearchInfrastructure" :["SeaDataNet"],
"EssentialVariables" :["Fish abundace"],
"potentialTopics" :["fishery", "series", "dolphin", "time", "net", "trawl", "pelagic", "fish", "cetacean", "physiology", "morphology", "age", "abundance"]
}