{
"description" :["The survey was conducted to check out and define new morphological parameters of the submarine slope after the artificial nourishment. The distribution of the load material was investigated and it was revealed that the material redistributed from the water line to the depth of 5 metres."],
"identifier" :["39003040"],
"keywords" :["Wave direction; Other wave statistics; Lithology; Sediment accumulation rate"],
"language" :[],
"accessibilitySummary" :[],
"contact" :["Scientific-Industrial Center of Research and Governance of Coastal Formation Processes SAKNAPIRDATSVA 150 D.Agmashenebeli Ave. Tbilisi   Georgia"],
"version" :[],
"temporalCoverage" :[],
"publisher" :["Scientific-Industrial Center of Research and Governance of Coastal Formation Processes SAKNAPIRDATSVA"],
"spatial" :[],
"license" :[],
"citation" :[],
"genre" :[],
"creator" :["Scientific-Industrial Center of Research and Governance of Coastal Formation Processes SAKNAPIRDATSVA"],
"modificationDate" :["2009-01-27"],
"distribution" :[],
"image" :[],
"thumbnailUrl" :[],
"headline" :[],
"abstract" :["The survey was conducted to check out and define new morphological parameters of the submarine slope after the artificial nourishment. The distribution of the load material was investigated and it was revealed that the material redistributed from the water line to the depth of 5 metres."],
"theme" :[],
"dateCreated" :["10/10/1983-10/18/1983"],
"creditText" :[],
"datePublished" :["10/10/1983-10/18/1983"],
"producer" :["Iv.Javakhishvili Tbilisi State University, Centre of Relations with UNESCO Oceanological Research Centre and GeoDNA (UNESCO)"],
"author" :["Zurab Savaneli (Head of Dep. of Geoinformatic)"],
"spatialCoverage" :["Georgian Black Sea coastal zone, Adjara, Chaqvi"],
"url" :["https://edmed.seadatanet.org/report/1749/"],
"sponsor" :[],
"size" :[],
"sameAs" :[],
"publication" :[],
"provider" :["Iv.Javakhishvili Tbilisi State University, Centre of Relations with UNESCO Oceanological Research Centre and GeoDNA (UNESCO)"],
"position" :[],
"name" :["Scheme of distribution of the artificial load material in the Chaqvi coastal area, Georgia"],
"measurementTechnique" :["Wave recorders; single-beam echosounders"],
"material" :[],
"maintainer" :[],
"locationCreated" :["Georgia"],
"issn" :[],
"isPartOf" :[],
"isBasedOn" :[],
"isAccessibleForFree" :[],
"includedInDataCatalog" :[],
"editor" :[],
"editEIDR" :[],
"copyrightYear" :[],
"copyrightNotice" :[],
"copyrightHolder" :["Scientific-Industrial Center of Research and Governance of Coastal Formation Processes SAKNAPIRDATSVA"],
"contributor" :["Scientific-Industrial Center of Research and Governance of Coastal Formation Processes SAKNAPIRDATSVA"],
"contentReferenceTime" :["10/10/1983-10/18/1983"],
"contentLocation" :["Georgia"],
"character" :[],
"acquireLicensePage" :[],
"accessModeSufficient" :[],
"about" :[],
"rights" :[],
"relation" :[],
"qualifiedRelation" :[],
"qualifiedAttribution" :[],
"previousVersion" :[],
"nextVersion" :[],
"landingPage" :[],
"isReferencedBy" :[],
"hasVersion" :[],
"hasPolicy" :[],
"hasCurrentVersion" :[],
"useConstraints" :[],
"status" :[],
"spatialRepresentationType" :[],
"spatialRepresentationInfo" :[],
"scope" :[],
"purpose" :[],
"otherLocale" :[],
"metadataProfile" :[],
"metadataLinkage" :[],
"metadataIdentifier" :[],
"environmentDescription" :[],
"distributionInfo" :["None"],
"dataQualityInfo" :[],
"contentInfo" :[],
"ResearchInfrastructure" :["SeaDataNet"],
"EssentialVariables" :["Subsurface temperature", "Sea surface salinity", "subsurface salinity"],
"potentialTopics" :["wave", "accumulation", "statistic", "direction", "rate", "sediment", "lithology", "recorder", "distribution", "artificial", "scheme", "load", "area", "coastal", "material"]
}