{
"description" :["The data used in this project comprised all temperature, salinity and\noxygen data available from the US NODCs Oceanographic Station Data (SD) file\nas of the first quarter of 1978 and in the Mechanical Bathythermograph (MBT)\nand Expendable Bathythermograph (XBT) files as of the first quarter of 1977.\nThe SD file contained  approximately 500,000 hydrographic stations, mostly\nNansen casts. The MBT file contained approximately 785,000 observations and\nthe XBT file approximately 300,000 observations. The data have been analyzed\nin a consistent objective manner at standard oceanographic depth levels.\nThe data set was carefully screened and subjected to careful quality\nevaluation procedures including range checks, static stability check, and\nvarious statistical checks. Duplicate, obviously erroneous or\nnon-representative data were eliminated. The analyzed fields were generated by\nmeans of an iterative difference correction scheme, details of which can be\nfound in NOAA Professional Paper No. 13.\n\nThis data set comprises monthly, seasonal and annual values of potential and\nin-situ temperature and salinity, at 33 levels on a 1  x 1  grid. The\nHadley Centre has calculated potential temperature from the original data. In\naddition, PP format data has been interpolated from the original Levitus grid.\nNote the Hadley Centre comments: Salinity values at levels near the ice are\nnot reliable due to ice melt."],
"identifier" :["1026013"],
"keywords" :["Dissolved oxygen parameters in the water column; Salinity of the water column; Temperature of the water column"],
"language" :[],
"accessibilitySummary" :[],
"contact" :["Hadley Centre for Climate Prediction and Research Met Office\nFitzRoy Road Exeter Devon EX1 3PB United Kingdom"],
"version" :[],
"temporalCoverage" :[],
"publisher" :["Hadley Centre for Climate Prediction and Research"],
"spatial" :[],
"license" :[],
"citation" :[],
"genre" :[],
"creator" :["Hadley Centre for Climate Prediction and Research"],
"modificationDate" :["2009-11-30"],
"distribution" :[],
"image" :[],
"thumbnailUrl" :[],
"headline" :[],
"abstract" :["The data used in this project comprised all temperature, salinity and\noxygen data available from the US NODCs Oceanographic Station Data (SD) file\nas of the first quarter of 1978 and in the Mechanical Bathythermograph (MBT)\nand Expendable Bathythermograph (XBT) files as of the first quarter of 1977.\nThe SD file contained  approximately 500,000 hydrographic stations, mostly\nNansen casts. The MBT file contained approximately 785,000 observations and\nthe XBT file approximately 300,000 observations. The data have been analyzed\nin a consistent objective manner at standard oceanographic depth levels.\nThe data set was carefully screened and subjected to careful quality\nevaluation procedures including range checks, static stability check, and\nvarious statistical checks. Duplicate, obviously erroneous or\nnon-representative data were eliminated. The analyzed fields were generated by\nmeans of an iterative difference correction scheme, details of which can be\nfound in NOAA Professional Paper No. 13.\n\nThis data set comprises monthly, seasonal and annual values of potential and\nin-situ temperature and salinity, at 33 levels on a 1  x 1  grid. The\nHadley Centre has calculated potential temperature from the original data. In\naddition, PP format data has been interpolated from the original Levitus grid.\nNote the Hadley Centre comments: Salinity values at levels near the ice are\nnot reliable due to ice melt."],
"theme" :[],
"dateCreated" :["From 1900 to 1978"],
"creditText" :[],
"datePublished" :["From 1900 to 1978"],
"producer" :["British Oceanographic Data Centre"],
"author" :["Dr. David A. Bennetts"],
"spatialCoverage" :["Global"],
"url" :["https://edmed.seadatanet.org/report/361/"],
"sponsor" :[],
"size" :[],
"sameAs" :[],
"publication" :[],
"provider" :["British Oceanographic Data Centre"],
"position" :[],
"name" :["Potential and in-situ temperature and salinity from the Levitus Climatological Atlas of the World Ocean (1900-1978)"],
"measurementTechnique" :["Bathythermographs; salinity sensor; dissolved gas sensors"],
"material" :[],
"maintainer" :[],
"locationCreated" :["United Kingdom"],
"issn" :[],
"isPartOf" :[],
"isBasedOn" :[],
"isAccessibleForFree" :[],
"includedInDataCatalog" :[],
"editor" :[],
"editEIDR" :[],
"copyrightYear" :[],
"copyrightNotice" :[],
"copyrightHolder" :["Hadley Centre for Climate Prediction and Research"],
"contributor" :["Hadley Centre for Climate Prediction and Research"],
"contentReferenceTime" :["From 1900 to 1978"],
"contentLocation" :["United Kingdom"],
"character" :[],
"acquireLicensePage" :[],
"accessModeSufficient" :[],
"about" :[],
"rights" :[],
"relation" :[],
"qualifiedRelation" :[],
"qualifiedAttribution" :[],
"previousVersion" :[],
"nextVersion" :[],
"landingPage" :[],
"isReferencedBy" :[],
"hasVersion" :[],
"hasPolicy" :[],
"hasCurrentVersion" :[],
"useConstraints" :[],
"status" :[],
"spatialRepresentationType" :[],
"spatialRepresentationInfo" :[],
"scope" :[],
"purpose" :[],
"otherLocale" :[],
"metadataProfile" :[],
"metadataLinkage" :[],
"metadataIdentifier" :[],
"environmentDescription" :[],
"distributionInfo" :["http://www.meto.gov.uk/sec5/CR_div/cr_info.html"],
"dataQualityInfo" :[],
"contentInfo" :[],
"ResearchInfrastructure" :["SeaDataNet"],
"EssentialVariables" :["Sea surface temperature", "Subsurface temperature", "Sea surface currents", "Sea surface salinity", "subsurface salinity", "Ocean colour", "Ocean Sound", "Oxygen"],
"potentialTopics" :["temperature", "salinity", "potential", "ocean", "climatological", "world", "atlas", "dissolved", "gas", "sensor", "column", "water", "oxygen", "parameter"]
}