{
"description" :["The main goal of the work was to investigate: the climatic conditions of the Georgian coastal zone of the Black Sea; the space-temporal distribution of meteorological fields along the Georgian shoreline of the Black Sea; use the meteorological data for creation of the mathematical models of development of the hydrometeorological processes in the Black Sea Region."],
"identifier" :["39011030"],
"keywords" :["Other meteorological measurements"],
"language" :[],
"accessibilitySummary" :[],
"contact" :["M. Nodia  Institute of Geophysics of Georgian Academy of Science 1 Alexsidze Str. Tbilisi  0193 Georgia"],
"version" :[],
"temporalCoverage" :[],
"publisher" :["M. Nodia  Institute of Geophysics of Georgian Academy of Science"],
"spatial" :[],
"license" :[],
"citation" :[],
"genre" :[],
"creator" :["M. Nodia  Institute of Geophysics of Georgian Academy of Science"],
"modificationDate" :["2009-01-19"],
"distribution" :[],
"image" :[],
"thumbnailUrl" :[],
"headline" :[],
"abstract" :["The main goal of the work was to investigate: the climatic conditions of the Georgian coastal zone of the Black Sea; the space-temporal distribution of meteorological fields along the Georgian shoreline of the Black Sea; use the meteorological data for creation of the mathematical models of development of the hydrometeorological processes in the Black Sea Region."],
"theme" :[],
"dateCreated" :["1930-1985"],
"creditText" :[],
"datePublished" :["1930-1985"],
"producer" :["Iv.Javakhishvili Tbilisi State University, Centre of Relations with UNESCO Oceanological Research Centre and GeoDNA (UNESCO)"],
"author" :["Dr. Avtanadil Kordzadze (Deputy Director)"],
"spatialCoverage" :["Georgian Black Sea coastal zone"],
"url" :["https://edmed.seadatanet.org/report/1884/"],
"sponsor" :[],
"size" :[],
"sameAs" :[],
"publication" :[],
"provider" :["Iv.Javakhishvili Tbilisi State University, Centre of Relations with UNESCO Oceanological Research Centre and GeoDNA (UNESCO)"],
"position" :[],
"name" :["Variability and average long-term (multiyearly mean) amount of the annual sums of precipitation along the Georgian shoreline of the Black Sea"],
"measurementTechnique" :["Meteorological packages"],
"material" :[],
"maintainer" :[],
"locationCreated" :["Georgia"],
"issn" :[],
"isPartOf" :[],
"isBasedOn" :[],
"isAccessibleForFree" :[],
"includedInDataCatalog" :[],
"editor" :[],
"editEIDR" :[],
"copyrightYear" :[],
"copyrightNotice" :[],
"copyrightHolder" :["M. Nodia  Institute of Geophysics of Georgian Academy of Science"],
"contributor" :["M. Nodia  Institute of Geophysics of Georgian Academy of Science"],
"contentReferenceTime" :["1930-1985"],
"contentLocation" :["Georgia"],
"character" :[],
"acquireLicensePage" :[],
"accessModeSufficient" :[],
"about" :[],
"rights" :[],
"relation" :[],
"qualifiedRelation" :[],
"qualifiedAttribution" :[],
"previousVersion" :[],
"nextVersion" :[],
"landingPage" :[],
"isReferencedBy" :[],
"hasVersion" :[],
"hasPolicy" :[],
"hasCurrentVersion" :[],
"useConstraints" :[],
"status" :[],
"spatialRepresentationType" :[],
"spatialRepresentationInfo" :[],
"scope" :[],
"purpose" :[],
"otherLocale" :[],
"metadataProfile" :[],
"metadataLinkage" :[],
"metadataIdentifier" :[],
"environmentDescription" :[],
"distributionInfo" :["None"],
"dataQualityInfo" :[],
"contentInfo" :[],
"ResearchInfrastructure" :["SeaDataNet"],
"EssentialVariables" :["Sea state", "Sea ice", "Sea level", "Subsurface temperature", "Sea surface currents"],
"potentialTopics" :["package", "measurement", "meteorological", "mean", "average", "annual", "shoreline", "along", "amount", "variability", "sum", "precipitation", "black", "sea"]
}