{
"description" :["The hydrological and hydrochemical, biological and hazardous substances data stored within historical INTERBASE database has been collected in frame of the Polish monitoring programme in accordance with HELCOM  COMBINE manual. There are more thant 17,000 records for the period 1998-2013. Each record represents one measurement level. The database is regularly updated and quality controlled in accordance with IOC, ICES and HELCOM guidelines. This includes both formal control and scientific control. The cruise ID, cruise number in the year together with the ICES ships ID and the station name form the key reference to the data records. Once a year data are sent to HELCOM data centres maintained by ICES Data Centre."],
"identifier" :["21003010"],
"keywords" :["Phytoplankton taxonomic surface area in water bodies; Macroalgae and seagrass taxonomy-related counts; Ammonium and ammonia concentration parameters in water bodies; Bacteria environmental parameters; Concentration of polychlorobiphenyls (PCBs) in biota; Air pressure; Air temperature; Cloud cover height and extent; Atmospheric humidity; Cloud type; Chlorophyll pigment concentrations in water bodies; Dissolved oxygen parameters in the water column; Wind strength and direction; Zoobenthos taxonomy-related ash-free dry weight biomass per unit area of the littoral zone; Nitrate concentration parameters in the water column; Nitrite concentration parameters in the water column; Phosphate concentration parameters in the water column; Salinity of the water column; Horizontal velocity of the water column (currents); Secchi disk depth; Silicate concentration parameters in the water column; Dissolved inorganic nitrogen concentration in the water column; Temperature of the water column; Radioactivity in water bodies; Zoobenthos dry weight biomass; Zoobenthos taxonomic abundance; Zoobenthos taxonomy-related counts; Zoobenthos taxonomy-related wet weight biomass per unit area of the bed; Concentration of polychlorobiphenyls (PCBs) in sediment samples; Solar Radiation; Metal concentrations in biota; Alkalinity, acidity and pH of the water column; Wave height estimates; Phytoplankton taxonomic volume in water bodies; Phytoplankton taxonomic biomass in water bodies; Inorganic chemical composition of sediment or rocks"],
"language" :[],
"accessibilitySummary" :[],
"contact" :["Institute of Meteorology and Water Management National Research Institute, Maritime Branch in Gdynia Waszyngtona 42 Gdynia Pomorskie 81-342 Poland"],
"version" :[],
"temporalCoverage" :[],
"publisher" :["Institute of Meteorology and Water Management National Research Institute, Maritime Branch in Gdynia"],
"spatial" :[],
"license" :[],
"citation" :[],
"genre" :[],
"creator" :["Institute of Meteorology and Water Management National Research Institute, Maritime Branch in Gdynia"],
"modificationDate" :["2016-11-09"],
"distribution" :[],
"image" :[],
"thumbnailUrl" :[],
"headline" :[],
"abstract" :["The hydrological and hydrochemical, biological and hazardous substances data stored within historical INTERBASE database has been collected in frame of the Polish monitoring programme in accordance with HELCOM  COMBINE manual. There are more thant 17,000 records for the period 1998-2013. Each record represents one measurement level. The database is regularly updated and quality controlled in accordance with IOC, ICES and HELCOM guidelines. This includes both formal control and scientific control. The cruise ID, cruise number in the year together with the ICES ships ID and the station name form the key reference to the data records. Once a year data are sent to HELCOM data centres maintained by ICES Data Centre."],
"theme" :[],
"dateCreated" :["1998 - 2013"],
"creditText" :[],
"datePublished" :["1998 - 2013"],
"producer" :["Institute of Meteorology and Water Management National Research Institute, Maritime Branch in Gdynia"],
"author" :["Wlodzimierz Krzyminski (Head of the department)"],
"spatialCoverage" :["Polish Exclusive Economic Zone of the southern Baltic Sea: open sea area, Pomeranian Bay, Gulf of Gdansk, Szczecin Lagoon, Vistula Lagoon, Puck Lagoon"],
"url" :["https://edmed.seadatanet.org/report/1629/"],
"sponsor" :[],
"size" :[],
"sameAs" :[],
"publication" :[],
"provider" :["Institute of Meteorology and Water Management National Research Institute, Maritime Branch in Gdynia"],
"position" :[],
"name" :["COMBINE monitoring hydrological and hydrochemical data from the southern Baltic Sea (1998-2013)"],
"measurementTechnique" :["Current profilers; CTD; pH sensors; atomic absorption spectrometers; gas chromatograph mass spectrometers; spectrophotometers; current meters; meteorological packages"],
"material" :[],
"maintainer" :[],
"locationCreated" :["Poland"],
"issn" :[],
"isPartOf" :[],
"isBasedOn" :[],
"isAccessibleForFree" :[],
"includedInDataCatalog" :[],
"editor" :[],
"editEIDR" :[],
"copyrightYear" :[],
"copyrightNotice" :[],
"copyrightHolder" :["Institute of Meteorology and Water Management National Research Institute, Maritime Branch in Gdynia"],
"contributor" :["Institute of Meteorology and Water Management National Research Institute, Maritime Branch in Gdynia"],
"contentReferenceTime" :["1998 - 2013"],
"contentLocation" :["Poland"],
"character" :[],
"acquireLicensePage" :[],
"accessModeSufficient" :[],
"about" :[],
"rights" :[],
"relation" :[],
"qualifiedRelation" :[],
"qualifiedAttribution" :[],
"previousVersion" :[],
"nextVersion" :[],
"landingPage" :[],
"isReferencedBy" :[],
"hasVersion" :[],
"hasPolicy" :[],
"hasCurrentVersion" :[],
"useConstraints" :[],
"status" :[],
"spatialRepresentationType" :[],
"spatialRepresentationInfo" :[],
"scope" :[],
"purpose" :[],
"otherLocale" :[],
"metadataProfile" :[],
"metadataLinkage" :[],
"metadataIdentifier" :[],
"environmentDescription" :[],
"distributionInfo" :["None"],
"dataQualityInfo" :[],
"contentInfo" :[],
"ResearchInfrastructure" :["SeaDataNet"],
"EssentialVariables" :["Dissolved organic carbon", "Plankton"],
"potentialTopics" :["water", "column", "concentration", "parameter", "body", "taxonomic", "biomass", "area", "phytoplankton", "weight", "air", "current", "spectrometer", "sensor", "package", "chromatograph", "spectrophotometer", "mass", "absorption", "gas", "meter"]
}