{
"description" :["A database has been established covering optical plankton counter and more traditional methods of establishing mesozooplankton abundance. This covers both North and South Atlantic - cruises include those undertaken as part of the  PRIME, AMT and other projects."],
"identifier" :["1053043"],
"keywords" :["Zooplankton taxonomy-related abundance per unit volume of the water column; Zooplankton non taxonomy-related abundance per unit volume of the water column"],
"language" :[],
"accessibilitySummary" :[],
"contact" :["British Oceanographic Data Centre Joseph Proudman Building\n6 Brownlow Street Liverpool Merseyside L3 5DA United Kingdom"],
"version" :[],
"temporalCoverage" :[],
"publisher" :["Plymouth Marine Laboratory"],
"spatial" :[],
"license" :[],
"citation" :[],
"genre" :[],
"creator" :["Plymouth Marine Laboratory"],
"modificationDate" :["2010-01-15"],
"distribution" :[],
"image" :[],
"thumbnailUrl" :[],
"headline" :[],
"abstract" :["A database has been established covering optical plankton counter and more traditional methods of establishing mesozooplankton abundance. This covers both North and South Atlantic - cruises include those undertaken as part of the  PRIME, AMT and other projects."],
"theme" :[],
"dateCreated" :["Model hindcasts are run from 1955 to present day"],
"creditText" :[],
"datePublished" :["Model hindcasts are run from 1955 to present day"],
"producer" :["British Oceanographic Data Centre"],
"author" :["Polly Hadiabdi (Head of the BODC Requests Team)"],
"spatialCoverage" :["NE Atlantic and NW European Continental Shelf"],
"url" :["https://edmed.seadatanet.org/report/723/"],
"sponsor" :[],
"size" :[],
"sameAs" :[],
"publication" :[],
"provider" :["British Oceanographic Data Centre"],
"position" :[],
"name" :["Zooplankton and optical plankton counter database for the North and South Atlantic (1994-)"],
"measurementTechnique" :["Plankton nets; plankton categorisers and counters"],
"material" :[],
"maintainer" :[],
"locationCreated" :["United Kingdom"],
"issn" :[],
"isPartOf" :[],
"isBasedOn" :[],
"isAccessibleForFree" :[],
"includedInDataCatalog" :[],
"editor" :[],
"editEIDR" :[],
"copyrightYear" :[],
"copyrightNotice" :[],
"copyrightHolder" :["Plymouth Marine Laboratory"],
"contributor" :["Plymouth Marine Laboratory"],
"contentReferenceTime" :["Model hindcasts are run from 1955 to present day"],
"contentLocation" :["United Kingdom"],
"character" :[],
"acquireLicensePage" :[],
"accessModeSufficient" :[],
"about" :[],
"rights" :[],
"relation" :[],
"qualifiedRelation" :[],
"qualifiedAttribution" :[],
"previousVersion" :[],
"nextVersion" :[],
"landingPage" :[],
"isReferencedBy" :[],
"hasVersion" :[],
"hasPolicy" :[],
"hasCurrentVersion" :[],
"useConstraints" :[],
"status" :[],
"spatialRepresentationType" :[],
"spatialRepresentationInfo" :[],
"scope" :[],
"purpose" :[],
"otherLocale" :[],
"metadataProfile" :[],
"metadataLinkage" :[],
"metadataIdentifier" :[],
"environmentDescription" :[],
"distributionInfo" :["None"],
"dataQualityInfo" :[],
"contentInfo" :[],
"ResearchInfrastructure" :["SeaDataNet"],
"EssentialVariables" :["Plankton"],
"potentialTopics" :["plankton", "counter", "net", "zooplankton", "optical", "south", "database", "north", "column", "water", "volume", "abundance", "unit", "per", "non"]
}