{
"description" :["Basic data on the COCACE cruises. The sedimentary characteristics of the continental shelf and slope in the Central Cantabrian Sea (North Spain) were studied, including granulometric data and chemical analysis of organic carbon and total nitrogen within a framework of 64 stations off the coast of Asturias."],
"identifier" :["8027001"],
"keywords" :["Sediment grain size parameters; Dissolved total and organic nitrogen concentrations in the water column"],
"language" :[],
"accessibilitySummary" :[],
"contact" :["University of Oviedo, Biology of Organisms and Systems departament Campus del Cristo\nDepartamento de Biologa de Organismos y Sistemas\nUniversidad de Oviedo\nCatedratico Rodrigo Uria s/n Oviedo  33071 Spain"],
"version" :[],
"temporalCoverage" :[],
"publisher" :["University of Oviedo, Biology of Organisms and Systems departament"],
"spatial" :[],
"license" :[],
"citation" :[],
"genre" :[],
"creator" :["University of Oviedo, Biology of Organisms and Systems departament"],
"modificationDate" :["2009-01-13"],
"distribution" :[],
"image" :[],
"thumbnailUrl" :[],
"headline" :[],
"abstract" :["Basic data on the COCACE cruises. The sedimentary characteristics of the continental shelf and slope in the Central Cantabrian Sea (North Spain) were studied, including granulometric data and chemical analysis of organic carbon and total nitrogen within a framework of 64 stations off the coast of Asturias."],
"theme" :[],
"dateCreated" :["From October 1986 to January 1988"],
"creditText" :[],
"datePublished" :["From October 1986 to January 1988"],
"producer" :["IEO, Spanish Oceanographic Institute"],
"author" :["Dr. Ricardo Anadon"],
"spatialCoverage" :["Asturias coastal waters (N Spain)"],
"url" :["https://edmed.seadatanet.org/report/2630/"],
"sponsor" :[],
"size" :[],
"sameAs" :[],
"publication" :[],
"provider" :["IEO, Spanish Oceanographic Institute"],
"position" :[],
"name" :["Sediments of coastal waters of Asturias (N Spain)"],
"measurementTechnique" :["None"],
"material" :[],
"maintainer" :[],
"locationCreated" :["Spain"],
"issn" :[],
"isPartOf" :[],
"isBasedOn" :[],
"isAccessibleForFree" :[],
"includedInDataCatalog" :[],
"editor" :[],
"editEIDR" :[],
"copyrightYear" :[],
"copyrightNotice" :[],
"copyrightHolder" :["University of Oviedo, Biology of Organisms and Systems departament"],
"contributor" :["University of Oviedo, Biology of Organisms and Systems departament"],
"contentReferenceTime" :["From October 1986 to January 1988"],
"contentLocation" :["Spain"],
"character" :[],
"acquireLicensePage" :[],
"accessModeSufficient" :[],
"about" :[],
"rights" :[],
"relation" :[],
"qualifiedRelation" :[],
"qualifiedAttribution" :[],
"previousVersion" :[],
"nextVersion" :[],
"landingPage" :[],
"isReferencedBy" :[],
"hasVersion" :[],
"hasPolicy" :[],
"hasCurrentVersion" :[],
"useConstraints" :[],
"status" :[],
"spatialRepresentationType" :[],
"spatialRepresentationInfo" :[],
"scope" :[],
"purpose" :[],
"otherLocale" :[],
"metadataProfile" :[],
"metadataLinkage" :[],
"metadataIdentifier" :[],
"environmentDescription" :[],
"distributionInfo" :["None"],
"dataQualityInfo" :[],
"contentInfo" :[],
"ResearchInfrastructure" :["SeaDataNet"],
"EssentialVariables" :["Subsurface temperature", "Sea surface salinity", "subsurface salinity", "Nitrous oxide", "Dissolved organic carbon", "Nitrous Oxide"],
"potentialTopics" :["water", "sediment", "parameter", "total", "concentration", "grain", "size", "nitrogen", "dissolved", "organic", "coastal", "none", "column"]
}