{
"description" :["The data set consists of 44 profiles during March 2005 and 47 profiles during February 2006 in Aegean Sea acquired in the frame of the NICOP project."],
"identifier" :["6013008"],
"keywords" :["Dissolved oxygen parameters in the water column; Salinity of the water column; Temperature of the water column; Transmittance and attenuance of the water column"],
"language" :[],
"accessibilitySummary" :[],
"contact" :["Hellenic Centre for Marine Research, Hellenic National Oceanographic Data Centre 46.7 km Athinon-Souniou Av.\nP.O.Box 712 Anavissos  19013 Greece"],
"version" :[],
"temporalCoverage" :[],
"publisher" :["Hellenic Centre for Marine Research, Hellenic National Oceanographic Data Centre"],
"spatial" :[],
"license" :[],
"citation" :[],
"genre" :[],
"creator" :["Hellenic Centre for Marine Research, Institute of Oceanography"],
"modificationDate" :["2015-07-22"],
"distribution" :[],
"image" :[],
"thumbnailUrl" :[],
"headline" :[],
"abstract" :["The data set consists of 44 profiles during March 2005 and 47 profiles during February 2006 in Aegean Sea acquired in the frame of the NICOP project."],
"theme" :[],
"dateCreated" :["March 2005 and February 2006"],
"creditText" :[],
"datePublished" :["March 2005 and February 2006"],
"producer" :["Hellenic Centre for Marine Research, Hellenic National Oceanographic Data Centre"],
"author" :["A. Iona"],
"spatialCoverage" :["Aegean Sea"],
"url" :["https://edmed.seadatanet.org/report/1298/"],
"sponsor" :[],
"size" :[],
"sameAs" :[],
"publication" :[],
"provider" :["Hellenic Centre for Marine Research, Hellenic National Oceanographic Data Centre"],
"position" :[],
"name" :["NICOP CTD data 2005-2006 (Aegean Sea)"],
"measurementTechnique" :["CTD"],
"material" :[],
"maintainer" :[],
"locationCreated" :["Greece"],
"issn" :[],
"isPartOf" :[],
"isBasedOn" :[],
"isAccessibleForFree" :[],
"includedInDataCatalog" :[],
"editor" :[],
"editEIDR" :[],
"copyrightYear" :[],
"copyrightNotice" :[],
"copyrightHolder" :["Hellenic Centre for Marine Research, Hellenic National Oceanographic Data Centre"],
"contributor" :["Hellenic Centre for Marine Research, Hellenic National Oceanographic Data Centre"],
"contentReferenceTime" :["March 2005 and February 2006"],
"contentLocation" :["Greece"],
"character" :[],
"acquireLicensePage" :[],
"accessModeSufficient" :[],
"about" :[],
"rights" :[],
"relation" :[],
"qualifiedRelation" :[],
"qualifiedAttribution" :[],
"previousVersion" :[],
"nextVersion" :[],
"landingPage" :[],
"isReferencedBy" :[],
"hasVersion" :[],
"hasPolicy" :[],
"hasCurrentVersion" :[],
"useConstraints" :[],
"status" :[],
"spatialRepresentationType" :[],
"spatialRepresentationInfo" :[],
"scope" :[],
"purpose" :[],
"otherLocale" :[],
"metadataProfile" :[],
"metadataLinkage" :[],
"metadataIdentifier" :[],
"environmentDescription" :[],
"distributionInfo" :["http://mapserver.ath.hcmr.gr/pagin/v27/index_new.php"],
"dataQualityInfo" :[],
"contentInfo" :[],
"ResearchInfrastructure" :["SeaDataNet"],
"EssentialVariables" :["Sea state", "Sea ice", "Sea level", "Sea surface temperature", "Subsurface temperature", "Sea surface currents", "Sea surface salinity", "subsurface salinity", "Oxygen"],
"potentialTopics" :["data", "sea", "parameter", "salinity", "temperature", "transmittance", "dissolved", "oxygen", "water", "column"]
}