{
"description" :["The data set comprises wind and wave data collected at Beryl Alpha Platform (59 32.79N 001 32.06E) in the northern North Sea. Data collection began on 01 July 1983 and is continuing. The data are being gathered by Marex (now Paras)."],
"identifier" :["1077001"],
"keywords" :["Wind strength and direction; Wave direction; Spectral wave data parameters; Wave height and period statistics"],
"language" :[],
"accessibilitySummary" :[],
"contact" :["Mobil North Sea Limited Grampian House\nUnion Row Aberdeen  AB10 1SA United Kingdom"],
"version" :[],
"temporalCoverage" :[],
"publisher" :["Mobil North Sea Limited"],
"spatial" :[],
"license" :[],
"citation" :[],
"genre" :[],
"creator" :["Mobil North Sea Limited"],
"modificationDate" :["2009-12-01"],
"distribution" :[],
"image" :[],
"thumbnailUrl" :[],
"headline" :[],
"abstract" :["The data set comprises wind and wave data collected at Beryl Alpha Platform (59 32.79N 001 32.06E) in the northern North Sea. Data collection began on 01 July 1983 and is continuing. The data are being gathered by Marex (now Paras)."],
"theme" :[],
"dateCreated" :["From July 1983 onwards"],
"creditText" :[],
"datePublished" :["From July 1983 onwards"],
"producer" :["British Oceanographic Data Centre"],
"author" :["The Director"],
"spatialCoverage" :["Beryl Alpha platform, northern North Sea"],
"url" :["https://edmed.seadatanet.org/report/832/"],
"sponsor" :[],
"size" :[],
"sameAs" :[],
"publication" :[],
"provider" :["British Oceanographic Data Centre"],
"position" :[],
"name" :["Wind and wave data from Beryl Alpha Platform, northern North Sea (July 1983-)"],
"measurementTechnique" :["Anemometers; wave recorders"],
"material" :[],
"maintainer" :[],
"locationCreated" :["United Kingdom"],
"issn" :[],
"isPartOf" :[],
"isBasedOn" :[],
"isAccessibleForFree" :[],
"includedInDataCatalog" :[],
"editor" :[],
"editEIDR" :[],
"copyrightYear" :[],
"copyrightNotice" :[],
"copyrightHolder" :["Mobil North Sea Limited"],
"contributor" :["Mobil North Sea Limited"],
"contentReferenceTime" :["From July 1983 onwards"],
"contentLocation" :["United Kingdom"],
"character" :[],
"acquireLicensePage" :[],
"accessModeSufficient" :[],
"about" :[],
"rights" :[],
"relation" :[],
"qualifiedRelation" :[],
"qualifiedAttribution" :[],
"previousVersion" :[],
"nextVersion" :[],
"landingPage" :[],
"isReferencedBy" :[],
"hasVersion" :[],
"hasPolicy" :[],
"hasCurrentVersion" :[],
"useConstraints" :[],
"status" :[],
"spatialRepresentationType" :[],
"spatialRepresentationInfo" :[],
"scope" :[],
"purpose" :[],
"otherLocale" :[],
"metadataProfile" :[],
"metadataLinkage" :[],
"metadataIdentifier" :[],
"environmentDescription" :[],
"distributionInfo" :["None"],
"dataQualityInfo" :[],
"contentInfo" :[],
"ResearchInfrastructure" :["SeaDataNet"],
"EssentialVariables" :["Sea state", "Sea ice", "Sea level", "Sea surface currents"],
"potentialTopics" :["recorder", "anemometer", "wave", "wind", "data", "platform", "alpha", "northern", "north", "beryl", "direction", "strength", "statistic", "parameter", "period", "height", "spectral", "sea"]
}