{
"description" :["The deep sea network is based on 9 Seawatch and 2 WaveScan buoy stations. The instruments are located at points with depths between 200 and 800 m and measure atmospheric and oceanographic parameters. Measurements are transmitted every hour via satellite to Puertos del Estado and directly posted to a web page (http://www.puertos.es/en-us/oceanografia/Pages/portus.aspx)."],
"identifier" :["8037005"],
"keywords" :["Wave direction; Vertical velocity of the water column (currents); Horizontal velocity of the water column (currents); Temperature of the water column; Wind strength and direction"],
"language" :[],
"accessibilitySummary" :[],
"contact" :["Harbours Authority. Physical Environment Department Av. del Partenon 10 Madrid  28042 Spain"],
"version" :[],
"temporalCoverage" :[],
"publisher" :["Harbours Authority. Physical Environment Department"],
"spatial" :[],
"license" :[],
"citation" :[],
"genre" :[],
"creator" :["Harbours Authority. Physical Environment Department"],
"modificationDate" :["2015-09-02"],
"distribution" :[],
"image" :[],
"thumbnailUrl" :[],
"headline" :[],
"abstract" :["The deep sea network is based on 9 Seawatch and 2 WaveScan buoy stations. The instruments are located at points with depths between 200 and 800 m and measure atmospheric and oceanographic parameters. Measurements are transmitted every hour via satellite to Puertos del Estado and directly posted to a web page (http://www.puertos.es/en-us/oceanografia/Pages/portus.aspx)."],
"theme" :[],
"dateCreated" :["1998 onwards"],
"creditText" :[],
"datePublished" :["1998 onwards"],
"producer" :["IEO, Spanish Oceanographic Institute"],
"author" :["ALVAREZ Enrique"],
"spatialCoverage" :["Spanish coast"],
"url" :["https://edmed.seadatanet.org/report/2867/"],
"sponsor" :[],
"size" :[],
"sameAs" :[],
"publication" :[],
"provider" :["IEO, Spanish Oceanographic Institute"],
"position" :[],
"name" :["Data from the buoys network of Puertos del Estado (since 1998)"],
"measurementTechnique" :["None"],
"material" :[],
"maintainer" :[],
"locationCreated" :["Spain"],
"issn" :[],
"isPartOf" :[],
"isBasedOn" :[],
"isAccessibleForFree" :[],
"includedInDataCatalog" :[],
"editor" :[],
"editEIDR" :[],
"copyrightYear" :[],
"copyrightNotice" :[],
"copyrightHolder" :["Harbours Authority. Physical Environment Department"],
"contributor" :["Harbours Authority. Physical Environment Department"],
"contentReferenceTime" :["1998 onwards"],
"contentLocation" :["Spain"],
"character" :[],
"acquireLicensePage" :[],
"accessModeSufficient" :[],
"about" :[],
"rights" :[],
"relation" :[],
"qualifiedRelation" :[],
"qualifiedAttribution" :[],
"previousVersion" :[],
"nextVersion" :[],
"landingPage" :[],
"isReferencedBy" :[],
"hasVersion" :[],
"hasPolicy" :[],
"hasCurrentVersion" :[],
"useConstraints" :[],
"status" :[],
"spatialRepresentationType" :[],
"spatialRepresentationInfo" :[],
"scope" :[],
"purpose" :[],
"otherLocale" :[],
"metadataProfile" :[],
"metadataLinkage" :[],
"metadataIdentifier" :[],
"environmentDescription" :[],
"distributionInfo" :["http://www.puertos.es/en-us/oceanografia/Pages/portus.aspx"],
"dataQualityInfo" :[],
"contentInfo" :[],
"ResearchInfrastructure" :["SeaDataNet"],
"EssentialVariables" :["Sea surface temperature", "Subsurface temperature"],
"potentialTopics" :["since", "data", "buoy", "network", "del", "none", "wind", "horizontal", "strength", "current", "column", "water", "direction", "velocity", "temperature", "wave", "vertical"]
}