{
"description" :["The data set resulted from a thermistor chain survey in support of the ERS-1 two year programme (1991/1992) to investigate the radar imaging of complex ocean frontal regions. Data collected included thermistor chain, navigation, surface meteorology, XBT, CTD, shipborne ADCP and wind speed and direction.  Data were collected by the Applied Oceanography Section of the Sonar Performance Division at DRA, Portland. Thermistor chain, XBT, navigation and meteorology data are stored in the DRA archive system and have been processed to the DRA standard MIDAS user data file format. All of the navigation and meteorological data and half of the thermistor chain and XBT data have been screened for format and data errors and corrected to produce a clean data set. The CTD, ADCP and sonic anemometer data are also stored in the division archive."],
"identifier" :["1025024"],
"keywords" :["Air pressure; Air temperature; Electrical conductivity of the water column; Wind strength and direction; Vertical velocity of the water column (currents); Salinity of the water column; Horizontal velocity of the water column (currents); Temperature of the water column; Skin temperature of the water column"],
"language" :[],
"accessibilitySummary" :[],
"contact" :["Defence Evaluation Research Agency Winfrith Technology Centre\n Winfrith Dorchester DT2 8XJ United Kingdom"],
"version" :[],
"temporalCoverage" :[],
"publisher" :["Defence Evaluation Research Agency"],
"spatial" :[],
"license" :[],
"citation" :[],
"genre" :[],
"creator" :["Defence Evaluation Research Agency"],
"modificationDate" :["2009-05-22"],
"distribution" :[],
"image" :[],
"thumbnailUrl" :[],
"headline" :[],
"abstract" :["The data set resulted from a thermistor chain survey in support of the ERS-1 two year programme (1991/1992) to investigate the radar imaging of complex ocean frontal regions. Data collected included thermistor chain, navigation, surface meteorology, XBT, CTD, shipborne ADCP and wind speed and direction.  Data were collected by the Applied Oceanography Section of the Sonar Performance Division at DRA, Portland. Thermistor chain, XBT, navigation and meteorology data are stored in the DRA archive system and have been processed to the DRA standard MIDAS user data file format. All of the navigation and meteorological data and half of the thermistor chain and XBT data have been screened for format and data errors and corrected to produce a clean data set. The CTD, ADCP and sonic anemometer data are also stored in the division archive."],
"theme" :[],
"dateCreated" :["From 30 August to 27 September 1992"],
"creditText" :[],
"datePublished" :["From 30 August to 27 September 1992"],
"producer" :["British Oceanographic Data Centre"],
"author" :["Dr. Graham Jackson"],
"spatialCoverage" :["Iceland-Faroes frontal zone, Denmark Strait"],
"url" :["https://edmed.seadatanet.org/report/334/"],
"sponsor" :[],
"size" :[],
"sameAs" :[],
"publication" :[],
"provider" :["British Oceanographic Data Centre"],
"position" :[],
"name" :["Oceanographic data collected for Frontal Imaging Verification ERS-1 (1992)"],
"measurementTechnique" :["Meteorological packages; bathythermographs; CTD; satellite positioning systems; current profilers; thermistor chains"],
"material" :[],
"maintainer" :[],
"locationCreated" :["United Kingdom"],
"issn" :[],
"isPartOf" :[],
"isBasedOn" :[],
"isAccessibleForFree" :[],
"includedInDataCatalog" :[],
"editor" :[],
"editEIDR" :[],
"copyrightYear" :[],
"copyrightNotice" :[],
"copyrightHolder" :["Defence Evaluation Research Agency"],
"contributor" :["Defence Evaluation Research Agency"],
"contentReferenceTime" :["From 30 August to 27 September 1992"],
"contentLocation" :["United Kingdom"],
"character" :[],
"acquireLicensePage" :[],
"accessModeSufficient" :[],
"about" :[],
"rights" :[],
"relation" :[],
"qualifiedRelation" :[],
"qualifiedAttribution" :[],
"previousVersion" :[],
"nextVersion" :[],
"landingPage" :[],
"isReferencedBy" :[],
"hasVersion" :[],
"hasPolicy" :[],
"hasCurrentVersion" :[],
"useConstraints" :[],
"status" :[],
"spatialRepresentationType" :[],
"spatialRepresentationInfo" :[],
"scope" :[],
"purpose" :[],
"otherLocale" :[],
"metadataProfile" :[],
"metadataLinkage" :[],
"metadataIdentifier" :[],
"environmentDescription" :[],
"distributionInfo" :["None"],
"dataQualityInfo" :[],
"contentInfo" :[],
"ResearchInfrastructure" :["SeaDataNet"],
"EssentialVariables" :["Sea surface temperature", "Subsurface temperature", "Sea surface salinity", "subsurface salinity", "Marine Habitat Properties"],
"potentialTopics" :["current", "frontal", "data", "verification", "oceanographic", "collected", "imaging", "meteorological", "positioning", "thermistor", "package", "system", "satellite", "chain", "water", "column", "temperature", "air", "velocity", "wind", "skin", "salinity", "vertical"]
}