{
"description" :["This aquaculture study includes areas already in production and their types of exploitation, authorised areas and areas to be authorised; it also includes areas of old abandoned salt-ponds.  The main system of production in the area is based on earthen ponds, in an intensive and semi-intensive regime and in artisanal and/or semi-industrial exploitations."],
"identifier" :["15040032"],
"keywords" :["Unspecified"],
"language" :[],
"accessibilitySummary" :[],
"contact" :["National Institute of Fisheries Research Instituto Nacional de Investigao Agrria e das Pescas Former IPIMAR Av. De Brasilia Lisboa  1449-006 Portugal"],
"version" :[],
"temporalCoverage" :[],
"publisher" :["National Institute of Fisheries Research Instituto Nacional de Investigao Agrria e das Pescas Former IPIMAR"],
"spatial" :[],
"license" :[],
"citation" :[],
"genre" :[],
"creator" :["National Institute of Fisheries Research Instituto Nacional de Investigao Agrria e das Pescas Former IPIMAR"],
"modificationDate" :["2009-10-29"],
"distribution" :[],
"image" :[],
"thumbnailUrl" :[],
"headline" :[],
"abstract" :["This aquaculture study includes areas already in production and their types of exploitation, authorised areas and areas to be authorised; it also includes areas of old abandoned salt-ponds.  The main system of production in the area is based on earthen ponds, in an intensive and semi-intensive regime and in artisanal and/or semi-industrial exploitations."],
"theme" :[],
"dateCreated" :["From 01 to 31 December 1993"],
"creditText" :[],
"datePublished" :["From 01 to 31 December 1993"],
"producer" :["Hydrographic Institute"],
"author" :["Marcelo Vasconcelos (President)"],
"spatialCoverage" :["Portugal: Tagus and Sado estuaries"],
"url" :["https://edmed.seadatanet.org/report/2350/"],
"sponsor" :[],
"size" :[],
"sameAs" :[],
"publication" :[],
"provider" :["Hydrographic Institute"],
"position" :[],
"name" :["Aquaculture management of Tagus and Sado estuaries, Portugal (1993)"],
"measurementTechnique" :["Unknown"],
"material" :[],
"maintainer" :[],
"locationCreated" :["Portugal"],
"issn" :[],
"isPartOf" :[],
"isBasedOn" :[],
"isAccessibleForFree" :[],
"includedInDataCatalog" :[],
"editor" :[],
"editEIDR" :[],
"copyrightYear" :[],
"copyrightNotice" :[],
"copyrightHolder" :["National Institute of Fisheries Research Instituto Nacional de Investigao Agrria e das Pescas Former IPIMAR"],
"contributor" :["National Institute of Fisheries Research Instituto Nacional de Investigao Agrria e das Pescas Former IPIMAR"],
"contentReferenceTime" :["From 01 to 31 December 1993"],
"contentLocation" :["Portugal"],
"character" :[],
"acquireLicensePage" :[],
"accessModeSufficient" :[],
"about" :[],
"rights" :[],
"relation" :[],
"qualifiedRelation" :[],
"qualifiedAttribution" :[],
"previousVersion" :[],
"nextVersion" :[],
"landingPage" :[],
"isReferencedBy" :[],
"hasVersion" :[],
"hasPolicy" :[],
"hasCurrentVersion" :[],
"useConstraints" :[],
"status" :[],
"spatialRepresentationType" :[],
"spatialRepresentationInfo" :[],
"scope" :[],
"purpose" :[],
"otherLocale" :[],
"metadataProfile" :[],
"metadataLinkage" :[],
"metadataIdentifier" :[],
"environmentDescription" :[],
"distributionInfo" :["None"],
"dataQualityInfo" :[],
"contentInfo" :[],
"ResearchInfrastructure" :["SeaDataNet"],
"EssentialVariables" :[],
"potentialTopics" :["estuary", "aquaculture", "management", "unspecified", "unknown"]
}