{
"description" :["The data set contains the extent of the largest annual ice cover in the Baltic Sea starting from the ice season 1719/1720. The time series is based on the material collected by R. Jurva (1720-1940) and the material of the ice service of the FIMR (1941-2003). Jurva collected ice information from several sources and reconstructed the extent of the largest annual ice cover in the Baltic Sea. The earliest extensions are estimates. Only after reconnaissance flight had become general in the 1920s and especially after satellites had come into general use in the last decades, it was possible to observe exactly the extent of ice cover. Time series is updated annually."],
"identifier" :["19001012"],
"keywords" :["Snow and ice mass, thickness and extent"],
"language" :[],
"accessibilitySummary" :[],
"contact" :["Finnish Meteorological Institute Erik Palmenin aukio\nP.O. Box 503 Helsinki  FI-00101 Finland"],
"version" :[],
"temporalCoverage" :[],
"publisher" :["Finnish Meteorological Institute"],
"spatial" :[],
"license" :[],
"citation" :[],
"genre" :[],
"creator" :["Finnish Institute of Marine Research Finnish Meteorological Institute"],
"modificationDate" :["2009-11-24"],
"distribution" :[],
"image" :[],
"thumbnailUrl" :[],
"headline" :[],
"abstract" :["The data set contains the extent of the largest annual ice cover in the Baltic Sea starting from the ice season 1719/1720. The time series is based on the material collected by R. Jurva (1720-1940) and the material of the ice service of the FIMR (1941-2003). Jurva collected ice information from several sources and reconstructed the extent of the largest annual ice cover in the Baltic Sea. The earliest extensions are estimates. Only after reconnaissance flight had become general in the 1920s and especially after satellites had come into general use in the last decades, it was possible to observe exactly the extent of ice cover. Time series is updated annually."],
"theme" :[],
"dateCreated" :["1720 - present"],
"creditText" :[],
"datePublished" :["1720 - present"],
"producer" :["Finnish Institute of Marine Research"],
"author" :["Ari Sein (head of group)"],
"spatialCoverage" :["The Baltic Sea, Kattegat and Skagerrak to the line Grimstad-Skagen"],
"url" :["https://edmed.seadatanet.org/report/2049/"],
"sponsor" :[],
"size" :[],
"sameAs" :[],
"publication" :[],
"provider" :["Finnish Institute of Marine Research"],
"position" :[],
"name" :["Annual Maximum Extent of Ice Cover in the Baltic Sea (1720 - )"],
"measurementTechnique" :["Observers"],
"material" :[],
"maintainer" :[],
"locationCreated" :["Finland"],
"issn" :[],
"isPartOf" :[],
"isBasedOn" :[],
"isAccessibleForFree" :[],
"includedInDataCatalog" :[],
"editor" :[],
"editEIDR" :[],
"copyrightYear" :[],
"copyrightNotice" :[],
"copyrightHolder" :["Finnish Meteorological Institute"],
"contributor" :["Finnish Meteorological Institute"],
"contentReferenceTime" :["1720 - present"],
"contentLocation" :["Finland"],
"character" :[],
"acquireLicensePage" :[],
"accessModeSufficient" :[],
"about" :[],
"rights" :[],
"relation" :[],
"qualifiedRelation" :[],
"qualifiedAttribution" :[],
"previousVersion" :[],
"nextVersion" :[],
"landingPage" :[],
"isReferencedBy" :[],
"hasVersion" :[],
"hasPolicy" :[],
"hasCurrentVersion" :[],
"useConstraints" :[],
"status" :[],
"spatialRepresentationType" :[],
"spatialRepresentationInfo" :[],
"scope" :[],
"purpose" :[],
"otherLocale" :[],
"metadataProfile" :[],
"metadataLinkage" :[],
"metadataIdentifier" :[],
"environmentDescription" :[],
"distributionInfo" :["None"],
"dataQualityInfo" :[],
"contentInfo" :[],
"ResearchInfrastructure" :["SeaDataNet"],
"EssentialVariables" :["Sea state", "Sea ice", "Sea level", "Sea surface currents"],
"potentialTopics" :["observer", "extent", "ice", "sea", "maximum", "annual", "snow", "cover", "mass", "thickness"]
}