{
"description" :["MON*CHEMIE is a part of the Monitoring programme of the National Water Systems (in Dutch : Monitoring Waterstaatkundige Toestand des Lands; MWTL) The primary goal of the MWTL programme is to provide physical, chemical and biological information in relation to long term developments. So the focal point for the monitoring programme is based on trend detection. Another aim is to check the compliance to national and international assessment criteria. The Dutch marine and brackish waters are dived into areas. In field GEOGRAPHIC COVERAGE the area is mentioned.  In MON*CHEMIE chemical parameters are determined in surface water, suspended matter, sediment and biota. The starting date mentioned is not necessarily the same for every parameter or location, this can differ from one parameter or location to another. Depending on the parameter and the location most samples are collected on a weekly, monthly or 3 monthly base. The given date is the first year data is available of one or more locations. During the given period more or less locations can be sampled due to changes in the national monitoring programme. Sampling and analysing the samples are carried out by Standard Operating Procedures (SOPs).  The concentration of heavy metals are increased by human activities. Metals are not broken down and are absorbed by sediment for a long time. Metals are measured in various ecosystems:  - Surface water: The samples are taken by diving pump. Until 1995 for all metals the total and the dissolved metal concentration in water is measured. From 1996 only dissolved metal is measured.   - Suspended matter: In suspended matter the metals Cd, Cr, Cu, Hg, Ni, Pb, Zn and As are measured. The samples are taken by centrifuge.    Sediment: In sediment the metals Cd, Cr, Cu, Hg, Ni, Pb, Zn and As are measured. The samples are taken by boxcorer. In the sediment programme samples are taken every three years.    Biota: Yearly a number of locations are sampled for analyses in biota. For Flounder 25 specimen are collected (divided over 5 classes) and analysed individually. For analyses in mussels a large number of specimens are collected and pooled samples of 5 length classes are analysed. Dab is collected and analysed in pooled samples.  In biota the following analysis are carried out: Dab and Flounder muscle: Hg; Flounder liver: Cd; Dab liver: Cd, Cu. Hg, Pb, Zn; Mussel soft body: Cd, Cr, Cu, Hg, Ni, Pb, Zn, As. For the actual planning: www.waterplan.nl"],
"identifier" :["20001042"],
"keywords" :["Colloidal metal concentrations in the water column; Dissolved metal concentrations in the water column; Inorganic chemical composition of sediment or rocks; Metal concentrations in biota"],
"language" :[],
"accessibilitySummary" :[],
"contact" :["Rijkswaterstaat Central Information Services Derde Werelddreef 1 Delft  2622 HA Netherlands"],
"version" :[],
"temporalCoverage" :[],
"publisher" :["Rijkswaterstaat Central Information Services"],
"spatial" :[],
"license" :[],
"citation" :[],
"genre" :[],
"creator" :["Rijkswaterstaat Water, Traffic and Environment"],
"modificationDate" :["2010-11-22"],
"distribution" :[],
"image" :[],
"thumbnailUrl" :[],
"headline" :[],
"abstract" :["MON*CHEMIE is a part of the Monitoring programme of the National Water Systems (in Dutch : Monitoring Waterstaatkundige Toestand des Lands; MWTL) The primary goal of the MWTL programme is to provide physical, chemical and biological information in relation to long term developments. So the focal point for the monitoring programme is based on trend detection. Another aim is to check the compliance to national and international assessment criteria. The Dutch marine and brackish waters are dived into areas. In field GEOGRAPHIC COVERAGE the area is mentioned.  In MON*CHEMIE chemical parameters are determined in surface water, suspended matter, sediment and biota. The starting date mentioned is not necessarily the same for every parameter or location, this can differ from one parameter or location to another. Depending on the parameter and the location most samples are collected on a weekly, monthly or 3 monthly base. The given date is the first year data is available of one or more locations. During the given period more or less locations can be sampled due to changes in the national monitoring programme. Sampling and analysing the samples are carried out by Standard Operating Procedures (SOPs).  The concentration of heavy metals are increased by human activities. Metals are not broken down and are absorbed by sediment for a long time. Metals are measured in various ecosystems:  - Surface water: The samples are taken by diving pump. Until 1995 for all metals the total and the dissolved metal concentration in water is measured. From 1996 only dissolved metal is measured.   - Suspended matter: In suspended matter the metals Cd, Cr, Cu, Hg, Ni, Pb, Zn and As are measured. The samples are taken by centrifuge.    Sediment: In sediment the metals Cd, Cr, Cu, Hg, Ni, Pb, Zn and As are measured. The samples are taken by boxcorer. In the sediment programme samples are taken every three years.    Biota: Yearly a number of locations are sampled for analyses in biota. For Flounder 25 specimen are collected (divided over 5 classes) and analysed individually. For analyses in mussels a large number of specimens are collected and pooled samples of 5 length classes are analysed. Dab is collected and analysed in pooled samples.  In biota the following analysis are carried out: Dab and Flounder muscle: Hg; Flounder liver: Cd; Dab liver: Cd, Cu. Hg, Pb, Zn; Mussel soft body: Cd, Cr, Cu, Hg, Ni, Pb, Zn, As. For the actual planning: www.waterplan.nl"],
"theme" :[],
"dateCreated" :["1972-present"],
"creditText" :[],
"datePublished" :["1972-present"],
"producer" :["National Oceanographic Data Committee"],
"author" :["Not supplied (Service Desk Data)"],
"spatialCoverage" :["Western Wadden Sea. The boundary between Western Wadden Sea  and Eastern Wadden Sea  is situated between the islands Terschelling and Ameland."],
"url" :["https://edmed.seadatanet.org/report/2908/"],
"sponsor" :[],
"size" :[],
"sameAs" :[],
"publication" :[],
"provider" :["National Oceanographic Data Committee"],
"position" :[],
"name" :["Netherlands National Monitoring of Heavy Metals  in the Western Wadden Sea Region (1972-)"],
"measurementTechnique" :["Particulates samplers; unconsolidated sediment corers; centrifuges; sieves and filters; inductively-coupled plasma atomic emission spectroscopes; spectrophotometers"],
"material" :[],
"maintainer" :[],
"locationCreated" :["Netherlands"],
"issn" :[],
"isPartOf" :[],
"isBasedOn" :[],
"isAccessibleForFree" :[],
"includedInDataCatalog" :[],
"editor" :[],
"editEIDR" :[],
"copyrightYear" :[],
"copyrightNotice" :[],
"copyrightHolder" :["Rijkswaterstaat Central Information Services"],
"contributor" :["Rijkswaterstaat Central Information Services"],
"contentReferenceTime" :["1972-present"],
"contentLocation" :["Netherlands"],
"character" :[],
"acquireLicensePage" :[],
"accessModeSufficient" :[],
"about" :[],
"rights" :[],
"relation" :[],
"qualifiedRelation" :[],
"qualifiedAttribution" :[],
"previousVersion" :[],
"nextVersion" :[],
"landingPage" :[],
"isReferencedBy" :[],
"hasVersion" :[],
"hasPolicy" :[],
"hasCurrentVersion" :[],
"useConstraints" :[],
"status" :[],
"spatialRepresentationType" :[],
"spatialRepresentationInfo" :[],
"scope" :[],
"purpose" :[],
"otherLocale" :[],
"metadataProfile" :[],
"metadataLinkage" :[],
"metadataIdentifier" :[],
"environmentDescription" :[],
"distributionInfo" :["http://www.waterbase.nl"],
"dataQualityInfo" :[],
"contentInfo" :[],
"ResearchInfrastructure" :["SeaDataNet"],
"EssentialVariables" :["Sea state", "Sea ice", "Sea level", "Subsurface temperature", "Sea surface currents", "Sea surface salinity", "subsurface salinity"],
"potentialTopics" :["western", "region", "monitoring", "sea", "national", "heavy", "plasma", "spectrophotometer", "centrifuge", "sieve", "metal", "concentration", "water", "column", "sediment", "rock", "biota", "chemical", "composition", "dissolved", "sampler", "filter"]
}