{
"description" :["During the two weeks 6 - 18 September 1976 intense hydrographical measurements were performed in Oresund (the Sound). The reason for the observations was a model project for Oresund attended to by the Danish Hydraulic Institute. The program was designed to serve as a calibration of a numerical two-layer model which implies that the data material is not optimized in other aspects.\n\nThe data covers\n- permanent measurements performed by the Danish Meteorological Institute (DMI), the Danish Hydraulic Institute (DHI), the Meteorological and Hydrological Institute of Sweden (SMHI) and the Belt Project, National Agency of Environmental Protection, Denmark (BP)\n- Intensive measurements in September 1976 performed by SMHI and BP\n- Intensive measurements in September 1976 performed in Koge Bight as a result of an investigation commissioned to DHI by the municipals bordering the bight RDANH holds only data which are stored together with data from the Belt Project Data (see Data Set Description for Physical oceanographic data collected during the Belt Project)."],
"identifier" :["13018004"],
"keywords" :["Sea level; Electrical conductivity of the water column; Raw current meter output parameters; Vertical velocity of the water column (currents); Salinity of the water column; Horizontal velocity of the water column (currents); River flow and discharge; Temperature of the water column; Skin temperature of the water column; Temperature variation in the water column; Turbulence in the water column; Raw temperature and/or salinity instrument output"],
"language" :[],
"accessibilitySummary" :[],
"contact" :["Royal Danish Administration of Navigation &amp; Hydrography, Oceanographic Department     Denmark"],
"version" :[],
"temporalCoverage" :[],
"publisher" :["Royal Danish Administration of Navigation &amp; Hydrography, Oceanographic Department"],
"spatial" :[],
"license" :[],
"citation" :[],
"genre" :[],
"creator" :["Aarhus University, Department of Bioscience, Marine Ecology RoskildeDHI Water Environment HealthDanish Meteorological Institute, Oceanographic SectionDanish Ministry of the EnvironmentSwedish Meteorological and Hydrological Institute"],
"modificationDate" :["2009-03-18"],
"distribution" :[],
"image" :[],
"thumbnailUrl" :[],
"headline" :[],
"abstract" :["During the two weeks 6 - 18 September 1976 intense hydrographical measurements were performed in Oresund (the Sound). The reason for the observations was a model project for Oresund attended to by the Danish Hydraulic Institute. The program was designed to serve as a calibration of a numerical two-layer model which implies that the data material is not optimized in other aspects.\n\nThe data covers\n- permanent measurements performed by the Danish Meteorological Institute (DMI), the Danish Hydraulic Institute (DHI), the Meteorological and Hydrological Institute of Sweden (SMHI) and the Belt Project, National Agency of Environmental Protection, Denmark (BP)\n- Intensive measurements in September 1976 performed by SMHI and BP\n- Intensive measurements in September 1976 performed in Koge Bight as a result of an investigation commissioned to DHI by the municipals bordering the bight RDANH holds only data which are stored together with data from the Belt Project Data (see Data Set Description for Physical oceanographic data collected during the Belt Project)."],
"theme" :[],
"dateCreated" :["September 1976"],
"creditText" :[],
"datePublished" :["September 1976"],
"producer" :["Aarhus University, Department of Bioscience, Marine Ecology Roskilde"],
"author" :["Palle Bo Nielsen"],
"spatialCoverage" :["Oresund (the Sound)"],
"url" :["https://edmed.seadatanet.org/report/1107/"],
"sponsor" :[],
"size" :[],
"sameAs" :[],
"publication" :[],
"provider" :["Aarhus University, Department of Bioscience, Marine Ecology Roskilde"],
"position" :[],
"name" :["Physical oceanographic data from the 1976 Oresund Experiment"],
"measurementTechnique" :["None"],
"material" :[],
"maintainer" :[],
"locationCreated" :["Denmark"],
"issn" :[],
"isPartOf" :[],
"isBasedOn" :[],
"isAccessibleForFree" :[],
"includedInDataCatalog" :[],
"editor" :[],
"editEIDR" :[],
"copyrightYear" :[],
"copyrightNotice" :[],
"copyrightHolder" :["Royal Danish Administration of Navigation &amp; Hydrography, Oceanographic Department"],
"contributor" :["Royal Danish Administration of Navigation &amp; Hydrography, Oceanographic Department"],
"contentReferenceTime" :["September 1976"],
"contentLocation" :["Denmark"],
"character" :[],
"acquireLicensePage" :[],
"accessModeSufficient" :[],
"about" :[],
"rights" :[],
"relation" :[],
"qualifiedRelation" :[],
"qualifiedAttribution" :[],
"previousVersion" :[],
"nextVersion" :[],
"landingPage" :[],
"isReferencedBy" :[],
"hasVersion" :[],
"hasPolicy" :[],
"hasCurrentVersion" :[],
"useConstraints" :[],
"status" :[],
"spatialRepresentationType" :[],
"spatialRepresentationInfo" :[],
"scope" :[],
"purpose" :[],
"otherLocale" :[],
"metadataProfile" :[],
"metadataLinkage" :[],
"metadataIdentifier" :[],
"environmentDescription" :[],
"distributionInfo" :["http://www.dmu.dk/International/Water/Monitoring+of+the+Marine+Environment/MADS/CTD/"],
"dataQualityInfo" :[],
"contentInfo" :[],
"ResearchInfrastructure" :["SeaDataNet"],
"EssentialVariables" :["Sea surface temperature", "Subsurface temperature", "Sea surface salinity", "subsurface salinity", "Marine Habitat Properties"],
"potentialTopics" :["physical", "oceanographic", "data", "experiment", "none", "column", "water", "temperature", "current", "velocity", "output", "salinity", "raw", "flow", "skin", "vertical"]
}