{
"description" :["River flow and discharge measurements, river Supsa from 1940 to 1950 (monthly average) By Georgian Institute of Hydrometeorology (GIH)"],
"identifier" :["None"],
"keywords" :["River flow and discharge"],
"language" :[],
"accessibilitySummary" :[],
"contact" :["None"],
"version" :[],
"temporalCoverage" :[],
"publisher" :["None"],
"spatial" :[],
"license" :[],
"citation" :[],
"genre" :[],
"creator" :["Georgian Institute of Hydrometeorology of Georgian Technical University"],
"modificationDate" :["None"],
"distribution" :[],
"image" :[],
"thumbnailUrl" :[],
"headline" :[],
"abstract" :["River flow and discharge measurements, river Supsa from 1940 to 1950 (monthly average) By Georgian Institute of Hydrometeorology (GIH)"],
"theme" :[],
"dateCreated" :["Av. monthly discharge of  Rv. Supsa -post Khidmagala 1940-1950 year"],
"creditText" :[],
"datePublished" :["Av. monthly discharge of  Rv. Supsa -post Khidmagala 1940-1950 year"],
"producer" :["None"],
"author" :["None"],
"spatialCoverage" :["Black Sea coast of Georgia (Rv. Supsa -post Khidmagala)."],
"url" :["https://edmed.seadatanet.org/report/5649/"],
"sponsor" :[],
"size" :[],
"sameAs" :[],
"publication" :[],
"provider" :["None"],
"position" :[],
"name" :["Discharge Rv. Supsa -post Khidmagala 1940-1950 year"],
"measurementTechnique" :["Current meters"],
"material" :[],
"maintainer" :[],
"locationCreated" :["Georgia"],
"issn" :[],
"isPartOf" :[],
"isBasedOn" :[],
"isAccessibleForFree" :[],
"includedInDataCatalog" :[],
"editor" :[],
"editEIDR" :[],
"copyrightYear" :[],
"copyrightNotice" :[],
"copyrightHolder" :["Georgian Institute of Hydrometeorology of Georgian Technical University"],
"contributor" :["Georgian Institute of Hydrometeorology of Georgian Technical University"],
"contentReferenceTime" :["Av. monthly discharge of  Rv. Supsa -post Khidmagala 1940-1950 year"],
"contentLocation" :["Georgia"],
"character" :[],
"acquireLicensePage" :[],
"accessModeSufficient" :[],
"about" :[],
"rights" :[],
"relation" :[],
"qualifiedRelation" :[],
"qualifiedAttribution" :[],
"previousVersion" :[],
"nextVersion" :[],
"landingPage" :[],
"isReferencedBy" :[],
"hasVersion" :[],
"hasPolicy" :[],
"hasCurrentVersion" :[],
"useConstraints" :[],
"status" :[],
"spatialRepresentationType" :[],
"spatialRepresentationInfo" :[],
"scope" :[],
"purpose" :[],
"otherLocale" :[],
"metadataProfile" :[],
"metadataLinkage" :[],
"metadataIdentifier" :[],
"environmentDescription" :[],
"distributionInfo" :["None"],
"dataQualityInfo" :[],
"contentInfo" :[],
"ResearchInfrastructure" :["SeaDataNet"],
"EssentialVariables" :[],
"potentialTopics" :["discharge", "river", "year", "flow", "post", "meter", "current"]
}