{
"description" :["National collection of benthic Tunicates of the Museum National dHistoire Naturelle de Paris (Colascidies)."],
"identifier" :["MNHP14"],
"keywords" :["Zooplankton and zoobenthos morphological parameters"],
"language" :[],
"accessibilitySummary" :[],
"contact" :["Museum National dHistoire Naturelle, Lab. Biologie des Invertebres Marins et Malacologie 57, Rue Cuvier PARIS CEDEX 05  75231 France"],
"version" :[],
"temporalCoverage" :[],
"publisher" :["Museum National dHistoire Naturelle, Lab. Biologie des Invertebres Marins et Malacologie"],
"spatial" :[],
"license" :[],
"citation" :[],
"genre" :[],
"creator" :["Museum National dHistoire Naturelle, Lab. Biologie des Invertebres Marins et Malacologie"],
"modificationDate" :["2011-01-13"],
"distribution" :[],
"image" :[],
"thumbnailUrl" :[],
"headline" :[],
"abstract" :["National collection of benthic Tunicates of the Museum National dHistoire Naturelle de Paris (Colascidies)."],
"theme" :[],
"dateCreated" :["1793 --&gt;"],
"creditText" :[],
"datePublished" :["1793 --&gt;"],
"producer" :["Ifremer, Scientific Information Systems for the sea"],
"author" :["Dir. Lab. Bio. Invertbrs Marins MNHN"],
"spatialCoverage" :["Couverture mondiale - World wide coverage"],
"url" :["https://edmed.seadatanet.org/report/4634/"],
"sponsor" :[],
"size" :[],
"sameAs" :[],
"publication" :[],
"provider" :["Ifremer, Scientific Information Systems for the sea"],
"position" :[],
"name" :["COLLECTION OF COLASCIDIES OF THE NATIONAL MUSEUM OF PARIS"],
"measurementTechnique" :["Pelagic trawl nets; manual biota samplers"],
"material" :[],
"maintainer" :[],
"locationCreated" :["France"],
"issn" :[],
"isPartOf" :[],
"isBasedOn" :[],
"isAccessibleForFree" :[],
"includedInDataCatalog" :[],
"editor" :[],
"editEIDR" :[],
"copyrightYear" :[],
"copyrightNotice" :[],
"copyrightHolder" :["Museum National dHistoire Naturelle, Lab. Biologie des Invertebres Marins et Malacologie"],
"contributor" :["Museum National dHistoire Naturelle, Lab. Biologie des Invertebres Marins et Malacologie"],
"contentReferenceTime" :["1793 --&gt;"],
"contentLocation" :["France"],
"character" :[],
"acquireLicensePage" :[],
"accessModeSufficient" :[],
"about" :[],
"rights" :[],
"relation" :[],
"qualifiedRelation" :[],
"qualifiedAttribution" :[],
"previousVersion" :[],
"nextVersion" :[],
"landingPage" :[],
"isReferencedBy" :[],
"hasVersion" :[],
"hasPolicy" :[],
"hasCurrentVersion" :[],
"useConstraints" :[],
"status" :[],
"spatialRepresentationType" :[],
"spatialRepresentationInfo" :[],
"scope" :[],
"purpose" :[],
"otherLocale" :[],
"metadataProfile" :[],
"metadataLinkage" :[],
"metadataIdentifier" :[],
"environmentDescription" :[],
"distributionInfo" :["http://www.mnhn.fr/"],
"dataQualityInfo" :[],
"contentInfo" :[],
"ResearchInfrastructure" :["SeaDataNet"],
"EssentialVariables" :["Plankton"],
"potentialTopics" :["collection", "national", "museum", "morphological", "zooplankton", "parameter", "net", "manual", "biota", "pelagic", "trawl", "sampler"]
}