{
"description" :["The data set comprises a series of five multi-disciplinary cruises on RRS John Murray to examine nutrient cycling in shallow bays."],
"identifier" :["1053012"],
"keywords" :["Carbon concentrations in suspended particulate material; Particulate inorganic carbon concentrations in the water column; Particulate total and organic carbon concentrations in the water column; Dissolved organic carbon concentration in the water column; Dissolved organic carbon uptake and production in the water column; Particulate total and organic nitrogen concentrations in the water column; Nitrate concentration parameters in the water column; Concentration of silicon species in suspended particulate material; Phosphate concentration parameters in the water column; Phosphorus concentrations in suspended particulate material; Nutrient fluxes between the bed and the water column; Dissolved inorganic nitrogen concentration in the water column; Dissolved total and organic nitrogen concentrations in the water column; Dissolved total or organic phosphorus concentration in the water column; Zooplankton non taxonomy-related biomass expressed as nitrogen per unit volume of the water column; Phytoplankton growth; Phytoplankton generic abundance in water bodies; Dissolved inorganic carbon production and respiration in the water column; Particulate total and organic phosphorus concentrations in the water column; Nitrite concentration parameters in the water column; Nitrification rate in the water column; Sedimentation flux of carbon, nitrogen or organic matter in the water column; Total dissolved inorganic carbon (TCO2) concentration in the water column; Phytoplankton taxonomic abundance in water bodies; Sedimentation flux of identified biota expressed as carbon in the water column; Nitrogen concentrations in sediment; Nitrogen concentrations in suspended particulate material; Concentration of silicon species in the water column; Silicate concentration parameters in the water column; Excretion rate parameters in the water column; Inorganic chemical composition of sediment or rocks"],
"language" :[],
"accessibilitySummary" :[],
"contact" :["Plymouth Marine Laboratory Prospect Place\nThe Hoe Plymouth England PL1 3DH United Kingdom"],
"version" :[],
"temporalCoverage" :[],
"publisher" :["Plymouth Marine Laboratory"],
"spatial" :[],
"license" :[],
"citation" :[],
"genre" :[],
"creator" :["Plymouth Marine Laboratory"],
"modificationDate" :["2010-11-22"],
"distribution" :[],
"image" :[],
"thumbnailUrl" :[],
"headline" :[],
"abstract" :["The data set comprises a series of five multi-disciplinary cruises on RRS John Murray to examine nutrient cycling in shallow bays."],
"theme" :[],
"dateCreated" :["From August 1979 to January 1981"],
"creditText" :[],
"datePublished" :["From August 1979 to January 1981"],
"producer" :["British Oceanographic Data Centre"],
"author" :["The Director"],
"spatialCoverage" :["Carmarthen Bay, north west Bristol Channel"],
"url" :["https://edmed.seadatanet.org/report/693/"],
"sponsor" :[],
"size" :[],
"sameAs" :[],
"publication" :[],
"provider" :["British Oceanographic Data Centre"],
"position" :[],
"name" :["Carmarthen Bay nutrient cycling (1979-1981)"],
"measurementTechnique" :["Plankton nets; autoanalysers; nutrient analysers"],
"material" :[],
"maintainer" :[],
"locationCreated" :["United Kingdom"],
"issn" :[],
"isPartOf" :[],
"isBasedOn" :[],
"isAccessibleForFree" :[],
"includedInDataCatalog" :[],
"editor" :[],
"editEIDR" :[],
"copyrightYear" :[],
"copyrightNotice" :[],
"copyrightHolder" :["Plymouth Marine Laboratory"],
"contributor" :["Plymouth Marine Laboratory"],
"contentReferenceTime" :["From August 1979 to January 1981"],
"contentLocation" :["United Kingdom"],
"character" :[],
"acquireLicensePage" :[],
"accessModeSufficient" :[],
"about" :[],
"rights" :[],
"relation" :[],
"qualifiedRelation" :[],
"qualifiedAttribution" :[],
"previousVersion" :[],
"nextVersion" :[],
"landingPage" :[],
"isReferencedBy" :[],
"hasVersion" :[],
"hasPolicy" :[],
"hasCurrentVersion" :[],
"useConstraints" :[],
"status" :[],
"spatialRepresentationType" :[],
"spatialRepresentationInfo" :[],
"scope" :[],
"purpose" :[],
"otherLocale" :[],
"metadataProfile" :[],
"metadataLinkage" :[],
"metadataIdentifier" :[],
"environmentDescription" :[],
"distributionInfo" :["None"],
"dataQualityInfo" :[],
"contentInfo" :[],
"ResearchInfrastructure" :["SeaDataNet"],
"EssentialVariables" :["Subsurface temperature", "subsurface salinity", "Nutrients", "Particulate matter", "Nitrous oxide", "Stable carbon isotopes", "Dissolved organic carbon", "Inorganic Carbon", "Nitrous Oxide", "Plankton"],
"potentialTopics" :["water", "column", "concentration", "particulate", "organic", "carbon", "total", "nutrient", "dissolved", "suspended", "nitrogen", "inorganic", "plankton", "net", "cycling", "bay"]
}