{
"description" :["Project: Aerial surveying the distribution, abundance and species composition of cetaceans in Russian and Ukrainian waters of the Black and Azov Seas (Azovka-2002). Sightings of cetaceans: harbour porpoises (Phocoena phocoena relicta), common dolphins (Delphinus delphis ponticus) and bottlenose dolphins (Tursiops truncatus ponticus). Sampling equipment: GPS, clinometers, airborne altimeters, polarizing sunglasses, watches. Sample treatment: Distance 3.5 (produced by the Research Unit for Wildlife Population Assessment, University of St. Andrews, UK)"],
"identifier" :["IBSS12"],
"keywords" :["Cetacean abundance"],
"language" :[],
"accessibilitySummary" :[],
"contact" :["Flanders Marine Institute Wandelaarkaai 7 Oostende  8400 Belgium"],
"version" :[],
"temporalCoverage" :[],
"publisher" :["Flanders Marine Institute"],
"spatial" :[],
"license" :[],
"citation" :[],
"genre" :[],
"creator" :["BREMA Laboratory"],
"modificationDate" :["2011-07-15"],
"distribution" :[],
"image" :[],
"thumbnailUrl" :[],
"headline" :[],
"abstract" :["Project: Aerial surveying the distribution, abundance and species composition of cetaceans in Russian and Ukrainian waters of the Black and Azov Seas (Azovka-2002). Sightings of cetaceans: harbour porpoises (Phocoena phocoena relicta), common dolphins (Delphinus delphis ponticus) and bottlenose dolphins (Tursiops truncatus ponticus). Sampling equipment: GPS, clinometers, airborne altimeters, polarizing sunglasses, watches. Sample treatment: Distance 3.5 (produced by the Research Unit for Wildlife Population Assessment, University of St. Andrews, UK)"],
"theme" :[],
"dateCreated" :["13/08/2002-17/08/2002"],
"creditText" :[],
"datePublished" :["13/08/2002-17/08/2002"],
"producer" :["Institute of Biology of the Southern Seas, NAS of Ukraine"],
"author" :["Leen Vandepitte"],
"spatialCoverage" :["Northeastern shelf area of the Black Sea. Surface of the sea along 34 tracklines set perpendicular to the shore line at regular 10-km intervals in the shelf area, with depths of 0-200 m."],
"url" :["https://edmed.seadatanet.org/report/5744/"],
"sponsor" :[],
"size" :[],
"sameAs" :[],
"publication" :[],
"provider" :["Institute of Biology of the Southern Seas, NAS of Ukraine"],
"position" :[],
"name" :["Cetacean aerial survey in the northeastern shelf area of the Black Sea in 2002"],
"measurementTechnique" :["Altimeters"],
"material" :[],
"maintainer" :[],
"locationCreated" :["Belgium"],
"issn" :[],
"isPartOf" :[],
"isBasedOn" :[],
"isAccessibleForFree" :[],
"includedInDataCatalog" :[],
"editor" :[],
"editEIDR" :[],
"copyrightYear" :[],
"copyrightNotice" :[],
"copyrightHolder" :["Flanders Marine Institute"],
"contributor" :["Flanders Marine Institute"],
"contentReferenceTime" :["13/08/2002-17/08/2002"],
"contentLocation" :["Belgium"],
"character" :[],
"acquireLicensePage" :[],
"accessModeSufficient" :[],
"about" :[],
"rights" :[],
"relation" :[],
"qualifiedRelation" :[],
"qualifiedAttribution" :[],
"previousVersion" :[],
"nextVersion" :[],
"landingPage" :[],
"isReferencedBy" :[],
"hasVersion" :[],
"hasPolicy" :[],
"hasCurrentVersion" :[],
"useConstraints" :[],
"status" :[],
"spatialRepresentationType" :[],
"spatialRepresentationInfo" :[],
"scope" :[],
"purpose" :[],
"otherLocale" :[],
"metadataProfile" :[],
"metadataLinkage" :[],
"metadataIdentifier" :[],
"environmentDescription" :[],
"distributionInfo" :["http://bio.emodnet.eu/"],
"dataQualityInfo" :[],
"contentInfo" :[],
"ResearchInfrastructure" :["SeaDataNet"],
"EssentialVariables" :["Sea state", "Sea ice", "Sea level", "Sea surface currents"],
"potentialTopics" :["abundance", "cetacean", "altimeter", "area", "black", "northeastern", "survey", "aerial", "sea", "shelf"]
}