{
"description" :["Number of stations: 382"],
"identifier" :["40001008"],
"keywords" :["Chlorophyll pigment concentrations in water bodies; Nitrate concentration parameters in the water column; Nitrite concentration parameters in the water column; Phosphate concentration parameters in the water column; Salinity of the water column; Secchi disk depth; Density of the water column; Silicate concentration parameters in the water column; Temperature of the water column; Concentration of suspended particulate material in the water column; Zooplankton taxonomy-related abundance per unit volume of the water column; Phaeopigment concentrations in the water column; Phytoplankton generic abundance in water bodies"],
"language" :[],
"accessibilitySummary" :[],
"contact" :["Institute of Marine Sciences, Middle East Technical University P.O.Box 28 Erdemli Mersin 33731 Turkey"],
"version" :[],
"temporalCoverage" :[],
"publisher" :["Institute of Marine Sciences, Middle East Technical University"],
"spatial" :[],
"license" :[],
"citation" :[],
"genre" :[],
"creator" :["Institute of Marine Sciences, Middle East Technical University"],
"modificationDate" :["2009-03-04"],
"distribution" :[],
"image" :[],
"thumbnailUrl" :[],
"headline" :[],
"abstract" :["Number of stations: 382"],
"theme" :[],
"dateCreated" :["04/04/1997 - present"],
"creditText" :[],
"datePublished" :["04/04/1997 - present"],
"producer" :["Institute of Marine Sciences, Middle East Technical University"],
"author" :["Prof.Dr. Ferit Bingel (Director)"],
"spatialCoverage" :["Mediterranean Sea"],
"url" :["https://edmed.seadatanet.org/report/1552/"],
"sponsor" :[],
"size" :[],
"sameAs" :[],
"publication" :[],
"provider" :["Institute of Marine Sciences, Middle East Technical University"],
"position" :[],
"name" :["Erdemli Time Series in the Mediterranean Sea"],
"measurementTechnique" :["CTD; discrete water samplers"],
"material" :[],
"maintainer" :[],
"locationCreated" :["Turkey"],
"issn" :[],
"isPartOf" :[],
"isBasedOn" :[],
"isAccessibleForFree" :[],
"includedInDataCatalog" :[],
"editor" :[],
"editEIDR" :[],
"copyrightYear" :[],
"copyrightNotice" :[],
"copyrightHolder" :["Institute of Marine Sciences, Middle East Technical University"],
"contributor" :["Institute of Marine Sciences, Middle East Technical University"],
"contentReferenceTime" :["04/04/1997 - present"],
"contentLocation" :["Turkey"],
"character" :[],
"acquireLicensePage" :[],
"accessModeSufficient" :[],
"about" :[],
"rights" :[],
"relation" :[],
"qualifiedRelation" :[],
"qualifiedAttribution" :[],
"previousVersion" :[],
"nextVersion" :[],
"landingPage" :[],
"isReferencedBy" :[],
"hasVersion" :[],
"hasPolicy" :[],
"hasCurrentVersion" :[],
"useConstraints" :[],
"status" :[],
"spatialRepresentationType" :[],
"spatialRepresentationInfo" :[],
"scope" :[],
"purpose" :[],
"otherLocale" :[],
"metadataProfile" :[],
"metadataLinkage" :[],
"metadataIdentifier" :[],
"environmentDescription" :[],
"distributionInfo" :["None"],
"dataQualityInfo" :[],
"contentInfo" :[],
"ResearchInfrastructure" :["SeaDataNet"],
"EssentialVariables" :["Sea state", "Sea ice", "Sea level", "Subsurface temperature", "Sea surface currents", "Sea surface salinity", "subsurface salinity", "Dissolved organic carbon", "Inorganic Carbon", "Plankton"],
"potentialTopics" :["water", "column", "concentration", "parameter", "sampler", "discrete", "abundance", "body", "sea", "series", "time", "salinity", "zooplankton", "unit", "silicate", "phosphate", "density"]
}