{
"description" :["MON*BIO is a part of the Monitoring programme of the National Water Systems (in Dutch : Monitoring Waterstaatkundige Toestand des Lands; MWTL) The primary goal of the MWTL programme is to provide physical, chemical and biological information in relation to long term developments. So the focal point for the monitoring programme is based on trend detection. Another aim is to check the compliance to national and international assessment criteria. The Dutch marine and brackish waters are dived into areas. In field GEOGRAPHIC COVERAGE the area is mentioned.  In MON*BIO surface water is inspected to determine the numbers of specimen and the totals of these specimens. The starting date mentioned is not necessarily the same for every parameters or location this can differ from one parameter or location to another. The given date is the first year data is available of one or more locations. During the given period more or less locations can be sampled due to changes in the national monitoring programme. All inspections are carried out by Standard Operating Procedures (SOPs).  Water:  The frequency of collecting the samples differs from 7 till 30 times a year. The programme for chlorophyll started in 1987. The monitoring of phytoplankton started in 1990. For actual planning:  www.waterplan.nl"],
"identifier" :["20001060"],
"keywords" :["Chlorophyll pigment concentrations in water bodies; Plankton abundance per unit volume of the water column; Phytoplankton generic abundance in water bodies; Plankton biomass expressed as carbon per unit volume of the water column; Phytoplankton taxonomic abundance in water bodies"],
"language" :[],
"accessibilitySummary" :[],
"contact" :["Rijkswaterstaat Central Information Services Derde Werelddreef 1 Delft  2622 HA Netherlands"],
"version" :[],
"temporalCoverage" :[],
"publisher" :["Rijkswaterstaat Central Information Services"],
"spatial" :[],
"license" :[],
"citation" :[],
"genre" :[],
"creator" :["Rijkswaterstaat Water, Traffic and Environment"],
"modificationDate" :["2009-09-21"],
"distribution" :[],
"image" :[],
"thumbnailUrl" :[],
"headline" :[],
"abstract" :["MON*BIO is a part of the Monitoring programme of the National Water Systems (in Dutch : Monitoring Waterstaatkundige Toestand des Lands; MWTL) The primary goal of the MWTL programme is to provide physical, chemical and biological information in relation to long term developments. So the focal point for the monitoring programme is based on trend detection. Another aim is to check the compliance to national and international assessment criteria. The Dutch marine and brackish waters are dived into areas. In field GEOGRAPHIC COVERAGE the area is mentioned.  In MON*BIO surface water is inspected to determine the numbers of specimen and the totals of these specimens. The starting date mentioned is not necessarily the same for every parameters or location this can differ from one parameter or location to another. The given date is the first year data is available of one or more locations. During the given period more or less locations can be sampled due to changes in the national monitoring programme. All inspections are carried out by Standard Operating Procedures (SOPs).  Water:  The frequency of collecting the samples differs from 7 till 30 times a year. The programme for chlorophyll started in 1987. The monitoring of phytoplankton started in 1990. For actual planning:  www.waterplan.nl"],
"theme" :[],
"dateCreated" :["1987 -present"],
"creditText" :[],
"datePublished" :["1987 -present"],
"producer" :["National Oceanographic Data Committee"],
"author" :["Not supplied (Service Desk Data)"],
"spatialCoverage" :["Western Scheldt"],
"url" :["https://edmed.seadatanet.org/report/2926/"],
"sponsor" :[],
"size" :[],
"sameAs" :[],
"publication" :[],
"provider" :["National Oceanographic Data Committee"],
"position" :[],
"name" :["Netherlands National Monitoring of Phytoplankton in the Western Scheldt Region (1987-)"],
"measurementTechnique" :["Particulates samplers; sieves and filters; optical microscopes"],
"material" :[],
"maintainer" :[],
"locationCreated" :["Netherlands"],
"issn" :[],
"isPartOf" :[],
"isBasedOn" :[],
"isAccessibleForFree" :[],
"includedInDataCatalog" :[],
"editor" :[],
"editEIDR" :[],
"copyrightYear" :[],
"copyrightNotice" :[],
"copyrightHolder" :["Rijkswaterstaat Central Information Services"],
"contributor" :["Rijkswaterstaat Central Information Services"],
"contentReferenceTime" :["1987 -present"],
"contentLocation" :["Netherlands"],
"character" :[],
"acquireLicensePage" :[],
"accessModeSufficient" :[],
"about" :[],
"rights" :[],
"relation" :[],
"qualifiedRelation" :[],
"qualifiedAttribution" :[],
"previousVersion" :[],
"nextVersion" :[],
"landingPage" :[],
"isReferencedBy" :[],
"hasVersion" :[],
"hasPolicy" :[],
"hasCurrentVersion" :[],
"useConstraints" :[],
"status" :[],
"spatialRepresentationType" :[],
"spatialRepresentationInfo" :[],
"scope" :[],
"purpose" :[],
"otherLocale" :[],
"metadataProfile" :[],
"metadataLinkage" :[],
"metadataIdentifier" :[],
"environmentDescription" :[],
"distributionInfo" :["http://www.waterbase.nl"],
"dataQualityInfo" :[],
"contentInfo" :[],
"ResearchInfrastructure" :["SeaDataNet"],
"EssentialVariables" :["Particulate matter", "Stable carbon isotopes", "Dissolved organic carbon", "Inorganic Carbon", "Plankton"],
"potentialTopics" :["western", "region", "monitoring", "national", "phytoplankton", "filter", "particulate", "optical", "sampler", "sieve", "microscope", "water", "body", "abundance", "per", "unit", "column", "plankton", "volume", "carbon"]
}