{
"description" :["The samples were taken with gravity corer from soft sediment on board R/V Aranda on different cruises 2001-.  The sediment cores were cut into 1 cm subsamples and from 0-10 in 1cm interval, 15-16, 20-21 and 25-26 cm were analysed for total metals. Freeze dried and homogenised samples were digested with aqua regia hydrofluoric acid and boric acid by microwave oven for total metal analysis. 16 elements were analysed by AAS and ICP-AES (including P). \nEasily available metals were analysed from 0-5 and 25-26 cm. Freeze dried sediment samples were extracted with 0,11M acetic acid for 2 hours. 11 elements were analysed by ICP-MS. Easily available extractions were made for fresh sediment samples from few stations. \nSediment pore water was squeezed from the sediment through 0,45 micrometer filter with hydraulic jack. Pore water was directed to helium filled gas box and aliquot 12 ml samples were acidified with strong s.p. HNO3. Pore water samples were stored at + 4 degrees Celcius and analysed with ICP-MS. 12 elements were analysed by ICP-MS (including P). Analysing certified reference materials with samples controlled the quality of analysis.\nThis is ongoing study."],
"identifier" :["19001045"],
"keywords" :["Carbonate chemistry in sediment pore waters; Trace metalloid concentrations in sediment pore water; Nutrient concentrations in sediment pore waters"],
"language" :[],
"accessibilitySummary" :[],
"contact" :["Finnish Environment Institute Latokartanonkaari 11 Helsinki  00790 Finland"],
"version" :[],
"temporalCoverage" :[],
"publisher" :["Finnish Environment Institute"],
"spatial" :[],
"license" :[],
"citation" :[],
"genre" :[],
"creator" :["Finnish Institute of Marine Research"],
"modificationDate" :["2009-11-24"],
"distribution" :[],
"image" :[],
"thumbnailUrl" :[],
"headline" :[],
"abstract" :["The samples were taken with gravity corer from soft sediment on board R/V Aranda on different cruises 2001-.  The sediment cores were cut into 1 cm subsamples and from 0-10 in 1cm interval, 15-16, 20-21 and 25-26 cm were analysed for total metals. Freeze dried and homogenised samples were digested with aqua regia hydrofluoric acid and boric acid by microwave oven for total metal analysis. 16 elements were analysed by AAS and ICP-AES (including P). \nEasily available metals were analysed from 0-5 and 25-26 cm. Freeze dried sediment samples were extracted with 0,11M acetic acid for 2 hours. 11 elements were analysed by ICP-MS. Easily available extractions were made for fresh sediment samples from few stations. \nSediment pore water was squeezed from the sediment through 0,45 micrometer filter with hydraulic jack. Pore water was directed to helium filled gas box and aliquot 12 ml samples were acidified with strong s.p. HNO3. Pore water samples were stored at + 4 degrees Celcius and analysed with ICP-MS. 12 elements were analysed by ICP-MS (including P). Analysing certified reference materials with samples controlled the quality of analysis.\nThis is ongoing study."],
"theme" :[],
"dateCreated" :["2001-2004"],
"creditText" :[],
"datePublished" :["2001-2004"],
"producer" :["Finnish Institute of Marine Research"],
"author" :["Mirja Leivuori (senior researcher)"],
"spatialCoverage" :["The Gulf of Finland, Archipelago Sea"],
"url" :["https://edmed.seadatanet.org/report/2070/"],
"sponsor" :[],
"size" :[],
"sameAs" :[],
"publication" :[],
"provider" :["Finnish Institute of Marine Research"],
"position" :[],
"name" :["Heavy metals in the Gulf of Finland (2001-2004)"],
"measurementTechnique" :["Sediment grabs; atomic absorption spectrometers; inductively-coupled plasma atomic emission spectroscopes"],
"material" :[],
"maintainer" :[],
"locationCreated" :["Finland"],
"issn" :[],
"isPartOf" :[],
"isBasedOn" :[],
"isAccessibleForFree" :[],
"includedInDataCatalog" :[],
"editor" :[],
"editEIDR" :[],
"copyrightYear" :[],
"copyrightNotice" :[],
"copyrightHolder" :["Finnish Environment Institute"],
"contributor" :["Finnish Environment Institute"],
"contentReferenceTime" :["2001-2004"],
"contentLocation" :["Finland"],
"character" :[],
"acquireLicensePage" :[],
"accessModeSufficient" :[],
"about" :[],
"rights" :[],
"relation" :[],
"qualifiedRelation" :[],
"qualifiedAttribution" :[],
"previousVersion" :[],
"nextVersion" :[],
"landingPage" :[],
"isReferencedBy" :[],
"hasVersion" :[],
"hasPolicy" :[],
"hasCurrentVersion" :[],
"useConstraints" :[],
"status" :[],
"spatialRepresentationType" :[],
"spatialRepresentationInfo" :[],
"scope" :[],
"purpose" :[],
"otherLocale" :[],
"metadataProfile" :[],
"metadataLinkage" :[],
"metadataIdentifier" :[],
"environmentDescription" :[],
"distributionInfo" :["None"],
"dataQualityInfo" :[],
"contentInfo" :[],
"ResearchInfrastructure" :["SeaDataNet"],
"EssentialVariables" :["Subsurface temperature", "Sea surface salinity", "subsurface salinity", "Nutrients", "Particulate matter"],
"potentialTopics" :["plasma", "grab", "emission", "spectroscope", "absorption", "spectrometer", "atomic", "gulf", "heavy", "metal", "sediment", "pore", "water", "concentration", "chemistry", "nutrient", "trace", "carbonate", "metalloid"]
}