{
"description" :["This catalogue aims to summarise the morphology of the principal sea lochs in north west Scotland as an aid to their classification and comparison. The catalogue is concerned mainly with those physical features that influence the physical oceanography of the lochs and, ultimately and more subtly, their marine chemistry and biology.  The catalogue is restricted to sea lochs which are more than 2 km long, whose length is more than twice their width, and which usually have one entrance - in some cases interrupted by islands. The outer parts of the Clyde Sea, Loch Snizort and Loch Linnhe have not been included because they are too wide in relation to their length. In rather less than half of the lochs there are no significant sills or basins. All those sills and basins included are shown on the sketch maps for each loch.  The information relates to: charts; areas at high water, low water, at the 2m, 5m, 10m contours; volumes; watershed; rainfall and freshwater runoff; kinetic energy supplies; mean depth at low water; ratio of supplies of fresh and tidal water; ratio of freshwater to width; sills - maximum depth, length, width, cross sectional area and areas upstream; current speed at sills."],
"identifier" :["1049008"],
"keywords" :["Precipitation and evaporation; Vertical velocity of the water column (currents); Horizontal velocity of the water column (currents); Sea level; Bathymetry and Elevation"],
"language" :[],
"accessibilitySummary" :[],
"contact" :["Scottish Association for Marine Science  Argyll Oban PA37 1QA United Kingdom"],
"version" :[],
"temporalCoverage" :[],
"publisher" :["Scottish Association for Marine Science"],
"spatial" :[],
"license" :[],
"citation" :[],
"genre" :[],
"creator" :["Scottish Association for Marine Science"],
"modificationDate" :["2010-01-10"],
"distribution" :[],
"image" :[],
"thumbnailUrl" :[],
"headline" :[],
"abstract" :["This catalogue aims to summarise the morphology of the principal sea lochs in north west Scotland as an aid to their classification and comparison. The catalogue is concerned mainly with those physical features that influence the physical oceanography of the lochs and, ultimately and more subtly, their marine chemistry and biology.  The catalogue is restricted to sea lochs which are more than 2 km long, whose length is more than twice their width, and which usually have one entrance - in some cases interrupted by islands. The outer parts of the Clyde Sea, Loch Snizort and Loch Linnhe have not been included because they are too wide in relation to their length. In rather less than half of the lochs there are no significant sills or basins. All those sills and basins included are shown on the sketch maps for each loch.  The information relates to: charts; areas at high water, low water, at the 2m, 5m, 10m contours; volumes; watershed; rainfall and freshwater runoff; kinetic energy supplies; mean depth at low water; ratio of supplies of fresh and tidal water; ratio of freshwater to width; sills - maximum depth, length, width, cross sectional area and areas upstream; current speed at sills."],
"theme" :[],
"dateCreated" :["To 1986"],
"creditText" :[],
"datePublished" :["To 1986"],
"producer" :["British Oceanographic Data Centre"],
"author" :["Steven J Gontarek (Data Information Manager)"],
"spatialCoverage" :["Scottish West Coast"],
"url" :["https://edmed.seadatanet.org/report/647/"],
"sponsor" :[],
"size" :[],
"sameAs" :[],
"publication" :[],
"provider" :["British Oceanographic Data Centre"],
"position" :[],
"name" :["Catalogue of Scottish Sea-lochs"],
"measurementTechnique" :["Current meters; single-beam echosounders"],
"material" :[],
"maintainer" :[],
"locationCreated" :["United Kingdom"],
"issn" :[],
"isPartOf" :[],
"isBasedOn" :[],
"isAccessibleForFree" :[],
"includedInDataCatalog" :[],
"editor" :[],
"editEIDR" :[],
"copyrightYear" :[],
"copyrightNotice" :[],
"copyrightHolder" :["Scottish Association for Marine Science"],
"contributor" :["Scottish Association for Marine Science"],
"contentReferenceTime" :["To 1986"],
"contentLocation" :["United Kingdom"],
"character" :[],
"acquireLicensePage" :[],
"accessModeSufficient" :[],
"about" :[],
"rights" :[],
"relation" :[],
"qualifiedRelation" :[],
"qualifiedAttribution" :[],
"previousVersion" :[],
"nextVersion" :[],
"landingPage" :[],
"isReferencedBy" :[],
"hasVersion" :[],
"hasPolicy" :[],
"hasCurrentVersion" :[],
"useConstraints" :[],
"status" :[],
"spatialRepresentationType" :[],
"spatialRepresentationInfo" :[],
"scope" :[],
"purpose" :[],
"otherLocale" :[],
"metadataProfile" :[],
"metadataLinkage" :[],
"metadataIdentifier" :[],
"environmentDescription" :[],
"distributionInfo" :["http://www.bodc.ac.uk/"],
"dataQualityInfo" :[],
"contentInfo" :[],
"ResearchInfrastructure" :["SeaDataNet"],
"EssentialVariables" :["Sea state", "Sea ice", "Sea level", "Subsurface temperature", "Sea surface currents"],
"potentialTopics" :["meter", "current", "velocity", "column", "level", "water", "horizontal", "evaporation", "vertical", "sea", "bathymetry", "elevation", "precipitation"]
}