{
"description" :["Data collected from oceanic cores to establish the past ocean circulation in different climatic conditions"],
"identifier" :["GCFR01"],
"keywords" :["Stable isotopes in water bodies"],
"language" :[],
"accessibilitySummary" :[],
"contact" :["CEA, Climate and Environmental Sciences Laboratory Orme des Merisiers\nBatiment 714\n Saint-Aubin  91190 France"],
"version" :[],
"temporalCoverage" :[],
"publisher" :["CEA, Climate and Environmental Sciences Laboratory"],
"spatial" :[],
"license" :[],
"citation" :[],
"genre" :[],
"creator" :["CEA, Climate and Environmental Sciences Laboratory"],
"modificationDate" :["2011-01-24"],
"distribution" :[],
"image" :[],
"thumbnailUrl" :[],
"headline" :[],
"abstract" :["Data collected from oceanic cores to establish the past ocean circulation in different climatic conditions"],
"theme" :[],
"dateCreated" :["1970 --&gt;"],
"creditText" :[],
"datePublished" :["1970 --&gt;"],
"producer" :["Ifremer, Scientific Information Systems for the sea"],
"author" :["LABEYRIE Laurent"],
"spatialCoverage" :["Couverture mondiale - World wide coverage"],
"url" :["https://edmed.seadatanet.org/report/4697/"],
"sponsor" :[],
"size" :[],
"sameAs" :[],
"publication" :[],
"provider" :["Ifremer, Scientific Information Systems for the sea"],
"position" :[],
"name" :["PALEOCLIMATIC DATA OF CFR"],
"measurementTechnique" :["Mass spectrometers"],
"material" :[],
"maintainer" :[],
"locationCreated" :["France"],
"issn" :[],
"isPartOf" :[],
"isBasedOn" :[],
"isAccessibleForFree" :[],
"includedInDataCatalog" :[],
"editor" :[],
"editEIDR" :[],
"copyrightYear" :[],
"copyrightNotice" :[],
"copyrightHolder" :["CEA, Climate and Environmental Sciences Laboratory"],
"contributor" :["CEA, Climate and Environmental Sciences Laboratory"],
"contentReferenceTime" :["1970 --&gt;"],
"contentLocation" :["France"],
"character" :[],
"acquireLicensePage" :[],
"accessModeSufficient" :[],
"about" :[],
"rights" :[],
"relation" :[],
"qualifiedRelation" :[],
"qualifiedAttribution" :[],
"previousVersion" :[],
"nextVersion" :[],
"landingPage" :[],
"isReferencedBy" :[],
"hasVersion" :[],
"hasPolicy" :[],
"hasCurrentVersion" :[],
"useConstraints" :[],
"status" :[],
"spatialRepresentationType" :[],
"spatialRepresentationInfo" :[],
"scope" :[],
"purpose" :[],
"otherLocale" :[],
"metadataProfile" :[],
"metadataLinkage" :[],
"metadataIdentifier" :[],
"environmentDescription" :[],
"distributionInfo" :["None"],
"dataQualityInfo" :[],
"contentInfo" :[],
"ResearchInfrastructure" :["SeaDataNet"],
"EssentialVariables" :["Stable carbon isotopes", "Dissolved organic carbon", "Transient Tracers"],
"potentialTopics" :["data", "mass", "spectrometer", "stable", "body", "water", "isotope"]
}