{
"description" :["Purpose of collection: Water quality control. 21 sampling stations along the Lebanese coast. Sampling is done monthly\nInstrumentation and methods of sampling: UNEP/MAP\nData is arranged as time series, depth series per station."],
"identifier" :["51001005"],
"keywords" :["Bacteria in biota; Electrical conductivity of the water column; Dissolved oxygen parameters in the water column; Nitrate concentration parameters in the water column; Nitrite concentration parameters in the water column; Phosphate concentration parameters in the water column; Salinity of the water column; Temperature of the water column; Skin temperature of the water column; Metal concentrations in biota; Inorganic chemical composition of sediment or rocks"],
"language" :[],
"accessibilitySummary" :[],
"contact" :["National Center for Marines Sciences P.O. Box 189 Jounieh\nHarat Sakhr-Saddick &amp; Matta Building, near Madisson Hotel\nJounieh\nLebanon Jounieh  RL Lebanon"],
"version" :[],
"temporalCoverage" :[],
"publisher" :["National Center for Marines Sciences"],
"spatial" :[],
"license" :[],
"citation" :[],
"genre" :[],
"creator" :["National Center for Marines Sciences"],
"modificationDate" :["2010-11-22"],
"distribution" :[],
"image" :[],
"thumbnailUrl" :[],
"headline" :[],
"abstract" :["Purpose of collection: Water quality control. 21 sampling stations along the Lebanese coast. Sampling is done monthly\nInstrumentation and methods of sampling: UNEP/MAP\nData is arranged as time series, depth series per station."],
"theme" :[],
"dateCreated" :["1980-onwards"],
"creditText" :[],
"datePublished" :["1980-onwards"],
"producer" :["National Center for Marines Sciences"],
"author" :["Dr. Nijad Kabbara (Database manager)"],
"spatialCoverage" :["Lebanese coast"],
"url" :["https://edmed.seadatanet.org/report/1933/"],
"sponsor" :[],
"size" :[],
"sameAs" :[],
"publication" :[],
"provider" :["National Center for Marines Sciences"],
"position" :[],
"name" :["Monitoring Program for Lebanese Coastal Water"],
"measurementTechnique" :["Water temperature sensor; salinity sensor; pH sensors; sieves and filters; gas chromatographs; balances and scales; accelerator mass spectrometers; spectrophotometers"],
"material" :[],
"maintainer" :[],
"locationCreated" :["Lebanon"],
"issn" :[],
"isPartOf" :[],
"isBasedOn" :[],
"isAccessibleForFree" :[],
"includedInDataCatalog" :[],
"editor" :[],
"editEIDR" :[],
"copyrightYear" :[],
"copyrightNotice" :[],
"copyrightHolder" :["National Center for Marines Sciences"],
"contributor" :["National Center for Marines Sciences"],
"contentReferenceTime" :["1980-onwards"],
"contentLocation" :["Lebanon"],
"character" :[],
"acquireLicensePage" :[],
"accessModeSufficient" :[],
"about" :[],
"rights" :[],
"relation" :[],
"qualifiedRelation" :[],
"qualifiedAttribution" :[],
"previousVersion" :[],
"nextVersion" :[],
"landingPage" :[],
"isReferencedBy" :[],
"hasVersion" :[],
"hasPolicy" :[],
"hasCurrentVersion" :[],
"useConstraints" :[],
"status" :[],
"spatialRepresentationType" :[],
"spatialRepresentationInfo" :[],
"scope" :[],
"purpose" :[],
"otherLocale" :[],
"metadataProfile" :[],
"metadataLinkage" :[],
"metadataIdentifier" :[],
"environmentDescription" :[],
"distributionInfo" :["None"],
"dataQualityInfo" :[],
"contentInfo" :[],
"ResearchInfrastructure" :["SeaDataNet"],
"EssentialVariables" :["Sea surface temperature", "Subsurface temperature", "Sea surface salinity", "subsurface salinity", "Inorganic Carbon", "Oxygen"],
"potentialTopics" :["water", "column", "concentration", "parameter", "temperature", "biota", "electrical", "oxygen", "sediment", "inorganic", "monitoring", "coastal", "program", "salinity", "sensor", "accelerator", "mass", "spectrometer", "sieve", "gas", "balance", "scale", "spectrophotometer"]
}