{
"description" :["The overall objective of the MEDAR/MEDATLAS II project is to make available a comprehensive data product of multi-disciplinary in-situ data and information in the Mediterranean and Black Sea, through a wide co-operation of the Mediterranean countries. The specific project objectives are: 1. to compile and safeguard historical data, with special attention to the East and South regions and the coastal areas, most of these data being regularly collected by the Mediterranean bordering countries in the frame of national regional or international programmes, and occasionally by a few other countries; 2. to make available comparable and compatible data sets of : temperature, salinity, oxygen, nitrate, nitrite, ammonia, total nitrogen, phosphate, total phosphorus, silicate, H2S, pH, alkalinity, chlorophyll-a profiles by using a common protocol for formatting and quality checking; 3. to prepare and disseminate qualified value added products by using efficient gridding and mapping methodology; 4. to enhance communication between data managers and scientists to improve the data circulation. This data set comprises data from 594 cruises conducted by various countries in the Mediterranean and the Black Sea and includes CTD measurements of temperature and salinity made at 35679 stations."],
"identifier" :["6005041"],
"keywords" :["Salinity of the water column; Temperature of the water column"],
"language" :[],
"accessibilitySummary" :[],
"contact" :["Hellenic Centre for Marine Research, Hellenic National Oceanographic Data Centre 46.7 km Athinon-Souniou Av.\nP.O.Box 712 Anavissos  19013 Greece"],
"version" :[],
"temporalCoverage" :[],
"publisher" :["Hellenic Centre for Marine Research, Hellenic National Oceanographic Data Centre"],
"spatial" :[],
"license" :[],
"citation" :[],
"genre" :[],
"creator" :["UNKNOWN"],
"modificationDate" :["2015-08-28"],
"distribution" :[],
"image" :[],
"thumbnailUrl" :[],
"headline" :[],
"abstract" :["The overall objective of the MEDAR/MEDATLAS II project is to make available a comprehensive data product of multi-disciplinary in-situ data and information in the Mediterranean and Black Sea, through a wide co-operation of the Mediterranean countries. The specific project objectives are: 1. to compile and safeguard historical data, with special attention to the East and South regions and the coastal areas, most of these data being regularly collected by the Mediterranean bordering countries in the frame of national regional or international programmes, and occasionally by a few other countries; 2. to make available comparable and compatible data sets of : temperature, salinity, oxygen, nitrate, nitrite, ammonia, total nitrogen, phosphate, total phosphorus, silicate, H2S, pH, alkalinity, chlorophyll-a profiles by using a common protocol for formatting and quality checking; 3. to prepare and disseminate qualified value added products by using efficient gridding and mapping methodology; 4. to enhance communication between data managers and scientists to improve the data circulation. This data set comprises data from 594 cruises conducted by various countries in the Mediterranean and the Black Sea and includes CTD measurements of temperature and salinity made at 35679 stations."],
"theme" :[],
"dateCreated" :["1970-2000"],
"creditText" :[],
"datePublished" :["1970-2000"],
"producer" :["Hellenic Centre for Marine Research, Hellenic National Oceanographic Data Centre"],
"author" :["A. Iona"],
"spatialCoverage" :["Mediterranean Sea, Black Sea"],
"url" :["https://edmed.seadatanet.org/report/1213/"],
"sponsor" :[],
"size" :[],
"sameAs" :[],
"publication" :[],
"provider" :["Hellenic Centre for Marine Research, Hellenic National Oceanographic Data Centre"],
"position" :[],
"name" :["MEDAR/MEDATLAS II CTD Data of the Mediterranean and the Black Sea (1970-2000)"],
"measurementTechnique" :["CTD"],
"material" :[],
"maintainer" :[],
"locationCreated" :["Greece"],
"issn" :[],
"isPartOf" :[],
"isBasedOn" :[],
"isAccessibleForFree" :[],
"includedInDataCatalog" :[],
"editor" :[],
"editEIDR" :[],
"copyrightYear" :[],
"copyrightNotice" :[],
"copyrightHolder" :["Hellenic Centre for Marine Research, Hellenic National Oceanographic Data Centre"],
"contributor" :["Hellenic Centre for Marine Research, Hellenic National Oceanographic Data Centre"],
"contentReferenceTime" :["1970-2000"],
"contentLocation" :["Greece"],
"character" :[],
"acquireLicensePage" :[],
"accessModeSufficient" :[],
"about" :[],
"rights" :[],
"relation" :[],
"qualifiedRelation" :[],
"qualifiedAttribution" :[],
"previousVersion" :[],
"nextVersion" :[],
"landingPage" :[],
"isReferencedBy" :[],
"hasVersion" :[],
"hasPolicy" :[],
"hasCurrentVersion" :[],
"useConstraints" :[],
"status" :[],
"spatialRepresentationType" :[],
"spatialRepresentationInfo" :[],
"scope" :[],
"purpose" :[],
"otherLocale" :[],
"metadataProfile" :[],
"metadataLinkage" :[],
"metadataIdentifier" :[],
"environmentDescription" :[],
"distributionInfo" :["http://mapserver.ath.hcmr.gr/pagin/v27/index_new.php"],
"dataQualityInfo" :[],
"contentInfo" :[],
"ResearchInfrastructure" :["SeaDataNet"],
"EssentialVariables" :["Sea state", "Sea ice", "Sea level", "Sea surface temperature", "Subsurface temperature", "Sea surface currents", "Sea surface salinity", "subsurface salinity"],
"potentialTopics" :["black", "sea", "data", "column", "water", "temperature", "salinity"]
}