{
"description" :["An investigation of the adjacent coastal area and submarine slope of Sea Port Poti is caring to reveal the rate of the sedimentation of the navigating channel. Basing on the results of the permanent measurements recommendations were issued due to the ways of prevention of undesirable expenditures on removing of extra material and deepen the fairway. Simultaneously, an assessment of environmental changes, that may occur as a result of the ongoing construction of new Kulevi Oil Terminal were determined."],
"identifier" :["39013002"],
"keywords" :["Bathymetry and Elevation"],
"language" :[],
"accessibilitySummary" :[],
"contact" :["Poti  Sea Port Ltd. 52.D.Agmashenebeli str.\n City of Poti  4401 Georgia"],
"version" :[],
"temporalCoverage" :[],
"publisher" :["Poti  Sea Port Ltd."],
"spatial" :[],
"license" :[],
"citation" :[],
"genre" :[],
"creator" :["Poti  Sea Port Ltd."],
"modificationDate" :["2009-02-01"],
"distribution" :[],
"image" :[],
"thumbnailUrl" :[],
"headline" :[],
"abstract" :["An investigation of the adjacent coastal area and submarine slope of Sea Port Poti is caring to reveal the rate of the sedimentation of the navigating channel. Basing on the results of the permanent measurements recommendations were issued due to the ways of prevention of undesirable expenditures on removing of extra material and deepen the fairway. Simultaneously, an assessment of environmental changes, that may occur as a result of the ongoing construction of new Kulevi Oil Terminal were determined."],
"theme" :[],
"dateCreated" :["2003"],
"creditText" :[],
"datePublished" :["2003"],
"producer" :["Iv.Javakhishvili Tbilisi State University, Centre of Relations with UNESCO Oceanological Research Centre and GeoDNA (UNESCO)"],
"author" :["Mr. Irakli Papashvili (Consultant)"],
"spatialCoverage" :["Central Kolkheti area of the Black Sea from Rv. Rioni to the Rv. Enguri mouth"],
"url" :["https://edmed.seadatanet.org/report/1903/"],
"sponsor" :[],
"size" :[],
"sameAs" :[],
"publication" :[],
"provider" :["Iv.Javakhishvili Tbilisi State University, Centre of Relations with UNESCO Oceanological Research Centre and GeoDNA (UNESCO)"],
"position" :[],
"name" :["Bathymetric measurements of the submarine canyon of the Port Poti (down to the 25m depth, scale 1:2000; 2003"],
"measurementTechnique" :["Single-beam echosounders"],
"material" :[],
"maintainer" :[],
"locationCreated" :["Georgia"],
"issn" :[],
"isPartOf" :[],
"isBasedOn" :[],
"isAccessibleForFree" :[],
"includedInDataCatalog" :[],
"editor" :[],
"editEIDR" :[],
"copyrightYear" :[],
"copyrightNotice" :[],
"copyrightHolder" :["Poti  Sea Port Ltd."],
"contributor" :["Poti  Sea Port Ltd."],
"contentReferenceTime" :["2003"],
"contentLocation" :["Georgia"],
"character" :[],
"acquireLicensePage" :[],
"accessModeSufficient" :[],
"about" :[],
"rights" :[],
"relation" :[],
"qualifiedRelation" :[],
"qualifiedAttribution" :[],
"previousVersion" :[],
"nextVersion" :[],
"landingPage" :[],
"isReferencedBy" :[],
"hasVersion" :[],
"hasPolicy" :[],
"hasCurrentVersion" :[],
"useConstraints" :[],
"status" :[],
"spatialRepresentationType" :[],
"spatialRepresentationInfo" :[],
"scope" :[],
"purpose" :[],
"otherLocale" :[],
"metadataProfile" :[],
"metadataLinkage" :[],
"metadataIdentifier" :[],
"environmentDescription" :[],
"distributionInfo" :["None"],
"dataQualityInfo" :[],
"contentInfo" :[],
"ResearchInfrastructure" :["SeaDataNet"],
"EssentialVariables" :[],
"potentialTopics" :["scale", "measurement", "depth", "port", "down", "submarine", "canyon", "elevation", "bathymetry"]
}