{
"description" :["This data set has been assembled in the framework of MAST Project MERMAIDS (EU Contracts MAST-0039-C(A) and MAS2-CT93-0055) by:  A. Artegiani, E. Paschini and A. Russo CNR, Istituto per le Ricerche sulla Pesca Marittima, Ancona, Italy D. Bregant and F. Raicich CNR, Istituto Sperimentale Talassografico, Trieste, Italy  Version 4 supersedes all previous versions. A data quality check has not been performed, except for correcting obvious mistakes. Due to several changes in the techniques used in chemical analyses, the comparison between old and recent should be made with caution. The station identification has been re-numbered in sequence as the station appears in the data archives. However, the station code, as given by originators (when available), has been maintained as 11 alphanumeric characters in the header information of each station."],
"identifier" :["OGS-EDMED-215"],
"keywords" :["Nitrite concentration parameters in the water column; Salinity of the water column; Phaeopigment concentrations in the water column; Ammonium and ammonia concentration parameters in water bodies; Alkalinity, acidity and pH of the water column"],
"language" :[],
"accessibilitySummary" :[],
"contact" :["CNR, National Research Council, Institute of Marine Science (Trieste) Viale Romolo Gessi, 2 Trieste  34123 Italy"],
"version" :[],
"temporalCoverage" :[],
"publisher" :["CNR, National Research Council, Institute of Marine Science (Trieste)"],
"spatial" :[],
"license" :[],
"citation" :[],
"genre" :[],
"creator" :["CNR, National Research Council, Institute of Marine Science (Trieste)"],
"modificationDate" :["2003-09-18"],
"distribution" :[],
"image" :[],
"thumbnailUrl" :[],
"headline" :[],
"abstract" :["This data set has been assembled in the framework of MAST Project MERMAIDS (EU Contracts MAST-0039-C(A) and MAS2-CT93-0055) by:  A. Artegiani, E. Paschini and A. Russo CNR, Istituto per le Ricerche sulla Pesca Marittima, Ancona, Italy D. Bregant and F. Raicich CNR, Istituto Sperimentale Talassografico, Trieste, Italy  Version 4 supersedes all previous versions. A data quality check has not been performed, except for correcting obvious mistakes. Due to several changes in the techniques used in chemical analyses, the comparison between old and recent should be made with caution. The station identification has been re-numbered in sequence as the station appears in the data archives. However, the station code, as given by originators (when available), has been maintained as 11 alphanumeric characters in the header information of each station."],
"theme" :[],
"dateCreated" :["From 1911 to 1914 and from 1948 to 1991"],
"creditText" :[],
"datePublished" :["From 1911 to 1914 and from 1948 to 1991"],
"producer" :["National Institute of Oceanography and Applied Geophysics - Division of Oceanography"],
"author" :["Director (Director)"],
"spatialCoverage" :["Adriatic Sea"],
"url" :["https://edmed.seadatanet.org/report/3759/"],
"sponsor" :[],
"size" :[],
"sameAs" :[],
"publication" :[],
"provider" :["National Institute of Oceanography and Applied Geophysics - Division of Oceanography"],
"position" :[],
"name" :["ABCD: Large historical hydrographic and nutrient dataset collected in the Adriatic Sea from 1908 to 1991"],
"measurementTechnique" :["Discrete water samplers; CTD"],
"material" :[],
"maintainer" :[],
"locationCreated" :["Italy"],
"issn" :[],
"isPartOf" :[],
"isBasedOn" :[],
"isAccessibleForFree" :[],
"includedInDataCatalog" :[],
"editor" :[],
"editEIDR" :[],
"copyrightYear" :[],
"copyrightNotice" :[],
"copyrightHolder" :["CNR, National Research Council, Institute of Marine Science (Trieste)"],
"contributor" :["CNR, National Research Council, Institute of Marine Science (Trieste)"],
"contentReferenceTime" :["From 1911 to 1914 and from 1948 to 1991"],
"contentLocation" :["Italy"],
"character" :[],
"acquireLicensePage" :[],
"accessModeSufficient" :[],
"about" :[],
"rights" :[],
"relation" :[],
"qualifiedRelation" :[],
"qualifiedAttribution" :[],
"previousVersion" :[],
"nextVersion" :[],
"landingPage" :[],
"isReferencedBy" :[],
"hasVersion" :[],
"hasPolicy" :[],
"hasCurrentVersion" :[],
"useConstraints" :[],
"status" :[],
"spatialRepresentationType" :[],
"spatialRepresentationInfo" :[],
"scope" :[],
"purpose" :[],
"otherLocale" :[],
"metadataProfile" :[],
"metadataLinkage" :[],
"metadataIdentifier" :[],
"environmentDescription" :[],
"distributionInfo" :["http://www.itt.ts.cr.it"],
"dataQualityInfo" :[],
"contentInfo" :[],
"ResearchInfrastructure" :["SeaDataNet"],
"EssentialVariables" :["Sea state", "Sea ice", "Sea level", "Subsurface temperature", "Sea surface currents", "Sea surface salinity", "subsurface salinity", "Nutrients", "Nitrous oxide", "Dissolved organic carbon", "Nitrous Oxide"],
"potentialTopics" :["hydrographic", "sea", "collected", "large", "historical", "nutrient", "water", "sampler", "discrete", "column", "parameter", "concentration", "acidity", "salinity", "alkalinity", "ammonia", "ammonium", "nitrite", "body"]
}