{
"description" :["The OSCAR (Oceanographic and Seismic Characterisation of heat dissipation and alteration by hydrothermal fluids at an Axial Ridge) data set is an interdisciplinary collection of physical oceanography and geophysics measurements. Data collection took place in the Panama Basin, bounded in the north-west by the Cocos Ridge, by the Carnegie Ridge in the south and by South and Central America in the east and north, respectively. Measurements were collected during RRS James Cook cruises JC112 and JC113 (05/12/2014 to 16/01/2015), RRS James Cook cruise JC114 (22/01/2015 to 08/03/2015) and RV Sonne cruise SO328 (06/02/2015 to 06/03/2015). The project investigated the effect of the cooling of young oceanic crust close to a mid-ocean ridge. It is here that rapid cooling is dominated by hydrothermal circulation of seawater through the crust, which is then discharged into the ocean along the ridge. Once in the ocean, released heated seawater mixes with the ambient cold water to form a plume, which provides a mechanism to lift the densest waters away from the bottom boundary layer. Data were collected using Bottom Pressure Recorder, Acoustic Doppler Current Profiler (ADCP), Magnetotelluric Lander, CTD, Vertical Microstructure Profiler, Synthetic Aperture Radar, Ocean-bottom seismograph and Multibeam echosounder. Measurement of salinity, oxygen and helium were also made and zooplankton samples collected with vertical net casts. This multidisciplinary, collaborative research project was led by Professor Richard Hobbs at the Department of Earth Science, University of Durham, UK and funded by Natural Environment Research Council (NERC) grant NE/I027010/1."],
"identifier" :["1048OSCAR"],
"keywords" :["Sea level; Gravity; Geotechnics; Bathymetry and Elevation; Magnetics; Two-dimensional seismic reflection; Geothermal heat flow; Zoobenthos generic abundance"],
"language" :[],
"accessibilitySummary" :[],
"contact" :["British Oceanographic Data Centre Joseph Proudman Building\n6 Brownlow Street Liverpool Merseyside L3 5DA United Kingdom"],
"version" :[],
"temporalCoverage" :[],
"publisher" :["British Oceanographic Data Centre"],
"spatial" :[],
"license" :[],
"citation" :[],
"genre" :[],
"creator" :["Durham University, Department of Earth Sciences"],
"modificationDate" :["2021-04-21"],
"distribution" :[],
"image" :[],
"thumbnailUrl" :[],
"headline" :[],
"abstract" :["The OSCAR (Oceanographic and Seismic Characterisation of heat dissipation and alteration by hydrothermal fluids at an Axial Ridge) data set is an interdisciplinary collection of physical oceanography and geophysics measurements. Data collection took place in the Panama Basin, bounded in the north-west by the Cocos Ridge, by the Carnegie Ridge in the south and by South and Central America in the east and north, respectively. Measurements were collected during RRS James Cook cruises JC112 and JC113 (05/12/2014 to 16/01/2015), RRS James Cook cruise JC114 (22/01/2015 to 08/03/2015) and RV Sonne cruise SO328 (06/02/2015 to 06/03/2015). The project investigated the effect of the cooling of young oceanic crust close to a mid-ocean ridge. It is here that rapid cooling is dominated by hydrothermal circulation of seawater through the crust, which is then discharged into the ocean along the ridge. Once in the ocean, released heated seawater mixes with the ambient cold water to form a plume, which provides a mechanism to lift the densest waters away from the bottom boundary layer. Data were collected using Bottom Pressure Recorder, Acoustic Doppler Current Profiler (ADCP), Magnetotelluric Lander, CTD, Vertical Microstructure Profiler, Synthetic Aperture Radar, Ocean-bottom seismograph and Multibeam echosounder. Measurement of salinity, oxygen and helium were also made and zooplankton samples collected with vertical net casts. This multidisciplinary, collaborative research project was led by Professor Richard Hobbs at the Department of Earth Science, University of Durham, UK and funded by Natural Environment Research Council (NERC) grant NE/I027010/1."],
"theme" :[],
"dateCreated" :["Data collected from December 2014 to March 2015"],
"creditText" :[],
"datePublished" :["Data collected from December 2014 to March 2015"],
"producer" :["British Oceanographic Data Centre"],
"author" :["Polly Hadiabdi (Head of the BODC Requests Team)"],
"spatialCoverage" :["Panama Basin"],
"url" :["https://edmed.seadatanet.org/report/6987/"],
"sponsor" :[],
"size" :[],
"sameAs" :[],
"publication" :[],
"provider" :["British Oceanographic Data Centre"],
"position" :[],
"name" :["Oceanographic and geophysical data collected around the Costa Rica Rift (Panama Basin) for the OSCAR project between December 2014 to March 2015"],
"measurementTechnique" :["Sea level recorders; single-channel seismic reflection systems; multi-channel seismic reflection systems; seismic refraction systems; multi-beam echosounders; magnetometers; plankton nets; salinity sensor; seismometers; CTD; meteorological packages"],
"material" :[],
"maintainer" :[],
"locationCreated" :["United Kingdom"],
"issn" :[],
"isPartOf" :[],
"isBasedOn" :[],
"isAccessibleForFree" :[],
"includedInDataCatalog" :[],
"editor" :[],
"editEIDR" :[],
"copyrightYear" :[],
"copyrightNotice" :[],
"copyrightHolder" :["British Oceanographic Data Centre"],
"contributor" :["British Oceanographic Data Centre"],
"contentReferenceTime" :["Data collected from December 2014 to March 2015"],
"contentLocation" :["United Kingdom"],
"character" :[],
"acquireLicensePage" :[],
"accessModeSufficient" :[],
"about" :[],
"rights" :[],
"relation" :[],
"qualifiedRelation" :[],
"qualifiedAttribution" :[],
"previousVersion" :[],
"nextVersion" :[],
"landingPage" :[],
"isReferencedBy" :[],
"hasVersion" :[],
"hasPolicy" :[],
"hasCurrentVersion" :[],
"useConstraints" :[],
"status" :[],
"spatialRepresentationType" :[],
"spatialRepresentationInfo" :[],
"scope" :[],
"purpose" :[],
"otherLocale" :[],
"metadataProfile" :[],
"metadataLinkage" :[],
"metadataIdentifier" :[],
"environmentDescription" :[],
"distributionInfo" :["None"],
"dataQualityInfo" :[],
"contentInfo" :[],
"ResearchInfrastructure" :["SeaDataNet"],
"EssentialVariables" :["Sea state", "Sea ice", "Sea level", "Subsurface temperature", "Sea surface currents", "Sea surface salinity", "subsurface salinity", "Ocean surface heat flux", "Plankton"],
"potentialTopics" :["level", "sea", "heat", "gravity", "geothermal", "bathymetry", "generic", "abundance", "flow", "elevation", "seismic", "system", "reflection", "recorder", "sensor", "multichannel", "salinity", "plankton", "around", "geophysical", "costa", "march", "basin", "panama", "rift", "project", "collected", "data"]
}