{
"description" :["unknown"],
"identifier" :["1427"],
"keywords" :["Unspecified"],
"language" :[],
"accessibilitySummary" :[],
"contact" :["None"],
"version" :[],
"temporalCoverage" :[],
"publisher" :["Flanders Marine Institute"],
"spatial" :[],
"license" :[],
"citation" :[],
"genre" :[],
"creator" :["Flanders Marine Institute"],
"modificationDate" :["2011-05-06"],
"distribution" :[],
"image" :[],
"thumbnailUrl" :[],
"headline" :[],
"abstract" :["unknown"],
"theme" :[],
"dateCreated" :["2006 onwards"],
"creditText" :[],
"datePublished" :["2006 onwards"],
"producer" :["Flanders Marine Institute"],
"author" :["None"],
"spatialCoverage" :["World Oceans"],
"url" :["https://edmed.seadatanet.org/report/5542/"],
"sponsor" :[],
"size" :[],
"sameAs" :[],
"publication" :[],
"provider" :["Flanders Marine Institute"],
"position" :[],
"name" :["MARBOUND: VLIZ Maritime Boundaries Geodatabase"],
"measurementTechnique" :["None"],
"material" :[],
"maintainer" :[],
"locationCreated" :["Belgium"],
"issn" :[],
"isPartOf" :[],
"isBasedOn" :[],
"isAccessibleForFree" :[],
"includedInDataCatalog" :[],
"editor" :[],
"editEIDR" :[],
"copyrightYear" :[],
"copyrightNotice" :[],
"copyrightHolder" :["Flanders Marine Institute"],
"contributor" :["Flanders Marine Institute"],
"contentReferenceTime" :["2006 onwards"],
"contentLocation" :["Belgium"],
"character" :[],
"acquireLicensePage" :[],
"accessModeSufficient" :[],
"about" :[],
"rights" :[],
"relation" :[],
"qualifiedRelation" :[],
"qualifiedAttribution" :[],
"previousVersion" :[],
"nextVersion" :[],
"landingPage" :[],
"isReferencedBy" :[],
"hasVersion" :[],
"hasPolicy" :[],
"hasCurrentVersion" :[],
"useConstraints" :[],
"status" :[],
"spatialRepresentationType" :[],
"spatialRepresentationInfo" :[],
"scope" :[],
"purpose" :[],
"otherLocale" :[],
"metadataProfile" :[],
"metadataLinkage" :[],
"metadataIdentifier" :[],
"environmentDescription" :[],
"distributionInfo" :["None"],
"dataQualityInfo" :[],
"contentInfo" :[],
"ResearchInfrastructure" :["SeaDataNet"],
"EssentialVariables" :["Marine Habitat Properties"],
"potentialTopics" :["unspecified", "none", "boundary", "maritime"]
}