{
"description" :["Since 1995 the Institute of Coastal Research, Swedish National Board of Fisheries, in cooperation with SMHI and the University of Kalmar, performs the co-ordinated recipient control in Kalmar County coastal water. The sampling comprises hydrography, benthic fauna, soft bottom fauna, shell defects, test fishery and eelpout (Viviparous Blenny) physiology, environmental contaminants, fauna. Fishery investigations are only made in the recipient for Monsteros Bruk and their reference area at Vino in the archipelago of Misterhult."],
"identifier" :["18018009"],
"keywords" :["Fish taxonomy-related counts"],
"language" :[],
"accessibilitySummary" :[],
"contact" :["Swedish University of Agricultural Sciences Arrheniusplan 4\n Uppsala  750 07 Sweden"],
"version" :[],
"temporalCoverage" :[],
"publisher" :["Swedish University of Agricultural Sciences"],
"spatial" :[],
"license" :[],
"citation" :[],
"genre" :[],
"creator" :["Institute of Coastal Research, The Swedish Board of Fisheries"],
"modificationDate" :["2017-10-13"],
"distribution" :[],
"image" :[],
"thumbnailUrl" :[],
"headline" :[],
"abstract" :["Since 1995 the Institute of Coastal Research, Swedish National Board of Fisheries, in cooperation with SMHI and the University of Kalmar, performs the co-ordinated recipient control in Kalmar County coastal water. The sampling comprises hydrography, benthic fauna, soft bottom fauna, shell defects, test fishery and eelpout (Viviparous Blenny) physiology, environmental contaminants, fauna. Fishery investigations are only made in the recipient for Monsteros Bruk and their reference area at Vino in the archipelago of Misterhult."],
"theme" :[],
"dateCreated" :["1995-2004"],
"creditText" :[],
"datePublished" :["1995-2004"],
"producer" :["Swedish Meteorological and Hydrological Institute"],
"author" :["Lena Bergstrom (Head of the local office)"],
"spatialCoverage" :["The Baltic Sea"],
"url" :["https://edmed.seadatanet.org/report/137/"],
"sponsor" :[],
"size" :[],
"sameAs" :[],
"publication" :[],
"provider" :["Swedish Meteorological and Hydrological Institute"],
"position" :[],
"name" :["Biological data from the Kalmar County coastal water (1995-2004)"],
"measurementTechnique" :["None"],
"material" :[],
"maintainer" :[],
"locationCreated" :["Sweden"],
"issn" :[],
"isPartOf" :[],
"isBasedOn" :[],
"isAccessibleForFree" :[],
"includedInDataCatalog" :[],
"editor" :[],
"editEIDR" :[],
"copyrightYear" :[],
"copyrightNotice" :[],
"copyrightHolder" :["Swedish University of Agricultural Sciences"],
"contributor" :["Swedish University of Agricultural Sciences"],
"contentReferenceTime" :["1995-2004"],
"contentLocation" :["Sweden"],
"character" :[],
"acquireLicensePage" :[],
"accessModeSufficient" :[],
"about" :[],
"rights" :[],
"relation" :[],
"qualifiedRelation" :[],
"qualifiedAttribution" :[],
"previousVersion" :[],
"nextVersion" :[],
"landingPage" :[],
"isReferencedBy" :[],
"hasVersion" :[],
"hasPolicy" :[],
"hasCurrentVersion" :[],
"useConstraints" :[],
"status" :[],
"spatialRepresentationType" :[],
"spatialRepresentationInfo" :[],
"scope" :[],
"purpose" :[],
"otherLocale" :[],
"metadataProfile" :[],
"metadataLinkage" :[],
"metadataIdentifier" :[],
"environmentDescription" :[],
"distributionInfo" :["http://www.kalmarlanskustvatten.org"],
"dataQualityInfo" :[],
"contentInfo" :[],
"ResearchInfrastructure" :["SeaDataNet"],
"EssentialVariables" :["Fish abundace"],
"potentialTopics" :["none", "fish", "count", "data", "coastal", "biological", "water", "county"]
}