{
"description" :["The work deals with the dynamics of the coastal zone in the region of Gagra estimations has been made for the artificially loaded beachbuilding material in connection with the existing climatic equalities velocity of the seashore alongside flow. The case studies are given presenting an effectiveness of the artificial beaches for coastal protection."],
"identifier" :["39003044"],
"keywords" :["Sediment accumulation rate; River flow and discharge"],
"language" :[],
"accessibilitySummary" :[],
"contact" :["Scientific-Industrial Center of Research and Governance of Coastal Formation Processes SAKNAPIRDATSVA 150 D.Agmashenebeli Ave. Tbilisi   Georgia"],
"version" :[],
"temporalCoverage" :[],
"publisher" :["Scientific-Industrial Center of Research and Governance of Coastal Formation Processes SAKNAPIRDATSVA"],
"spatial" :[],
"license" :[],
"citation" :[],
"genre" :[],
"creator" :["Scientific-Industrial Center of Research and Governance of Coastal Formation Processes SAKNAPIRDATSVA"],
"modificationDate" :["2009-02-02"],
"distribution" :[],
"image" :[],
"thumbnailUrl" :[],
"headline" :[],
"abstract" :["The work deals with the dynamics of the coastal zone in the region of Gagra estimations has been made for the artificially loaded beachbuilding material in connection with the existing climatic equalities velocity of the seashore alongside flow. The case studies are given presenting an effectiveness of the artificial beaches for coastal protection."],
"theme" :[],
"dateCreated" :["1982"],
"creditText" :[],
"datePublished" :["1982"],
"producer" :["Iv.Javakhishvili Tbilisi State University, Centre of Relations with UNESCO Oceanological Research Centre and GeoDNA (UNESCO)"],
"author" :["Zurab Savaneli (Head of Dep. of Geoinformatic)"],
"spatialCoverage" :["Georgian Black Sea coastal zone, Abkhazia, Gagra"],
"url" :["https://edmed.seadatanet.org/report/1753/"],
"sponsor" :[],
"size" :[],
"sameAs" :[],
"publication" :[],
"provider" :["Iv.Javakhishvili Tbilisi State University, Centre of Relations with UNESCO Oceanological Research Centre and GeoDNA (UNESCO)"],
"position" :[],
"name" :["Scheme of the seashore line transformation, Georgia (profiles M :50000)"],
"measurementTechnique" :["Single-beam echosounders; sediment traps; sediment grabs"],
"material" :[],
"maintainer" :[],
"locationCreated" :["Georgia"],
"issn" :[],
"isPartOf" :[],
"isBasedOn" :[],
"isAccessibleForFree" :[],
"includedInDataCatalog" :[],
"editor" :[],
"editEIDR" :[],
"copyrightYear" :[],
"copyrightNotice" :[],
"copyrightHolder" :["Scientific-Industrial Center of Research and Governance of Coastal Formation Processes SAKNAPIRDATSVA"],
"contributor" :["Scientific-Industrial Center of Research and Governance of Coastal Formation Processes SAKNAPIRDATSVA"],
"contentReferenceTime" :["1982"],
"contentLocation" :["Georgia"],
"character" :[],
"acquireLicensePage" :[],
"accessModeSufficient" :[],
"about" :[],
"rights" :[],
"relation" :[],
"qualifiedRelation" :[],
"qualifiedAttribution" :[],
"previousVersion" :[],
"nextVersion" :[],
"landingPage" :[],
"isReferencedBy" :[],
"hasVersion" :[],
"hasPolicy" :[],
"hasCurrentVersion" :[],
"useConstraints" :[],
"status" :[],
"spatialRepresentationType" :[],
"spatialRepresentationInfo" :[],
"scope" :[],
"purpose" :[],
"otherLocale" :[],
"metadataProfile" :[],
"metadataLinkage" :[],
"metadataIdentifier" :[],
"environmentDescription" :[],
"distributionInfo" :["None"],
"dataQualityInfo" :[],
"contentInfo" :[],
"ResearchInfrastructure" :["SeaDataNet"],
"EssentialVariables" :["Sea state", "Subsurface temperature", "Sea surface salinity", "subsurface salinity"],
"potentialTopics" :["transformation", "seashore", "profile", "line", "scheme", "trap", "grab", "sediment", "discharge", "flow", "accumulation", "river", "rate"]
}