{
"description" :["A series of 11 plankton surveys aimed at providing an independent assessment of the size of the spawning stocks of cod, plaice and sole in the Irish Sea.  3 other labs participated : dept of the marine, Dublin; DANI, Belfast; Port Erin Marine Lab, Isle of Man.  4 grids were sampled by CEFAS - 5 sets of samples were analysed. Each grid consisted of 90-106 samples; fish eggs, fish larvae and Nephrops larvae were sorted and identified. Cod plaice sole eggs were staged, as were nephrops larvae."],
"identifier" :["1029096"],
"keywords" :["Zooplankton and zoobenthos morphological parameters; Electrical conductivity of the water column; Salinity of the water column; Temperature of the water column; Zooplankton taxonomy-related abundance per unit volume of the water column; Zooplankton taxonomy-related biomass expressed as carbon per unit volume of the water column; Zooplankton and zoobenthos development stage parameters; Zooplankton egg hatch proportion"],
"language" :[],
"accessibilitySummary" :[],
"contact" :["Centre for Environment, Fisheries and Aquaculture Science, Lowestoft Laboratory Pakefield Road\n Lowestoft Suffolk NR33 OHT United Kingdom"],
"version" :[],
"temporalCoverage" :[],
"publisher" :["Centre for Environment, Fisheries and Aquaculture Science, Lowestoft Laboratory"],
"spatial" :[],
"license" :[],
"citation" :[],
"genre" :[],
"creator" :["Centre for Environment, Fisheries and Aquaculture Science, Lowestoft Laboratory"],
"modificationDate" :["2009-05-22"],
"distribution" :[],
"image" :[],
"thumbnailUrl" :[],
"headline" :[],
"abstract" :["A series of 11 plankton surveys aimed at providing an independent assessment of the size of the spawning stocks of cod, plaice and sole in the Irish Sea.  3 other labs participated : dept of the marine, Dublin; DANI, Belfast; Port Erin Marine Lab, Isle of Man.  4 grids were sampled by CEFAS - 5 sets of samples were analysed. Each grid consisted of 90-106 samples; fish eggs, fish larvae and Nephrops larvae were sorted and identified. Cod plaice sole eggs were staged, as were nephrops larvae."],
"theme" :[],
"dateCreated" :["Feb-June 1995"],
"creditText" :[],
"datePublished" :["Feb-June 1995"],
"producer" :["British Oceanographic Data Centre"],
"author" :["Contracts Office, CEFAS, Lowestoft"],
"spatialCoverage" :["Irish Sea and Cardigan Bay. Grids of plankton stations up to 10 nautical\nmiles apart."],
"url" :["https://edmed.seadatanet.org/report/479/"],
"sponsor" :[],
"size" :[],
"sameAs" :[],
"publication" :[],
"provider" :["British Oceanographic Data Centre"],
"position" :[],
"name" :["Estimation of fish biomass in the Irish sea by means of egg production 1995"],
"measurementTechnique" :["Plankton recorders; plankton nets; CTD"],
"material" :[],
"maintainer" :[],
"locationCreated" :["United Kingdom"],
"issn" :[],
"isPartOf" :[],
"isBasedOn" :[],
"isAccessibleForFree" :[],
"includedInDataCatalog" :[],
"editor" :[],
"editEIDR" :[],
"copyrightYear" :[],
"copyrightNotice" :[],
"copyrightHolder" :["Centre for Environment, Fisheries and Aquaculture Science, Lowestoft Laboratory"],
"contributor" :["Centre for Environment, Fisheries and Aquaculture Science, Lowestoft Laboratory"],
"contentReferenceTime" :["Feb-June 1995"],
"contentLocation" :["United Kingdom"],
"character" :[],
"acquireLicensePage" :[],
"accessModeSufficient" :[],
"about" :[],
"rights" :[],
"relation" :[],
"qualifiedRelation" :[],
"qualifiedAttribution" :[],
"previousVersion" :[],
"nextVersion" :[],
"landingPage" :[],
"isReferencedBy" :[],
"hasVersion" :[],
"hasPolicy" :[],
"hasCurrentVersion" :[],
"useConstraints" :[],
"status" :[],
"spatialRepresentationType" :[],
"spatialRepresentationInfo" :[],
"scope" :[],
"purpose" :[],
"otherLocale" :[],
"metadataProfile" :[],
"metadataLinkage" :[],
"metadataIdentifier" :[],
"environmentDescription" :[],
"distributionInfo" :["None"],
"dataQualityInfo" :[],
"contentInfo" :[],
"ResearchInfrastructure" :["SeaDataNet"],
"EssentialVariables" :["Sea state", "Sea ice", "Sea level", "Sea surface temperature", "Subsurface temperature", "Sea surface currents", "Fish abundace", "Plankton"],
"potentialTopics" :["column", "zooplankton", "water", "volume", "unit", "parameter", "per", "plankton", "expressed", "temperature", "recorder", "net", "biomass", "egg", "estimation", "sea", "production", "fish", "mean"]
}