{
"description" :["Elvers were caught as glass eels from the River Parrett and reared to 10-70 gms live weight in the laboratory. The growth and survival of populations of elvers of selected size groups and social history were examined."],
"identifier" :["1029017"],
"keywords" :["Fish morphology, age and physiology"],
"language" :[],
"accessibilitySummary" :[],
"contact" :["Centre for Environment, Fisheries and Aquaculture Science, Lowestoft Laboratory Pakefield Road\n Lowestoft Suffolk NR33 OHT United Kingdom"],
"version" :[],
"temporalCoverage" :[],
"publisher" :["Centre for Environment, Fisheries and Aquaculture Science, Lowestoft Laboratory"],
"spatial" :[],
"license" :[],
"citation" :[],
"genre" :[],
"creator" :["Centre for Environment, Fisheries and Aquaculture Science, Lowestoft Laboratory"],
"modificationDate" :["2009-05-22"],
"distribution" :[],
"image" :[],
"thumbnailUrl" :[],
"headline" :[],
"abstract" :["Elvers were caught as glass eels from the River Parrett and reared to 10-70 gms live weight in the laboratory. The growth and survival of populations of elvers of selected size groups and social history were examined."],
"theme" :[],
"dateCreated" :["From 1981 to 1984"],
"creditText" :[],
"datePublished" :["From 1981 to 1984"],
"producer" :["British Oceanographic Data Centre"],
"author" :["Contracts Office, CEFAS, Lowestoft"],
"spatialCoverage" :["Laboratory cultures at Conwy"],
"url" :["https://edmed.seadatanet.org/report/573/"],
"sponsor" :[],
"size" :[],
"sameAs" :[],
"publication" :[],
"provider" :["British Oceanographic Data Centre"],
"position" :[],
"name" :["Elver growth variability in captivity (1981-1984)"],
"measurementTechnique" :["Shipboard incubators"],
"material" :[],
"maintainer" :[],
"locationCreated" :["United Kingdom"],
"issn" :[],
"isPartOf" :[],
"isBasedOn" :[],
"isAccessibleForFree" :[],
"includedInDataCatalog" :[],
"editor" :[],
"editEIDR" :[],
"copyrightYear" :[],
"copyrightNotice" :[],
"copyrightHolder" :["Centre for Environment, Fisheries and Aquaculture Science, Lowestoft Laboratory"],
"contributor" :["Centre for Environment, Fisheries and Aquaculture Science, Lowestoft Laboratory"],
"contentReferenceTime" :["From 1981 to 1984"],
"contentLocation" :["United Kingdom"],
"character" :[],
"acquireLicensePage" :[],
"accessModeSufficient" :[],
"about" :[],
"rights" :[],
"relation" :[],
"qualifiedRelation" :[],
"qualifiedAttribution" :[],
"previousVersion" :[],
"nextVersion" :[],
"landingPage" :[],
"isReferencedBy" :[],
"hasVersion" :[],
"hasPolicy" :[],
"hasCurrentVersion" :[],
"useConstraints" :[],
"status" :[],
"spatialRepresentationType" :[],
"spatialRepresentationInfo" :[],
"scope" :[],
"purpose" :[],
"otherLocale" :[],
"metadataProfile" :[],
"metadataLinkage" :[],
"metadataIdentifier" :[],
"environmentDescription" :[],
"distributionInfo" :["http://www.cefas.co.uk/"],
"dataQualityInfo" :[],
"contentInfo" :[],
"ResearchInfrastructure" :["SeaDataNet"],
"EssentialVariables" :["Fish abundace"],
"potentialTopics" :["elver", "captivity", "variability", "growth", "incubator", "shipboard", "physiology", "morphology", "age", "fish"]
}