{
"description" :["The aim of the scientists of the Laboratory of Zoology of the University of Patras is to study the zooplankton ecology primarily of the coastal waters of the broad area of Patras and the other neritic waters in Greece. There is an effort to monitor the ecosystem of Patraikos Gulf as far as the zooplankton community is concerned. The subjects of this research are: species composition and distribution, seasonal cycles, vertical migration, inter and intra specific relationships and the influence of the hydrological conditions on the zooplankton. The groups of special interest are copepods and chaetoguaths. Open waters of Greece are also studied in collaboration with the National Centre for Marine Research."],
"identifier" :["6042001"],
"keywords" :["Chlorophyll pigment concentrations in water bodies; Zooplankton wet weight biomass; Zooplankton taxonomy-related abundance per unit volume of the water column"],
"language" :[],
"accessibilitySummary" :[],
"contact" :["University of Patras, Department of Biology, Laboratory of Zoology   Patras  265 00 Greece"],
"version" :[],
"temporalCoverage" :[],
"publisher" :["University of Patras, Department of Biology, Laboratory of Zoology"],
"spatial" :[],
"license" :[],
"citation" :[],
"genre" :[],
"creator" :["University of Patras, Department of Biology, Laboratory of Zoology"],
"modificationDate" :["2015-07-14"],
"distribution" :[],
"image" :[],
"thumbnailUrl" :[],
"headline" :[],
"abstract" :["The aim of the scientists of the Laboratory of Zoology of the University of Patras is to study the zooplankton ecology primarily of the coastal waters of the broad area of Patras and the other neritic waters in Greece. There is an effort to monitor the ecosystem of Patraikos Gulf as far as the zooplankton community is concerned. The subjects of this research are: species composition and distribution, seasonal cycles, vertical migration, inter and intra specific relationships and the influence of the hydrological conditions on the zooplankton. The groups of special interest are copepods and chaetoguaths. Open waters of Greece are also studied in collaboration with the National Centre for Marine Research."],
"theme" :[],
"dateCreated" :["1981 - 1992"],
"creditText" :[],
"datePublished" :["1981 - 1992"],
"producer" :["Hellenic Centre for Marine Research, Hellenic National Oceanographic Data Centre"],
"author" :["Prof. J. Lykakis"],
"spatialCoverage" :["Patraikos Gulf, Korinthiakos Gulf, Kissamos Gulf"],
"url" :["https://edmed.seadatanet.org/report/1376/"],
"sponsor" :[],
"size" :[],
"sameAs" :[],
"publication" :[],
"provider" :["Hellenic Centre for Marine Research, Hellenic National Oceanographic Data Centre"],
"position" :[],
"name" :["Zooplankton data of coastal areas of Greece (1981-1992)"],
"measurementTechnique" :["Plankton nets; spectrophotometers"],
"material" :[],
"maintainer" :[],
"locationCreated" :["Greece"],
"issn" :[],
"isPartOf" :[],
"isBasedOn" :[],
"isAccessibleForFree" :[],
"includedInDataCatalog" :[],
"editor" :[],
"editEIDR" :[],
"copyrightYear" :[],
"copyrightNotice" :[],
"copyrightHolder" :["University of Patras, Department of Biology, Laboratory of Zoology"],
"contributor" :["University of Patras, Department of Biology, Laboratory of Zoology"],
"contentReferenceTime" :["1981 - 1992"],
"contentLocation" :["Greece"],
"character" :[],
"acquireLicensePage" :[],
"accessModeSufficient" :[],
"about" :[],
"rights" :[],
"relation" :[],
"qualifiedRelation" :[],
"qualifiedAttribution" :[],
"previousVersion" :[],
"nextVersion" :[],
"landingPage" :[],
"isReferencedBy" :[],
"hasVersion" :[],
"hasPolicy" :[],
"hasCurrentVersion" :[],
"useConstraints" :[],
"status" :[],
"spatialRepresentationType" :[],
"spatialRepresentationInfo" :[],
"scope" :[],
"purpose" :[],
"otherLocale" :[],
"metadataProfile" :[],
"metadataLinkage" :[],
"metadataIdentifier" :[],
"environmentDescription" :[],
"distributionInfo" :["None"],
"dataQualityInfo" :[],
"contentInfo" :[],
"ResearchInfrastructure" :["SeaDataNet"],
"EssentialVariables" :["Nutrients", "Dissolved organic carbon", "Plankton"],
"potentialTopics" :["area", "data", "coastal", "zooplankton", "net", "spectrophotometer", "plankton", "concentration", "water", "per", "weight", "unit", "column", "body", "biomass", "chlorophyll", "pigment", "wet", "abundance"]
}