{
"description" :["The data set contains data of Chlorobiphenils and Organochlorine Pesticides levels in biota collected in the Galicia and North Spain waters. Most of data are involved in the OSPARCOM monitoring."],
"identifier" :["8036207"],
"keywords" :["Concentration of polychlorobiphenyls (PCBs) in biota"],
"language" :[],
"accessibilitySummary" :[],
"contact" :["IEO, Spanish Oceanographic Institute Corazon de Maria, 8 MADRID  28002 Spain"],
"version" :[],
"temporalCoverage" :[],
"publisher" :["IEO, Spanish Oceanographic Institute"],
"spatial" :[],
"license" :[],
"citation" :[],
"genre" :[],
"creator" :["IEO, Spanish Oceanographic Institute"],
"modificationDate" :["2009-01-09"],
"distribution" :[],
"image" :[],
"thumbnailUrl" :[],
"headline" :[],
"abstract" :["The data set contains data of Chlorobiphenils and Organochlorine Pesticides levels in biota collected in the Galicia and North Spain waters. Most of data are involved in the OSPARCOM monitoring."],
"theme" :[],
"dateCreated" :["From 1991 onwards"],
"creditText" :[],
"datePublished" :["From 1991 onwards"],
"producer" :["IEO, Spanish Oceanographic Institute"],
"author" :["Alvaro Fernandez (Director)"],
"spatialCoverage" :["Galicia and Cantabrian Sea (NW and N Spain) coast"],
"url" :["https://edmed.seadatanet.org/report/2854/"],
"sponsor" :[],
"size" :[],
"sameAs" :[],
"publication" :[],
"provider" :["IEO, Spanish Oceanographic Institute"],
"position" :[],
"name" :["Chlorobiphenils and Organochlorine Pesticides in Biota (Galicia and Biscay)"],
"measurementTechnique" :["None"],
"material" :[],
"maintainer" :[],
"locationCreated" :["Spain"],
"issn" :[],
"isPartOf" :[],
"isBasedOn" :[],
"isAccessibleForFree" :[],
"includedInDataCatalog" :[],
"editor" :[],
"editEIDR" :[],
"copyrightYear" :[],
"copyrightNotice" :[],
"copyrightHolder" :["IEO, Spanish Oceanographic Institute"],
"contributor" :["IEO, Spanish Oceanographic Institute"],
"contentReferenceTime" :["From 1991 onwards"],
"contentLocation" :["Spain"],
"character" :[],
"acquireLicensePage" :[],
"accessModeSufficient" :[],
"about" :[],
"rights" :[],
"relation" :[],
"qualifiedRelation" :[],
"qualifiedAttribution" :[],
"previousVersion" :[],
"nextVersion" :[],
"landingPage" :[],
"isReferencedBy" :[],
"hasVersion" :[],
"hasPolicy" :[],
"hasCurrentVersion" :[],
"useConstraints" :[],
"status" :[],
"spatialRepresentationType" :[],
"spatialRepresentationInfo" :[],
"scope" :[],
"purpose" :[],
"otherLocale" :[],
"metadataProfile" :[],
"metadataLinkage" :[],
"metadataIdentifier" :[],
"environmentDescription" :[],
"distributionInfo" :["None"],
"dataQualityInfo" :[],
"contentInfo" :[],
"ResearchInfrastructure" :["SeaDataNet"],
"EssentialVariables" :[],
"potentialTopics" :["none", "concentration", "biota", "pesticide", "organochlorine"]
}