{
"description" :["The aim of the research is to evaluate active water reaction pH (acid or alkaline) of different regions of the open Baltic Sea. Biological and biochemical processes occuring in water body, development of water plants, migration forms of chemical elements depends on water pH.  \nIn accordance with the national and international Baltic Sea monitoring (HELCOM) programme monitoring cruises have been fulfilled with Lithuanian research vessels Okeanografas, Vetra, Vejas.\nSince 1972 investigations have been carried out in a wide net of stations in national and international waters (including Baltic Proper, Gdansk Basin, Bornholm Basin, Arkona Sea, Gotland Basin, Landsort Deep and Faro Deep), later the net of stations became more narrow and since 2000 research in the Baltic Sea has been defined more exactly and has been carried out only in the exclusive economic zone of Lithuania. pH investigations are carried out during every season at a constant network of stations in standard sea water horizons. \nIn 1972-1992 research was performed at 35 stations, 1993-1999 - 14 stations and in 2000-2003 - 5 stations.\nThe data are fully quality controlled. Systematic certification of laboratories, participation in an international intercalibrations, internal control, introduced managing system for researches quality, use of high quality reagents determine quality of data.\nAll data is stored in archive (in table forms on paper) and is saved on hard disk."],
"identifier" :["33001023"],
"keywords" :["Alkalinity, acidity and pH of the water column"],
"language" :[],
"accessibilitySummary" :[],
"contact" :["Department of Marine Research of the Environmental Protection Agency Taikos Av. 26 Klaipeda  LT-91149 Lithuania"],
"version" :[],
"temporalCoverage" :[],
"publisher" :["Department of Marine Research of the Environmental Protection Agency"],
"spatial" :[],
"license" :[],
"citation" :[],
"genre" :[],
"creator" :["Department of Marine Research of the Environmental Protection Agency"],
"modificationDate" :["2009-02-07"],
"distribution" :[],
"image" :[],
"thumbnailUrl" :[],
"headline" :[],
"abstract" :["The aim of the research is to evaluate active water reaction pH (acid or alkaline) of different regions of the open Baltic Sea. Biological and biochemical processes occuring in water body, development of water plants, migration forms of chemical elements depends on water pH.  \nIn accordance with the national and international Baltic Sea monitoring (HELCOM) programme monitoring cruises have been fulfilled with Lithuanian research vessels Okeanografas, Vetra, Vejas.\nSince 1972 investigations have been carried out in a wide net of stations in national and international waters (including Baltic Proper, Gdansk Basin, Bornholm Basin, Arkona Sea, Gotland Basin, Landsort Deep and Faro Deep), later the net of stations became more narrow and since 2000 research in the Baltic Sea has been defined more exactly and has been carried out only in the exclusive economic zone of Lithuania. pH investigations are carried out during every season at a constant network of stations in standard sea water horizons. \nIn 1972-1992 research was performed at 35 stations, 1993-1999 - 14 stations and in 2000-2003 - 5 stations.\nThe data are fully quality controlled. Systematic certification of laboratories, participation in an international intercalibrations, internal control, introduced managing system for researches quality, use of high quality reagents determine quality of data.\nAll data is stored in archive (in table forms on paper) and is saved on hard disk."],
"theme" :[],
"dateCreated" :["1972-"],
"creditText" :[],
"datePublished" :["1972-"],
"producer" :["Department of Marine Research of the Environmental Protection Agency"],
"author" :["Aldona Jasinskaite (Head of Hydrochemistry Department)"],
"spatialCoverage" :["Baltic Proper, Gdansk Basin, Bornholm Basin, Arkona Sea, Gotland Basin, Landsort Deep, Faro Deep during the period 1972-1992 (data set limits: 54 53 - 59 23N; 13 23 - 22 11E);\nBaltic Proper, Gdansk Basin and Gotland Basin during the period 1993-1999 (data set limits: 54 53 - 57 22N; 18 24 - 20 20E);\nBaltic Proper since 2000 (data set limits: 55 31 - 56 05N; 19 14 - 20 39E)"],
"url" :["https://edmed.seadatanet.org/report/2105/"],
"sponsor" :[],
"size" :[],
"sameAs" :[],
"publication" :[],
"provider" :["Department of Marine Research of the Environmental Protection Agency"],
"position" :[],
"name" :["Data Set of Active Water Reaction (pH) of the open Baltic Sea"],
"measurementTechnique" :["CTD"],
"material" :[],
"maintainer" :[],
"locationCreated" :["Lithuania"],
"issn" :[],
"isPartOf" :[],
"isBasedOn" :[],
"isAccessibleForFree" :[],
"includedInDataCatalog" :[],
"editor" :[],
"editEIDR" :[],
"copyrightYear" :[],
"copyrightNotice" :[],
"copyrightHolder" :["Department of Marine Research of the Environmental Protection Agency"],
"contributor" :["Department of Marine Research of the Environmental Protection Agency"],
"contentReferenceTime" :["1972-"],
"contentLocation" :["Lithuania"],
"character" :[],
"acquireLicensePage" :[],
"accessModeSufficient" :[],
"about" :[],
"rights" :[],
"relation" :[],
"qualifiedRelation" :[],
"qualifiedAttribution" :[],
"previousVersion" :[],
"nextVersion" :[],
"landingPage" :[],
"isReferencedBy" :[],
"hasVersion" :[],
"hasPolicy" :[],
"hasCurrentVersion" :[],
"useConstraints" :[],
"status" :[],
"spatialRepresentationType" :[],
"spatialRepresentationInfo" :[],
"scope" :[],
"purpose" :[],
"otherLocale" :[],
"metadataProfile" :[],
"metadataLinkage" :[],
"metadataIdentifier" :[],
"environmentDescription" :[],
"distributionInfo" :["None"],
"dataQualityInfo" :[],
"contentInfo" :[],
"ResearchInfrastructure" :["SeaDataNet"],
"EssentialVariables" :["Sea state", "Sea ice", "Sea level", "Sea surface currents"],
"potentialTopics" :["data", "active", "set", "open", "sea", "reaction", "water", "alkalinity", "acidity", "column"]
}