{
"description" :["Data collected from this PhD study form part of a global research project, aiming to evaluate the effect of the Delta works on the Dutch Delta ecosystem."],
"identifier" :["664"],
"keywords" :["Chlorophyll pigment concentrations in sediment; Chlorophyll pigment concentrations in water bodies; Other physical and chemical properties of suspended particulate material; Sediment grain size parameters; Zoobenthos dry weight biomass; Unspecified; Horizontal velocity of the water column (currents)"],
"language" :[],
"accessibilitySummary" :[],
"contact" :["None"],
"version" :[],
"temporalCoverage" :[],
"publisher" :["Flanders Marine Institute"],
"spatial" :[],
"license" :[],
"citation" :[],
"genre" :[],
"creator" :["Ghent University, Faculty of Sciences, Department of Biology, Marine Biology Section"],
"modificationDate" :["2011-05-06"],
"distribution" :[],
"image" :[],
"thumbnailUrl" :[],
"headline" :[],
"abstract" :["Data collected from this PhD study form part of a global research project, aiming to evaluate the effect of the Delta works on the Dutch Delta ecosystem."],
"theme" :[],
"dateCreated" :["1984-1985"],
"creditText" :[],
"datePublished" :["1984-1985"],
"producer" :["Flanders Marine Institute"],
"author" :["None"],
"spatialCoverage" :["ANE, North Sea - Southern Bight"],
"url" :["https://edmed.seadatanet.org/report/5593/"],
"sponsor" :[],
"size" :[],
"sameAs" :[],
"publication" :[],
"provider" :["Flanders Marine Institute"],
"position" :[],
"name" :["Ecology of the free-living nematodes of the Voordelta (Southern Bight of the North Sea)"],
"measurementTechnique" :["None"],
"material" :[],
"maintainer" :[],
"locationCreated" :["Belgium"],
"issn" :[],
"isPartOf" :[],
"isBasedOn" :[],
"isAccessibleForFree" :[],
"includedInDataCatalog" :[],
"editor" :[],
"editEIDR" :[],
"copyrightYear" :[],
"copyrightNotice" :[],
"copyrightHolder" :["Flanders Marine Institute"],
"contributor" :["Flanders Marine Institute"],
"contentReferenceTime" :["1984-1985"],
"contentLocation" :["Belgium"],
"character" :[],
"acquireLicensePage" :[],
"accessModeSufficient" :[],
"about" :[],
"rights" :[],
"relation" :[],
"qualifiedRelation" :[],
"qualifiedAttribution" :[],
"previousVersion" :[],
"nextVersion" :[],
"landingPage" :[],
"isReferencedBy" :[],
"hasVersion" :[],
"hasPolicy" :[],
"hasCurrentVersion" :[],
"useConstraints" :[],
"status" :[],
"spatialRepresentationType" :[],
"spatialRepresentationInfo" :[],
"scope" :[],
"purpose" :[],
"otherLocale" :[],
"metadataProfile" :[],
"metadataLinkage" :[],
"metadataIdentifier" :[],
"environmentDescription" :[],
"distributionInfo" :["None"],
"dataQualityInfo" :[],
"contentInfo" :[],
"ResearchInfrastructure" :["SeaDataNet"],
"EssentialVariables" :["Sea state", "Sea ice", "Sea level", "Subsurface temperature", "Sea surface currents", "Sea surface salinity", "subsurface salinity", "Nutrients", "Dissolved organic carbon"],
"potentialTopics" :["southern", "ecology", "bight", "nematode", "sea", "north", "none", "concentration", "grain", "chemical", "sediment", "water", "pigment", "chlorophyll", "suspended", "column", "body", "current", "size"]
}