{
"description" :["Surveys were designed to determine the distribution and abundance of groundfish, particularly cod. A variable number of stations were sampled based on a sub-rectangle grid."],
"identifier" :["1029059"],
"keywords" :["Fish morphology, age and physiology; Fish abundance in water bodies; Fish taxonomy-related abundance per unit area of the bed; Fish taxonomy-related counts"],
"language" :[],
"accessibilitySummary" :[],
"contact" :["Centre for Environment, Fisheries and Aquaculture Science, Lowestoft Laboratory Pakefield Road\n Lowestoft Suffolk NR33 OHT United Kingdom"],
"version" :[],
"temporalCoverage" :[],
"publisher" :["Centre for Environment, Fisheries and Aquaculture Science, Lowestoft Laboratory"],
"spatial" :[],
"license" :[],
"citation" :[],
"genre" :[],
"creator" :["Centre for Environment, Fisheries and Aquaculture Science, Lowestoft Laboratory"],
"modificationDate" :["2009-05-22"],
"distribution" :[],
"image" :[],
"thumbnailUrl" :[],
"headline" :[],
"abstract" :["Surveys were designed to determine the distribution and abundance of groundfish, particularly cod. A variable number of stations were sampled based on a sub-rectangle grid."],
"theme" :[],
"dateCreated" :["From 1990 to 1991 (November to December each year)"],
"creditText" :[],
"datePublished" :["From 1990 to 1991 (November to December each year)"],
"producer" :["British Oceanographic Data Centre"],
"author" :["Contracts Office, CEFAS, Lowestoft"],
"spatialCoverage" :["1990 - English Channel; 1991 - western English Channel and Celtic Sea"],
"url" :["https://edmed.seadatanet.org/report/438/"],
"sponsor" :[],
"size" :[],
"sameAs" :[],
"publication" :[],
"provider" :["British Oceanographic Data Centre"],
"position" :[],
"name" :["English Channel and Celtic Sea Gadoid Survey (1990-1991)"],
"measurementTechnique" :["Pelagic trawl nets"],
"material" :[],
"maintainer" :[],
"locationCreated" :["United Kingdom"],
"issn" :[],
"isPartOf" :[],
"isBasedOn" :[],
"isAccessibleForFree" :[],
"includedInDataCatalog" :[],
"editor" :[],
"editEIDR" :[],
"copyrightYear" :[],
"copyrightNotice" :[],
"copyrightHolder" :["Centre for Environment, Fisheries and Aquaculture Science, Lowestoft Laboratory"],
"contributor" :["Centre for Environment, Fisheries and Aquaculture Science, Lowestoft Laboratory"],
"contentReferenceTime" :["From 1990 to 1991 (November to December each year)"],
"contentLocation" :["United Kingdom"],
"character" :[],
"acquireLicensePage" :[],
"accessModeSufficient" :[],
"about" :[],
"rights" :[],
"relation" :[],
"qualifiedRelation" :[],
"qualifiedAttribution" :[],
"previousVersion" :[],
"nextVersion" :[],
"landingPage" :[],
"isReferencedBy" :[],
"hasVersion" :[],
"hasPolicy" :[],
"hasCurrentVersion" :[],
"useConstraints" :[],
"status" :[],
"spatialRepresentationType" :[],
"spatialRepresentationInfo" :[],
"scope" :[],
"purpose" :[],
"otherLocale" :[],
"metadataProfile" :[],
"metadataLinkage" :[],
"metadataIdentifier" :[],
"environmentDescription" :[],
"distributionInfo" :["http://www.cefas.co.uk/"],
"dataQualityInfo" :[],
"contentInfo" :[],
"ResearchInfrastructure" :["SeaDataNet"],
"EssentialVariables" :["Sea state", "Sea ice", "Sea level", "Sea surface currents", "Fish abundace", "Dissolved organic carbon"],
"potentialTopics" :["english", "gadoid", "survey", "sea", "channel", "net", "trawl", "pelagic", "abundance", "per", "fish", "bed", "unit", "morphology", "age", "count", "water", "physiology", "body", "area"]
}