{
"description" :["Water level observations in the Klaipeda Strait are important to ensure safe navigation and loading works in the harbour of Klaipeda. Also they contribute to the designing, engineering and assurance of building of new quays, piers, other hydro-technical equipment and coastal protection works in the region. \nWater level data are important resources to a scientific community, for the making of forecasts, creating and working of models. Qualitative data of observations, which transfer operative information in real time, are very important to simulate the drift of oil spilt during accidents, in order to ensure early warning to the other countries and eliminating damage done to the marine environment. After the increasing of navigation and number of accidents, it is essential to observe constantly the changes in a water level, especially when hydro-meteorological conditions are extreme. \nStored data are used to evaluate long-lasting changes in the marine ecosystem. These data would qualitatively merge with the net of international hydro-meteorological data and would help to evaluate the fluctuation of the global climate. \nWater level data (since 1898) are stored in the National Marine Data Fund of Center of Marine Research. All data are stored in archive (in table forms on paper) and data since 1993 are saved also on a Hard disk. \nObservations and measurements at a fixed hydrometeorological station are performed hourly (24 times a day) with a marine recorder and 2 times a day with a water level gauge. The data are calibrated every day.\nWater level data collectively with other hydro-meteorological parameters are saved in table forms. The tables are filled in once a month."],
"identifier" :["33001001"],
"keywords" :["Sea level"],
"language" :[],
"accessibilitySummary" :[],
"contact" :["Department of Marine Research of the Environmental Protection Agency Taikos Av. 26 Klaipeda  LT-91149 Lithuania"],
"version" :[],
"temporalCoverage" :[],
"publisher" :["Department of Marine Research of the Environmental Protection Agency"],
"spatial" :[],
"license" :[],
"citation" :[],
"genre" :[],
"creator" :["Department of Marine Research of the Environmental Protection Agency"],
"modificationDate" :["2009-02-07"],
"distribution" :[],
"image" :[],
"thumbnailUrl" :[],
"headline" :[],
"abstract" :["Water level observations in the Klaipeda Strait are important to ensure safe navigation and loading works in the harbour of Klaipeda. Also they contribute to the designing, engineering and assurance of building of new quays, piers, other hydro-technical equipment and coastal protection works in the region. \nWater level data are important resources to a scientific community, for the making of forecasts, creating and working of models. Qualitative data of observations, which transfer operative information in real time, are very important to simulate the drift of oil spilt during accidents, in order to ensure early warning to the other countries and eliminating damage done to the marine environment. After the increasing of navigation and number of accidents, it is essential to observe constantly the changes in a water level, especially when hydro-meteorological conditions are extreme. \nStored data are used to evaluate long-lasting changes in the marine ecosystem. These data would qualitatively merge with the net of international hydro-meteorological data and would help to evaluate the fluctuation of the global climate. \nWater level data (since 1898) are stored in the National Marine Data Fund of Center of Marine Research. All data are stored in archive (in table forms on paper) and data since 1993 are saved also on a Hard disk. \nObservations and measurements at a fixed hydrometeorological station are performed hourly (24 times a day) with a marine recorder and 2 times a day with a water level gauge. The data are calibrated every day.\nWater level data collectively with other hydro-meteorological parameters are saved in table forms. The tables are filled in once a month."],
"theme" :[],
"dateCreated" :["1898 -"],
"creditText" :[],
"datePublished" :["1898 -"],
"producer" :["Department of Marine Research of the Environmental Protection Agency"],
"author" :["Ovidijus Stulpinas (Head of Hydrology Department)"],
"spatialCoverage" :["Hydrometeorological post in the Klaipeda Strait (harbour). Klaipeda Strait connects the Curonian Lagoon and the Baltic Sea. Post coordinates: 55 42,48 N and 21 07,18 E"],
"url" :["https://edmed.seadatanet.org/report/2083/"],
"sponsor" :[],
"size" :[],
"sameAs" :[],
"publication" :[],
"provider" :["Department of Marine Research of the Environmental Protection Agency"],
"position" :[],
"name" :["Lithuanian Sea Level Dataset"],
"measurementTechnique" :["Sea level recorders"],
"material" :[],
"maintainer" :[],
"locationCreated" :["Lithuania"],
"issn" :[],
"isPartOf" :[],
"isBasedOn" :[],
"isAccessibleForFree" :[],
"includedInDataCatalog" :[],
"editor" :[],
"editEIDR" :[],
"copyrightYear" :[],
"copyrightNotice" :[],
"copyrightHolder" :["Department of Marine Research of the Environmental Protection Agency"],
"contributor" :["Department of Marine Research of the Environmental Protection Agency"],
"contentReferenceTime" :["1898 -"],
"contentLocation" :["Lithuania"],
"character" :[],
"acquireLicensePage" :[],
"accessModeSufficient" :[],
"about" :[],
"rights" :[],
"relation" :[],
"qualifiedRelation" :[],
"qualifiedAttribution" :[],
"previousVersion" :[],
"nextVersion" :[],
"landingPage" :[],
"isReferencedBy" :[],
"hasVersion" :[],
"hasPolicy" :[],
"hasCurrentVersion" :[],
"useConstraints" :[],
"status" :[],
"spatialRepresentationType" :[],
"spatialRepresentationInfo" :[],
"scope" :[],
"purpose" :[],
"otherLocale" :[],
"metadataProfile" :[],
"metadataLinkage" :[],
"metadataIdentifier" :[],
"environmentDescription" :[],
"distributionInfo" :["None"],
"dataQualityInfo" :[],
"contentInfo" :[],
"ResearchInfrastructure" :["SeaDataNet"],
"EssentialVariables" :["Sea state", "Sea ice", "Sea level", "Sea surface currents"],
"potentialTopics" :["sea", "level", "recorder"]
}