{
"description" :["Dataset for analysing distribution of wintering gulls based on resightings Herring gulls and Lesser black backed gull that were equipped with colour rings."],
"identifier" :["25"],
"keywords" :["Bird counts"],
"language" :[],
"accessibilitySummary" :[],
"contact" :["None"],
"version" :[],
"temporalCoverage" :[],
"publisher" :["Institute of Nature Conservation"],
"spatial" :[],
"license" :[],
"citation" :[],
"genre" :[],
"creator" :["Institute of Nature Conservation"],
"modificationDate" :["2011-05-06"],
"distribution" :[],
"image" :[],
"thumbnailUrl" :[],
"headline" :[],
"abstract" :["Dataset for analysing distribution of wintering gulls based on resightings Herring gulls and Lesser black backed gull that were equipped with colour rings."],
"theme" :[],
"dateCreated" :["2002-2005"],
"creditText" :[],
"datePublished" :["2002-2005"],
"producer" :["Flanders Marine Institute"],
"author" :["None"],
"spatialCoverage" :["A - North Atlantic"],
"url" :["https://edmed.seadatanet.org/report/5624/"],
"sponsor" :[],
"size" :[],
"sameAs" :[],
"publication" :[],
"provider" :["Flanders Marine Institute"],
"position" :[],
"name" :["Distribution of wintering gulls, North Atlantic"],
"measurementTechnique" :["None"],
"material" :[],
"maintainer" :[],
"locationCreated" :["Belgium"],
"issn" :[],
"isPartOf" :[],
"isBasedOn" :[],
"isAccessibleForFree" :[],
"includedInDataCatalog" :[],
"editor" :[],
"editEIDR" :[],
"copyrightYear" :[],
"copyrightNotice" :[],
"copyrightHolder" :["Institute of Nature Conservation"],
"contributor" :["Institute of Nature Conservation"],
"contentReferenceTime" :["2002-2005"],
"contentLocation" :["Belgium"],
"character" :[],
"acquireLicensePage" :[],
"accessModeSufficient" :[],
"about" :[],
"rights" :[],
"relation" :[],
"qualifiedRelation" :[],
"qualifiedAttribution" :[],
"previousVersion" :[],
"nextVersion" :[],
"landingPage" :[],
"isReferencedBy" :[],
"hasVersion" :[],
"hasPolicy" :[],
"hasCurrentVersion" :[],
"useConstraints" :[],
"status" :[],
"spatialRepresentationType" :[],
"spatialRepresentationInfo" :[],
"scope" :[],
"purpose" :[],
"otherLocale" :[],
"metadataProfile" :[],
"metadataLinkage" :[],
"metadataIdentifier" :[],
"environmentDescription" :[],
"distributionInfo" :["None"],
"dataQualityInfo" :[],
"contentInfo" :[],
"ResearchInfrastructure" :["SeaDataNet"],
"EssentialVariables" :["Marine Habitat Properties"],
"potentialTopics" :["distribution", "wintering", "gull", "north", "none", "count", "bird"]
}