{
"description" :["The general scientific objectives of SESAME Project are to assess and predict changes in the Mediterranean Sea ecosystems as well as changes in the ability of these ecosystems. This dataset was acquired during the cruise SESAME-IT2 in Ionian Sea using discrete water samplers. The chemical parameters analyzed are: pH, dissolved oxygen, nitrate and nitrite concentration, phosphate and silicate in March 2008."],
"identifier" :["1891"],
"keywords" :["Alkalinity, acidity and pH of the water column; Phosphate concentration parameters in the water column; Nitrate concentration parameters in the water column; Silicate concentration parameters in the water column; Dissolved oxygen parameters in the water column"],
"language" :[],
"accessibilitySummary" :[],
"contact" :["National Institute of Oceanography and Applied Geophysics - Division of Oceanography Borgo Grotta Gigante 42/c Sgonico (Trieste)  34010 Italy"],
"version" :[],
"temporalCoverage" :[],
"publisher" :["National Institute of Oceanography and Applied Geophysics - Division of Oceanography"],
"spatial" :[],
"license" :[],
"citation" :[],
"genre" :[],
"creator" :["National Institute of Oceanography and Applied Geophysics - Division of Oceanography"],
"modificationDate" :["2017-03-08"],
"distribution" :[],
"image" :[],
"thumbnailUrl" :[],
"headline" :[],
"abstract" :["The general scientific objectives of SESAME Project are to assess and predict changes in the Mediterranean Sea ecosystems as well as changes in the ability of these ecosystems. This dataset was acquired during the cruise SESAME-IT2 in Ionian Sea using discrete water samplers. The chemical parameters analyzed are: pH, dissolved oxygen, nitrate and nitrite concentration, phosphate and silicate in March 2008."],
"theme" :[],
"dateCreated" :["From 01-MAR-08 to 09-MAR-08"],
"creditText" :[],
"datePublished" :["From 01-MAR-08 to 09-MAR-08"],
"producer" :["National Institute of Oceanography and Applied Geophysics - Division of Oceanography"],
"author" :["Civitarese G."],
"spatialCoverage" :["Ionian sea"],
"url" :["https://edmed.seadatanet.org/report/6608/"],
"sponsor" :[],
"size" :[],
"sameAs" :[],
"publication" :[],
"provider" :["National Institute of Oceanography and Applied Geophysics - Division of Oceanography"],
"position" :[],
"name" :["SESAME-IT2: Chemical data acquired in Ionian Sea during the SESAME Project in March 2008."],
"measurementTechnique" :["Discrete water samplers"],
"material" :[],
"maintainer" :[],
"locationCreated" :["Italy"],
"issn" :[],
"isPartOf" :[],
"isBasedOn" :[],
"isAccessibleForFree" :[],
"includedInDataCatalog" :[],
"editor" :[],
"editEIDR" :[],
"copyrightYear" :[],
"copyrightNotice" :[],
"copyrightHolder" :["National Institute of Oceanography and Applied Geophysics - Division of Oceanography"],
"contributor" :["National Institute of Oceanography and Applied Geophysics - Division of Oceanography"],
"contentReferenceTime" :["From 01-MAR-08 to 09-MAR-08"],
"contentLocation" :["Italy"],
"character" :[],
"acquireLicensePage" :[],
"accessModeSufficient" :[],
"about" :[],
"rights" :[],
"relation" :[],
"qualifiedRelation" :[],
"qualifiedAttribution" :[],
"previousVersion" :[],
"nextVersion" :[],
"landingPage" :[],
"isReferencedBy" :[],
"hasVersion" :[],
"hasPolicy" :[],
"hasCurrentVersion" :[],
"useConstraints" :[],
"status" :[],
"spatialRepresentationType" :[],
"spatialRepresentationInfo" :[],
"scope" :[],
"purpose" :[],
"otherLocale" :[],
"metadataProfile" :[],
"metadataLinkage" :[],
"metadataIdentifier" :[],
"environmentDescription" :[],
"distributionInfo" :["None"],
"dataQualityInfo" :[],
"contentInfo" :[],
"ResearchInfrastructure" :["SeaDataNet"],
"EssentialVariables" :["Sea state", "Sea ice", "Sea level", "Sea surface currents", "Inorganic Carbon", "Oxygen"],
"potentialTopics" :["water", "discrete", "sampler", "acquired", "data", "sesame", "chemical", "project", "march", "sea", "column", "parameter", "concentration", "acidity", "phosphate", "silicate", "alkalinity", "nitrate", "oxygen"]
}