{
"description" :["This NERC funded project (Grant GR3/9601) set out to observe density-driven circulation in the western irish Sea. Hydrographic data from CTDs were already banked with BODC. This is here supplemented by the Searover data and the tracks of free-floating satellite-tracked Argos drifters drogued at the level of the thermocline."],
"identifier" :["1021011"],
"keywords" :["Vertical velocity of the water column (currents); Salinity of the water column; Horizontal velocity of the water column (currents); Temperature of the water column"],
"language" :[],
"accessibilitySummary" :[],
"contact" :["University of Wales, School of Ocean Sciences School of Ocean Sciences,\nUniversity of Wales Bangor, \nMenai Bridge, \nAnglesey, \n Menai Bridge Anglesey LL59 5AB United Kingdom"],
"version" :[],
"temporalCoverage" :[],
"publisher" :["University of Wales, School of Ocean Sciences"],
"spatial" :[],
"license" :[],
"citation" :[],
"genre" :[],
"creator" :["University of Wales, School of Ocean Sciences"],
"modificationDate" :["2009-04-27"],
"distribution" :[],
"image" :[],
"thumbnailUrl" :[],
"headline" :[],
"abstract" :["This NERC funded project (Grant GR3/9601) set out to observe density-driven circulation in the western irish Sea. Hydrographic data from CTDs were already banked with BODC. This is here supplemented by the Searover data and the tracks of free-floating satellite-tracked Argos drifters drogued at the level of the thermocline."],
"theme" :[],
"dateCreated" :["1995-1997"],
"creditText" :[],
"datePublished" :["1995-1997"],
"producer" :["British Oceanographic Data Centre"],
"author" :["Head of Department"],
"spatialCoverage" :["Western Irish Sea"],
"url" :["https://edmed.seadatanet.org/report/349/"],
"sponsor" :[],
"size" :[],
"sameAs" :[],
"publication" :[],
"provider" :["British Oceanographic Data Centre"],
"position" :[],
"name" :["Seasonal Gyres in the Western Irish Sea 1995-1997"],
"measurementTechnique" :["Current meters; salinity sensor; CTD undulators"],
"material" :[],
"maintainer" :[],
"locationCreated" :["United Kingdom"],
"issn" :[],
"isPartOf" :[],
"isBasedOn" :[],
"isAccessibleForFree" :[],
"includedInDataCatalog" :[],
"editor" :[],
"editEIDR" :[],
"copyrightYear" :[],
"copyrightNotice" :[],
"copyrightHolder" :["University of Wales, School of Ocean Sciences"],
"contributor" :["University of Wales, School of Ocean Sciences"],
"contentReferenceTime" :["1995-1997"],
"contentLocation" :["United Kingdom"],
"character" :[],
"acquireLicensePage" :[],
"accessModeSufficient" :[],
"about" :[],
"rights" :[],
"relation" :[],
"qualifiedRelation" :[],
"qualifiedAttribution" :[],
"previousVersion" :[],
"nextVersion" :[],
"landingPage" :[],
"isReferencedBy" :[],
"hasVersion" :[],
"hasPolicy" :[],
"hasCurrentVersion" :[],
"useConstraints" :[],
"status" :[],
"spatialRepresentationType" :[],
"spatialRepresentationInfo" :[],
"scope" :[],
"purpose" :[],
"otherLocale" :[],
"metadataProfile" :[],
"metadataLinkage" :[],
"metadataIdentifier" :[],
"environmentDescription" :[],
"distributionInfo" :["None"],
"dataQualityInfo" :[],
"contentInfo" :[],
"ResearchInfrastructure" :["SeaDataNet"],
"EssentialVariables" :["Sea state", "Sea ice", "Sea level", "Sea surface temperature", "Subsurface temperature", "Sea surface currents", "Sea surface salinity", "subsurface salinity"],
"potentialTopics" :["salinity", "meter", "sensor", "current", "western", "sea", "seasonal", "gyre", "water", "vertical", "column", "velocity", "temperature", "horizontal"]
}