{
"description" :["The different hydrographic and chemical features were analyzed in relation to the impact of mucilaginous aggregates on the Northern Adriatic Ecosystem. This project comprised monthly combined cruises covering the whole of the Northern Adriatic basin north of a line from Ravenna (Italy) to Lussino (Croatia), and was carried out with four vessels simultaneously. The data were collected during 9 cruises from March to October 1990, 6 cruises from June to November 1991 and 9 cruises from March to November 1992."],
"identifier" :["OGS-EDMED-99"],
"keywords" :["Salinity of the water column; Temperature of the water column; Phaeopigment concentrations in the water column; Electrical conductivity of the water column"],
"language" :[],
"accessibilitySummary" :[],
"contact" :["University of Trieste, Department of Biology Via E Weiss 2 Trieste  34127 Italy"],
"version" :[],
"temporalCoverage" :[],
"publisher" :["University of Trieste, Department of Biology"],
"spatial" :[],
"license" :[],
"citation" :[],
"genre" :[],
"creator" :["University of Trieste, Department of Biology"],
"modificationDate" :["1992-11-12"],
"distribution" :[],
"image" :[],
"thumbnailUrl" :[],
"headline" :[],
"abstract" :["The different hydrographic and chemical features were analyzed in relation to the impact of mucilaginous aggregates on the Northern Adriatic Ecosystem. This project comprised monthly combined cruises covering the whole of the Northern Adriatic basin north of a line from Ravenna (Italy) to Lussino (Croatia), and was carried out with four vessels simultaneously. The data were collected during 9 cruises from March to October 1990, 6 cruises from June to November 1991 and 9 cruises from March to November 1992."],
"theme" :[],
"dateCreated" :["From March 1990 to November 1992 (available data period at present: until October 1992 for hydrographic data; until November 1991 for chemical data)"],
"creditText" :[],
"datePublished" :["From March 1990 to November 1992 (available data period at present: until October 1992 for hydrographic data; until November 1991 for chemical data)"],
"producer" :["National Institute of Oceanography and Applied Geophysics - Division of Oceanography"],
"author" :["Fonda Umani Serena"],
"spatialCoverage" :["73 standard stations (64 stations on 7 transects) for hydrographic data and approximately 38 stations for chemical data, covering the Northern Adriatic Sea"],
"url" :["https://edmed.seadatanet.org/report/3884/"],
"sponsor" :[],
"size" :[],
"sameAs" :[],
"publication" :[],
"provider" :["National Institute of Oceanography and Applied Geophysics - Division of Oceanography"],
"position" :[],
"name" :["Project ALPE ADRIA: hydrographic (plus chemistry) station data in N Adriatic Sea (1990-92)"],
"measurementTechnique" :["Fluorometers; discrete water samplers; spectrophotometers; CTD"],
"material" :[],
"maintainer" :[],
"locationCreated" :["Italy"],
"issn" :[],
"isPartOf" :[],
"isBasedOn" :[],
"isAccessibleForFree" :[],
"includedInDataCatalog" :[],
"editor" :[],
"editEIDR" :[],
"copyrightYear" :[],
"copyrightNotice" :[],
"copyrightHolder" :["University of Trieste, Department of Biology"],
"contributor" :["University of Trieste, Department of Biology"],
"contentReferenceTime" :["From March 1990 to November 1992 (available data period at present: until October 1992 for hydrographic data; until November 1991 for chemical data)"],
"contentLocation" :["Italy"],
"character" :[],
"acquireLicensePage" :[],
"accessModeSufficient" :[],
"about" :[],
"rights" :[],
"relation" :[],
"qualifiedRelation" :[],
"qualifiedAttribution" :[],
"previousVersion" :[],
"nextVersion" :[],
"landingPage" :[],
"isReferencedBy" :[],
"hasVersion" :[],
"hasPolicy" :[],
"hasCurrentVersion" :[],
"useConstraints" :[],
"status" :[],
"spatialRepresentationType" :[],
"spatialRepresentationInfo" :[],
"scope" :[],
"purpose" :[],
"otherLocale" :[],
"metadataProfile" :[],
"metadataLinkage" :[],
"metadataIdentifier" :[],
"environmentDescription" :[],
"distributionInfo" :["http://www.univ.trieste.it/~biologia/"],
"dataQualityInfo" :[],
"contentInfo" :[],
"ResearchInfrastructure" :["SeaDataNet"],
"EssentialVariables" :["Sea state", "Sea ice", "Sea level", "Sea surface temperature", "Subsurface temperature", "Sea surface currents", "Sea surface salinity", "subsurface salinity"],
"potentialTopics" :["discrete", "spectrophotometer", "sampler", "water", "project", "sea", "data", "hydrographic", "plus", "station", "chemistry", "column", "electrical", "concentration", "temperature", "salinity", "conductivity"]
}