{
"description" :["There are results of forecast of the Black Sea circulation for the Eastern part of the Black sea including Georgian water area. Forecast is calculated with use of the regional mathematical model of the Black Sea dynamics developed at M. Nodia Institute of Geophysics (Tbilisi/Georgia, authors: A. Kordzadze, D. Demetrashvili). The forecasting interval is following: 07.06.2010, 00:00 h - 10.06.2010, 00:00 h Calculated prognostic values of the Black Sea current velocity horizontal components are obtained in the points of three dimensional grid, which covers the eastern part of the Black Sea basin with 1km horizontal spacing. Calculated velocity components are given on depths of 0, 10, 20, 50, 100, 200, 500, 1000 m. Results of marine forecasts for the Eastern part of the Black Sea based on the mathematical numerical 3-D model are presented."],
"identifier" :["IG-GAS-16"],
"keywords" :["Horizontal velocity of the water column (currents)"],
"language" :[],
"accessibilitySummary" :[],
"contact" :["M. Nodia  Institute of Geophysics of Georgian Academy of Science 1 Alexsidze Str. Tbilisi  0193 Georgia"],
"version" :[],
"temporalCoverage" :[],
"publisher" :["M. Nodia  Institute of Geophysics of Georgian Academy of Science"],
"spatial" :[],
"license" :[],
"citation" :[],
"genre" :[],
"creator" :["M. Nodia  Institute of Geophysics of Georgian Academy of Science"],
"modificationDate" :["2011-03-23"],
"distribution" :[],
"image" :[],
"thumbnailUrl" :[],
"headline" :[],
"abstract" :["There are results of forecast of the Black Sea circulation for the Eastern part of the Black sea including Georgian water area. Forecast is calculated with use of the regional mathematical model of the Black Sea dynamics developed at M. Nodia Institute of Geophysics (Tbilisi/Georgia, authors: A. Kordzadze, D. Demetrashvili). The forecasting interval is following: 07.06.2010, 00:00 h - 10.06.2010, 00:00 h Calculated prognostic values of the Black Sea current velocity horizontal components are obtained in the points of three dimensional grid, which covers the eastern part of the Black Sea basin with 1km horizontal spacing. Calculated velocity components are given on depths of 0, 10, 20, 50, 100, 200, 500, 1000 m. Results of marine forecasts for the Eastern part of the Black Sea based on the mathematical numerical 3-D model are presented."],
"theme" :[],
"dateCreated" :["2010"],
"creditText" :[],
"datePublished" :["2010"],
"producer" :["Iv.Javakhishvili Tbilisi State University, Centre of Relations with UNESCO Oceanological Research Centre and GeoDNA (UNESCO)"],
"author" :["Kordzadze Avtandil, Professor (Head of Department of Mathematical Modeling of Geophysical Processes)"],
"spatialCoverage" :["The geographic area includes the Eastern part of the Black Sea bounded with Caucasus coastline and liquid boundary."],
"url" :["https://edmed.seadatanet.org/report/5196/"],
"sponsor" :[],
"size" :[],
"sameAs" :[],
"publication" :[],
"provider" :["Iv.Javakhishvili Tbilisi State University, Centre of Relations with UNESCO Oceanological Research Centre and GeoDNA (UNESCO)"],
"position" :[],
"name" :["Black Sea current velocity components, 07-10 June 2010"],
"measurementTechnique" :["None"],
"material" :[],
"maintainer" :[],
"locationCreated" :["Georgia"],
"issn" :[],
"isPartOf" :[],
"isBasedOn" :[],
"isAccessibleForFree" :[],
"includedInDataCatalog" :[],
"editor" :[],
"editEIDR" :[],
"copyrightYear" :[],
"copyrightNotice" :[],
"copyrightHolder" :["M. Nodia  Institute of Geophysics of Georgian Academy of Science"],
"contributor" :["M. Nodia  Institute of Geophysics of Georgian Academy of Science"],
"contentReferenceTime" :["2010"],
"contentLocation" :["Georgia"],
"character" :[],
"acquireLicensePage" :[],
"accessModeSufficient" :[],
"about" :[],
"rights" :[],
"relation" :[],
"qualifiedRelation" :[],
"qualifiedAttribution" :[],
"previousVersion" :[],
"nextVersion" :[],
"landingPage" :[],
"isReferencedBy" :[],
"hasVersion" :[],
"hasPolicy" :[],
"hasCurrentVersion" :[],
"useConstraints" :[],
"status" :[],
"spatialRepresentationType" :[],
"spatialRepresentationInfo" :[],
"scope" :[],
"purpose" :[],
"otherLocale" :[],
"metadataProfile" :[],
"metadataLinkage" :[],
"metadataIdentifier" :[],
"environmentDescription" :[],
"distributionInfo" :["None"],
"dataQualityInfo" :[],
"contentInfo" :[],
"ResearchInfrastructure" :["SeaDataNet"],
"EssentialVariables" :["Sea state", "Sea ice", "Sea level", "Sea surface currents"],
"potentialTopics" :["none", "water", "sea", "component", "column", "black", "horizontal", "current", "velocity"]
}