{
"description" :["The basic aim of the work was to study the phytoplankton standing crop (chlorophyll-a and cell density) and community structure over a twelve-month period. Data were collected from 5 sites, at 1m intervals of the water column, on a monthly basis."],
"identifier" :["6047003"],
"keywords" :["Phytoplankton taxonomic abundance in water bodies; Phytoplankton taxonomic biomass in water bodies"],
"language" :[],
"accessibilitySummary" :[],
"contact" :["Demokritus University of Thrace, School of Engineering, Section of Hydraulics   Xanthi  67100 Greece"],
"version" :[],
"temporalCoverage" :[],
"publisher" :["Demokritus University of Thrace, School of Engineering, Section of Hydraulics"],
"spatial" :[],
"license" :[],
"citation" :[],
"genre" :[],
"creator" :["Demokritus University of Thrace, School of Engineering, Section of Hydraulics"],
"modificationDate" :["2015-07-22"],
"distribution" :[],
"image" :[],
"thumbnailUrl" :[],
"headline" :[],
"abstract" :["The basic aim of the work was to study the phytoplankton standing crop (chlorophyll-a and cell density) and community structure over a twelve-month period. Data were collected from 5 sites, at 1m intervals of the water column, on a monthly basis."],
"theme" :[],
"dateCreated" :["From November 1983 to October 1984"],
"creditText" :[],
"datePublished" :["From November 1983 to October 1984"],
"producer" :["Hellenic Centre for Marine Research, Hellenic National Oceanographic Data Centre"],
"author" :["Assoc. Prof. T. Yiannakopoulou"],
"spatialCoverage" :["Vistonis Estuary (27 0700sN, 41 0300sE)"],
"url" :["https://edmed.seadatanet.org/report/1385/"],
"sponsor" :[],
"size" :[],
"sameAs" :[],
"publication" :[],
"provider" :["Hellenic Centre for Marine Research, Hellenic National Oceanographic Data Centre"],
"position" :[],
"name" :["Phytoplankton data of Vistonis Estuary, northern Greece (1983-1984)"],
"measurementTechnique" :["None"],
"material" :[],
"maintainer" :[],
"locationCreated" :["Greece"],
"issn" :[],
"isPartOf" :[],
"isBasedOn" :[],
"isAccessibleForFree" :[],
"includedInDataCatalog" :[],
"editor" :[],
"editEIDR" :[],
"copyrightYear" :[],
"copyrightNotice" :[],
"copyrightHolder" :["Demokritus University of Thrace, School of Engineering, Section of Hydraulics"],
"contributor" :["Demokritus University of Thrace, School of Engineering, Section of Hydraulics"],
"contentReferenceTime" :["From November 1983 to October 1984"],
"contentLocation" :["Greece"],
"character" :[],
"acquireLicensePage" :[],
"accessModeSufficient" :[],
"about" :[],
"rights" :[],
"relation" :[],
"qualifiedRelation" :[],
"qualifiedAttribution" :[],
"previousVersion" :[],
"nextVersion" :[],
"landingPage" :[],
"isReferencedBy" :[],
"hasVersion" :[],
"hasPolicy" :[],
"hasCurrentVersion" :[],
"useConstraints" :[],
"status" :[],
"spatialRepresentationType" :[],
"spatialRepresentationInfo" :[],
"scope" :[],
"purpose" :[],
"otherLocale" :[],
"metadataProfile" :[],
"metadataLinkage" :[],
"metadataIdentifier" :[],
"environmentDescription" :[],
"distributionInfo" :["None"],
"dataQualityInfo" :[],
"contentInfo" :[],
"ResearchInfrastructure" :["SeaDataNet"],
"EssentialVariables" :["Dissolved organic carbon", "Plankton"],
"potentialTopics" :["phytoplankton", "taxonomic", "body", "water", "biomass", "abundance", "northern", "data", "estuary", "none"]
}