{
"description" :["This dataset consists of measurements of underway meteorology, navigation and sea surface hydrography, sound velocity profiles, gravimetrics, swath bathymetry and seismic activity in the Mid-Atlantic Ridge. Data were collected by RRS James Cook cruises JC102 (06  18 April 2014), JC109 (11 October to 5 November 2014) and JC132 (14 January to 24 February 2016). The data were collected in the Mid-Atlantic Ridge as part of an investigation into the role and extent of detachment faulting at slow-spreading mid-ocean ridges. Sound velocity profiles were created using a Valdeport midas sound probe deployed once on each cruise. Gravity data were collected using a Lacoste_Romberg air-sea gravimeter. Navigation data were collected using an Applanix POSMV system and meteorology and sea surface hydrography were collected using the NMF Surfmet system. Both systems were run through the duration of the cruises, excepting times for cleaning, entering and leaving port, and while alongside. Swath bathymetry data were collected using a Kongsberg EM-120 multibeam echosounder, which was run throughout the duration of each cruise. These cruises formed the field component of NERC Standard Grant project Role and extent of detachment faulting at slow-spreading mid-ocean ridges. Data were collected with the aim to determine (1) the sub-surface geometry and extent of the detachments beneath the ridge axis, (2) the amount and detailed distribution of magmatic crust, and (3) the asymmetry of spreading rates associated with oceanic core complexes and the volcanic seafloor. The Discovery Science project was composed of Standard Grant reference NE/J022551/1 as the lead grant with child grants NE/J02029X/1, NE/J021741/1. The lead grant,  NE/J022551/1, runs from 01 April 2013 to 31 December 2019, and is led by Professor Timothy Reston, University of Birmingham, School of Geography, Earth and Environmental Sciences. Child grant NE/J02029X/1 runs from 01 March 2014 to 31 January 2019 and is led by Professor Christine Peirce, Durham University, Earth Sciences. Finally, child grant  NE/J021741/1 runs from 01 January 2014 to 31 December 2018 and is led by Professor Christopher John MacLeod, Cardiff University, School of Earth and Ocean Sciences. All data have been received by BODC as raw files from the RRS James Cook. Underway navigation, meteorology and sea surface hydrography from JC132 and JC102 have been processed using BODC in-house procedures and are available online. JC109 underway as well as sound velocity data for all cruises will be processed and made available online in the near future. Remaining data have been archived and are available as raw files on request."],
"identifier" :["1048MidOceanRidge_2014-2016"],
"keywords" :["Air pressure; Atmospheric humidity; Raw fluorometer output; Gravity; Bathymetry and Elevation; Seismic reflection; Raw suspended particulate material concentration sensor output; Salinity of the water column; Temperature of the water column; Metadata parameters; Sound velocity and travel time in the water column; Horizontal spatial co-ordinates; Platform or instrument orientation; Electrical conductivity of the water column; Raw light meter output; Wind strength and direction"],
"language" :[],
"accessibilitySummary" :[],
"contact" :["British Oceanographic Data Centre Joseph Proudman Building\n6 Brownlow Street Liverpool Merseyside L3 5DA United Kingdom"],
"version" :[],
"temporalCoverage" :[],
"publisher" :["British Oceanographic Data Centre"],
"spatial" :[],
"license" :[],
"citation" :[],
"genre" :[],
"creator" :["University of Birmingham School of Geography, Earth and Environmental Sciences"],
"modificationDate" :["2019-06-17"],
"distribution" :[],
"image" :[],
"thumbnailUrl" :[],
"headline" :[],
"abstract" :["This dataset consists of measurements of underway meteorology, navigation and sea surface hydrography, sound velocity profiles, gravimetrics, swath bathymetry and seismic activity in the Mid-Atlantic Ridge. Data were collected by RRS James Cook cruises JC102 (06  18 April 2014), JC109 (11 October to 5 November 2014) and JC132 (14 January to 24 February 2016). The data were collected in the Mid-Atlantic Ridge as part of an investigation into the role and extent of detachment faulting at slow-spreading mid-ocean ridges. Sound velocity profiles were created using a Valdeport midas sound probe deployed once on each cruise. Gravity data were collected using a Lacoste_Romberg air-sea gravimeter. Navigation data were collected using an Applanix POSMV system and meteorology and sea surface hydrography were collected using the NMF Surfmet system. Both systems were run through the duration of the cruises, excepting times for cleaning, entering and leaving port, and while alongside. Swath bathymetry data were collected using a Kongsberg EM-120 multibeam echosounder, which was run throughout the duration of each cruise. These cruises formed the field component of NERC Standard Grant project Role and extent of detachment faulting at slow-spreading mid-ocean ridges. Data were collected with the aim to determine (1) the sub-surface geometry and extent of the detachments beneath the ridge axis, (2) the amount and detailed distribution of magmatic crust, and (3) the asymmetry of spreading rates associated with oceanic core complexes and the volcanic seafloor. The Discovery Science project was composed of Standard Grant reference NE/J022551/1 as the lead grant with child grants NE/J02029X/1, NE/J021741/1. The lead grant,  NE/J022551/1, runs from 01 April 2013 to 31 December 2019, and is led by Professor Timothy Reston, University of Birmingham, School of Geography, Earth and Environmental Sciences. Child grant NE/J02029X/1 runs from 01 March 2014 to 31 January 2019 and is led by Professor Christine Peirce, Durham University, Earth Sciences. Finally, child grant  NE/J021741/1 runs from 01 January 2014 to 31 December 2018 and is led by Professor Christopher John MacLeod, Cardiff University, School of Earth and Ocean Sciences. All data have been received by BODC as raw files from the RRS James Cook. Underway navigation, meteorology and sea surface hydrography from JC132 and JC102 have been processed using BODC in-house procedures and are available online. JC109 underway as well as sound velocity data for all cruises will be processed and made available online in the near future. Remaining data have been archived and are available as raw files on request."],
"theme" :[],
"dateCreated" :["6th April 2014 to 21st February 2016"],
"creditText" :[],
"datePublished" :["6th April 2014 to 21st February 2016"],
"producer" :["British Oceanographic Data Centre"],
"author" :["Polly Hadiabdi (Head of the BODC Requests Team)"],
"spatialCoverage" :["Mid-Atlantic"],
"url" :["https://edmed.seadatanet.org/report/6894/"],
"sponsor" :[],
"size" :[],
"sameAs" :[],
"publication" :[],
"provider" :["British Oceanographic Data Centre"],
"position" :[],
"name" :["Role and extent of detachment faulting at slow-spreading mid-ocean ridges project datasets, 2014-2016, Mid-Atlantic Ridge"],
"measurementTechnique" :["Anemometers; fluorometers; thermosalinographs; multi-channel seismic reflection systems; multi-beam echosounders; salinity sensor; Differential Global Positioning System receivers; transmissometers; water temperature sensor; meteorological packages"],
"material" :[],
"maintainer" :[],
"locationCreated" :["United Kingdom"],
"issn" :[],
"isPartOf" :[],
"isBasedOn" :[],
"isAccessibleForFree" :[],
"includedInDataCatalog" :[],
"editor" :[],
"editEIDR" :[],
"copyrightYear" :[],
"copyrightNotice" :[],
"copyrightHolder" :["British Oceanographic Data Centre"],
"contributor" :["British Oceanographic Data Centre"],
"contentReferenceTime" :["6th April 2014 to 21st February 2016"],
"contentLocation" :["United Kingdom"],
"character" :[],
"acquireLicensePage" :[],
"accessModeSufficient" :[],
"about" :[],
"rights" :[],
"relation" :[],
"qualifiedRelation" :[],
"qualifiedAttribution" :[],
"previousVersion" :[],
"nextVersion" :[],
"landingPage" :[],
"isReferencedBy" :[],
"hasVersion" :[],
"hasPolicy" :[],
"hasCurrentVersion" :[],
"useConstraints" :[],
"status" :[],
"spatialRepresentationType" :[],
"spatialRepresentationInfo" :[],
"scope" :[],
"purpose" :[],
"otherLocale" :[],
"metadataProfile" :[],
"metadataLinkage" :[],
"metadataIdentifier" :[],
"environmentDescription" :[],
"distributionInfo" :["https://www.bodc.ac.uk/data/bodc_database/nodb/search/"],
"dataQualityInfo" :[],
"contentInfo" :[],
"ResearchInfrastructure" :["SeaDataNet"],
"EssentialVariables" :["Sea surface temperature", "Subsurface temperature", "Sea surface salinity", "subsurface salinity"],
"potentialTopics" :["water", "column", "output", "raw", "seismic", "temperature", "salinity", "reflection", "instrument", "time", "bathymetry", "sensor", "ridge", "system", "global", "package", "differential", "anemometer", "meteorological", "positioning", "receiver"]
}