{
"description" :["Celtic Voyager meteorology dataset collected from on-board weather station sensors."],
"identifier" :["f0c308a1-4c5c-11df-9879-0800200c9a66"],
"keywords" :["Air pressure; Wind strength and direction; Wave direction; Wave height and period statistics; Date and time; Air temperature"],
"language" :[],
"accessibilitySummary" :[],
"contact" :["Marine Institute Rinville\n\n Oranmore Co. Galway H91 R673 Ireland"],
"version" :[],
"temporalCoverage" :[],
"publisher" :["Marine Institute"],
"spatial" :[],
"license" :[],
"citation" :[],
"genre" :[],
"creator" :["Marine Institute"],
"modificationDate" :["2010-04-26"],
"distribution" :[],
"image" :[],
"thumbnailUrl" :[],
"headline" :[],
"abstract" :["Celtic Voyager meteorology dataset collected from on-board weather station sensors."],
"theme" :[],
"dateCreated" :["Celtic Voyager Weather Instruments, 2003 onwards"],
"creditText" :[],
"datePublished" :["Celtic Voyager Weather Instruments, 2003 onwards"],
"producer" :["Marine Institute"],
"author" :["Trevor Alcorn (Scientific &amp; Technical Officer)"],
"spatialCoverage" :["None"],
"url" :["https://edmed.seadatanet.org/report/1971/"],
"sponsor" :[],
"size" :[],
"sameAs" :[],
"publication" :[],
"provider" :["Marine Institute"],
"position" :[],
"name" :["Celtic Voyager Weather Station"],
"measurementTechnique" :["Celtic Voyager Weather Instruments, 2003 onwards"],
"material" :[],
"maintainer" :[],
"locationCreated" :["Ireland"],
"issn" :[],
"isPartOf" :[],
"isBasedOn" :[],
"isAccessibleForFree" :[],
"includedInDataCatalog" :[],
"editor" :[],
"editEIDR" :[],
"copyrightYear" :[],
"copyrightNotice" :[],
"copyrightHolder" :["Marine Institute"],
"contributor" :["Marine Institute"],
"contentReferenceTime" :["Celtic Voyager Weather Instruments, 2003 onwards"],
"contentLocation" :["Ireland"],
"character" :[],
"acquireLicensePage" :[],
"accessModeSufficient" :[],
"about" :[],
"rights" :[],
"relation" :[],
"qualifiedRelation" :[],
"qualifiedAttribution" :[],
"previousVersion" :[],
"nextVersion" :[],
"landingPage" :[],
"isReferencedBy" :[],
"hasVersion" :[],
"hasPolicy" :[],
"hasCurrentVersion" :[],
"useConstraints" :[],
"status" :[],
"spatialRepresentationType" :[],
"spatialRepresentationInfo" :[],
"scope" :[],
"purpose" :[],
"otherLocale" :[],
"metadataProfile" :[],
"metadataLinkage" :[],
"metadataIdentifier" :[],
"environmentDescription" :[],
"distributionInfo" :["http://seadatanet.maris2.nl/v_cdi_v1/search.asp"],
"dataQualityInfo" :[],
"contentInfo" :[],
"ResearchInfrastructure" :["SeaDataNet"],
"EssentialVariables" :["Sea surface temperature", "Subsurface temperature"],
"potentialTopics" :["wave", "air", "direction", "period", "temperature", "height", "wind", "time", "strength", "date", "statistic", "pressure", "voyager", "weather", "instrument", "station"]
}