{
"description" :["Optical data were collected as auxiliary data to observe optical water properties determining photosynthetic conditions of the water and affecting primary production processes. The main measurement sites were two polygons (repeated over the years) in the northern part of the North Sea, and in Hornsund Fjord on Spitzbergen.\n\nThe data set includes:\n1987 -  76 stations (c)\n1988 -  35 stations (c) \n1989 -  49 stations (c)\n1991 - 122 stations (c)\n1992 -  16 stations (c)\n1993 - ---\n1994 - 105 stations (Kd)\n1995 - 161 stations (c), 68 (Kd)\n\nDownwelling irradiance at the sea surface was measured every day during those periods. This forms the daily time series, averaging every 30 seconds, recorded from dusk to dawn, or 24h at high latitudes, which are stored as compressed ASCII files.\n\nData of c and Kd are stored as ASCII files of profiles of parameters, paired with depth and temperature readings, with a header containing information clearly identifying the data set (date, time, latitude, longitude, station number). All stored data are interpolated to full metres. All data are quality controlled."],
"identifier" :["21009002"],
"keywords" :["Light absorption in the water column"],
"language" :[],
"accessibilitySummary" :[],
"contact" :["Institute of Oceanology, Polish Academy of Sciences Powstancow Warszawy 55 Sopot  81-712 Poland"],
"version" :[],
"temporalCoverage" :[],
"publisher" :["Institute of Oceanology, Polish Academy of Sciences"],
"spatial" :[],
"license" :[],
"citation" :[],
"genre" :[],
"creator" :["Institute of Oceanology, Polish Academy of Sciences"],
"modificationDate" :["2009-01-19"],
"distribution" :[],
"image" :[],
"thumbnailUrl" :[],
"headline" :[],
"abstract" :["Optical data were collected as auxiliary data to observe optical water properties determining photosynthetic conditions of the water and affecting primary production processes. The main measurement sites were two polygons (repeated over the years) in the northern part of the North Sea, and in Hornsund Fjord on Spitzbergen.\n\nThe data set includes:\n1987 -  76 stations (c)\n1988 -  35 stations (c) \n1989 -  49 stations (c)\n1991 - 122 stations (c)\n1992 -  16 stations (c)\n1993 - ---\n1994 - 105 stations (Kd)\n1995 - 161 stations (c), 68 (Kd)\n\nDownwelling irradiance at the sea surface was measured every day during those periods. This forms the daily time series, averaging every 30 seconds, recorded from dusk to dawn, or 24h at high latitudes, which are stored as compressed ASCII files.\n\nData of c and Kd are stored as ASCII files of profiles of parameters, paired with depth and temperature readings, with a header containing information clearly identifying the data set (date, time, latitude, longitude, station number). All stored data are interpolated to full metres. All data are quality controlled."],
"theme" :[],
"dateCreated" :["1987 (12 July to 21 August); 1988 (18 July to 16 August); 1989 (08 July to 15 August); 1991 (06 June to 25 July); 1992 (25 July to 31 August); 1994 (13 July to 07 August); 1995 (04 July to 09 August)"],
"creditText" :[],
"datePublished" :["1987 (12 July to 21 August); 1988 (18 July to 16 August); 1989 (08 July to 15 August); 1991 (06 June to 25 July); 1992 (25 July to 31 August); 1994 (13 July to 07 August); 1995 (04 July to 09 August)"],
"producer" :["Institute of Meteorology and Water Management National Research Institute, Maritime Branch in Gdynia"],
"author" :["Marcin Wichorowski (Head of the Computer Centre and Data Bank)"],
"spatialCoverage" :["The data set comprises measurements on several stations in the following regions: - The main area comprising: the Arctic Seas (the Greenland, Iceland and Norwegian Seas) between latitudes 70 N - 77 N, longitudes 12 E - 17 E and the Arctic Front delimited by longitudes 2 41W - 3 05E and latitudes 70 54N - 72 32N. - Spitsbergens fjords (since 1989-1995). - The profile between latitudes 74 30N - 77 N and longitudes 1 E - 15 E (1988, 1989, 1991). - The profile along longitude 0 E and latitudes 65 N - 74 N (1988, 1989, 1991).\n- The profile on the Norwegian Sea between latitudes 63 N - 69 N and longitudes 3 2445W - 13 40E (1988, 1989).\n- The profile between Faroe and Shetland Islands (1988, 1989, 1991)."],
"url" :["https://edmed.seadatanet.org/report/1682/"],
"sponsor" :[],
"size" :[],
"sameAs" :[],
"publication" :[],
"provider" :["Institute of Meteorology and Water Management National Research Institute, Maritime Branch in Gdynia"],
"position" :[],
"name" :["Arctic Experiment (AREX) Optical Data Set (1987-95)"],
"measurementTechnique" :["None"],
"material" :[],
"maintainer" :[],
"locationCreated" :["Poland"],
"issn" :[],
"isPartOf" :[],
"isBasedOn" :[],
"isAccessibleForFree" :[],
"includedInDataCatalog" :[],
"editor" :[],
"editEIDR" :[],
"copyrightYear" :[],
"copyrightNotice" :[],
"copyrightHolder" :["Institute of Oceanology, Polish Academy of Sciences"],
"contributor" :["Institute of Oceanology, Polish Academy of Sciences"],
"contentReferenceTime" :["1987 (12 July to 21 August); 1988 (18 July to 16 August); 1989 (08 July to 15 August); 1991 (06 June to 25 July); 1992 (25 July to 31 August); 1994 (13 July to 07 August); 1995 (04 July to 09 August)"],
"contentLocation" :["Poland"],
"character" :[],
"acquireLicensePage" :[],
"accessModeSufficient" :[],
"about" :[],
"rights" :[],
"relation" :[],
"qualifiedRelation" :[],
"qualifiedAttribution" :[],
"previousVersion" :[],
"nextVersion" :[],
"landingPage" :[],
"isReferencedBy" :[],
"hasVersion" :[],
"hasPolicy" :[],
"hasCurrentVersion" :[],
"useConstraints" :[],
"status" :[],
"spatialRepresentationType" :[],
"spatialRepresentationInfo" :[],
"scope" :[],
"purpose" :[],
"otherLocale" :[],
"metadataProfile" :[],
"metadataLinkage" :[],
"metadataIdentifier" :[],
"environmentDescription" :[],
"distributionInfo" :["None"],
"dataQualityInfo" :[],
"contentInfo" :[],
"ResearchInfrastructure" :["SeaDataNet"],
"EssentialVariables" :[],
"potentialTopics" :["optical", "set", "data", "experiment", "arctic", "none", "column", "light", "absorption", "water"]
}