{
"description" :["The basic factors which are determinable of Black Sea ecological condition are: salinity of water, climate, balance of temperature, water dynamics and discharge of suspended load of rivers. According the research Black sea is ten more time polluted than central district of World ocean. The main sum is to estimate the molismological condition of Black sea."],
"identifier" :["GWMI_10"],
"keywords" :["Salinity of the water column; Temperature of the water column; Dissolved oxygen parameters in the water column"],
"language" :[],
"accessibilitySummary" :[],
"contact" :["Georgian Institute of Water Management of Georgian Technical University 60, I.Chavchavadze Ave. Tbilisi  0162 Georgia"],
"version" :[],
"temporalCoverage" :[],
"publisher" :["Georgian Institute of Water Management of Georgian Technical University"],
"spatial" :[],
"license" :[],
"citation" :[],
"genre" :[],
"creator" :["Georgian Institute of Water Management of Georgian Technical University"],
"modificationDate" :["2011-03-25"],
"distribution" :[],
"image" :[],
"thumbnailUrl" :[],
"headline" :[],
"abstract" :["The basic factors which are determinable of Black Sea ecological condition are: salinity of water, climate, balance of temperature, water dynamics and discharge of suspended load of rivers. According the research Black sea is ten more time polluted than central district of World ocean. The main sum is to estimate the molismological condition of Black sea."],
"theme" :[],
"dateCreated" :["2007-2008"],
"creditText" :[],
"datePublished" :["2007-2008"],
"producer" :["Iv.Javakhishvili Tbilisi State University, Centre of Relations with UNESCO Oceanological Research Centre and GeoDNA (UNESCO)"],
"author" :["Givi Gavardashvili"],
"spatialCoverage" :["Black Sea"],
"url" :["https://edmed.seadatanet.org/report/5228/"],
"sponsor" :[],
"size" :[],
"sameAs" :[],
"publication" :[],
"provider" :["Iv.Javakhishvili Tbilisi State University, Centre of Relations with UNESCO Oceanological Research Centre and GeoDNA (UNESCO)"],
"position" :[],
"name" :["The geo-ecological research of sensitive district of Black Sea coastal zone, 41.65N 41.77E"],
"measurementTechnique" :["Salinity sensor; water body temperature sensor; dissolved gas sensors"],
"material" :[],
"maintainer" :[],
"locationCreated" :["Georgia"],
"issn" :[],
"isPartOf" :[],
"isBasedOn" :[],
"isAccessibleForFree" :[],
"includedInDataCatalog" :[],
"editor" :[],
"editEIDR" :[],
"copyrightYear" :[],
"copyrightNotice" :[],
"copyrightHolder" :["Georgian Institute of Water Management of Georgian Technical University"],
"contributor" :["Georgian Institute of Water Management of Georgian Technical University"],
"contentReferenceTime" :["2007-2008"],
"contentLocation" :["Georgia"],
"character" :[],
"acquireLicensePage" :[],
"accessModeSufficient" :[],
"about" :[],
"rights" :[],
"relation" :[],
"qualifiedRelation" :[],
"qualifiedAttribution" :[],
"previousVersion" :[],
"nextVersion" :[],
"landingPage" :[],
"isReferencedBy" :[],
"hasVersion" :[],
"hasPolicy" :[],
"hasCurrentVersion" :[],
"useConstraints" :[],
"status" :[],
"spatialRepresentationType" :[],
"spatialRepresentationInfo" :[],
"scope" :[],
"purpose" :[],
"otherLocale" :[],
"metadataProfile" :[],
"metadataLinkage" :[],
"metadataIdentifier" :[],
"environmentDescription" :[],
"distributionInfo" :["None"],
"dataQualityInfo" :[],
"contentInfo" :[],
"ResearchInfrastructure" :["SeaDataNet"],
"EssentialVariables" :["Sea state", "Sea ice", "Sea level", "Sea surface temperature", "Subsurface temperature", "Sea surface currents", "Sea surface salinity", "subsurface salinity", "Dissolved organic carbon", "Oxygen"],
"potentialTopics" :["water", "column", "salinity", "dissolved", "temperature", "parameter", "oxygen", "sensor", "body", "gas", "black", "zone", "coastal", "district", "sea", "research", "sensitive"]
}