{
"description" :["Echo-sounder readings from moored instruments in the Greenland Sea providing thickness measurements to combine with AVHRR satellite data motion vectors and estimate ice flux at this latitude."],
"identifier" :["1018009"],
"keywords" :["Ice motion and related parameters"],
"language" :[],
"accessibilitySummary" :[],
"contact" :["Scott Polar Research Institute University of Cambridge\nLensfield Road Cambridge  CB2 1ER United Kingdom"],
"version" :[],
"temporalCoverage" :[],
"publisher" :["Scott Polar Research Institute"],
"spatial" :[],
"license" :[],
"citation" :[],
"genre" :[],
"creator" :["Scott Polar Research Institute"],
"modificationDate" :["2009-11-30"],
"distribution" :[],
"image" :[],
"thumbnailUrl" :[],
"headline" :[],
"abstract" :["Echo-sounder readings from moored instruments in the Greenland Sea providing thickness measurements to combine with AVHRR satellite data motion vectors and estimate ice flux at this latitude."],
"theme" :[],
"dateCreated" :["From August 1991 onwards"],
"creditText" :[],
"datePublished" :["From August 1991 onwards"],
"producer" :["British Oceanographic Data Centre"],
"author" :["Enquiries"],
"spatialCoverage" :["Greenland Sea at 75degN (EPOCH); Greenland Sea at 75degN, 78degN and 81degN (ESOP)"],
"url" :["https://edmed.seadatanet.org/report/291/"],
"sponsor" :[],
"size" :[],
"sameAs" :[],
"publication" :[],
"provider" :["British Oceanographic Data Centre"],
"position" :[],
"name" :["Arctic moored upward-looking sonar dataset plus AVHRR/SAR satellite data (1991-)"],
"measurementTechnique" :["Radar altimeters; sidescan sonars"],
"material" :[],
"maintainer" :[],
"locationCreated" :["United Kingdom"],
"issn" :[],
"isPartOf" :[],
"isBasedOn" :[],
"isAccessibleForFree" :[],
"includedInDataCatalog" :[],
"editor" :[],
"editEIDR" :[],
"copyrightYear" :[],
"copyrightNotice" :[],
"copyrightHolder" :["Scott Polar Research Institute"],
"contributor" :["Scott Polar Research Institute"],
"contentReferenceTime" :["From August 1991 onwards"],
"contentLocation" :["United Kingdom"],
"character" :[],
"acquireLicensePage" :[],
"accessModeSufficient" :[],
"about" :[],
"rights" :[],
"relation" :[],
"qualifiedRelation" :[],
"qualifiedAttribution" :[],
"previousVersion" :[],
"nextVersion" :[],
"landingPage" :[],
"isReferencedBy" :[],
"hasVersion" :[],
"hasPolicy" :[],
"hasCurrentVersion" :[],
"useConstraints" :[],
"status" :[],
"spatialRepresentationType" :[],
"spatialRepresentationInfo" :[],
"scope" :[],
"purpose" :[],
"otherLocale" :[],
"metadataProfile" :[],
"metadataLinkage" :[],
"metadataIdentifier" :[],
"environmentDescription" :[],
"distributionInfo" :["None"],
"dataQualityInfo" :[],
"contentInfo" :[],
"ResearchInfrastructure" :["SeaDataNet"],
"EssentialVariables" :["Sea ice"],
"potentialTopics" :["related", "ice", "parameter", "motion", "radar", "altimeter", "sonar", "plus", "satellite", "data", "moored", "arctic"]
}