{
"description" :[""],
"identifier" :["None"],
"keywords" :["Sediment grain size parameters"],
"language" :[],
"accessibilitySummary" :[],
"contact" :["None"],
"version" :[],
"temporalCoverage" :[],
"publisher" :["None"],
"spatial" :[],
"license" :[],
"citation" :[],
"genre" :[],
"creator" :["None"],
"modificationDate" :["None"],
"distribution" :[],
"image" :[],
"thumbnailUrl" :[],
"headline" :[],
"abstract" :[""],
"theme" :[],
"dateCreated" :["2006"],
"creditText" :[],
"datePublished" :["2006"],
"producer" :["None"],
"author" :["None"],
"spatialCoverage" :["Black Sea Georgian sector"],
"url" :["https://edmed.seadatanet.org/report/5283/"],
"sponsor" :[],
"size" :[],
"sameAs" :[],
"publication" :[],
"provider" :["None"],
"position" :[],
"name" :["Sea sediment grain size of the Georgian water area -2006"],
"measurementTechnique" :["Sediment grabs; balances and scales"],
"material" :[],
"maintainer" :[],
"locationCreated" :["Georgia"],
"issn" :[],
"isPartOf" :[],
"isBasedOn" :[],
"isAccessibleForFree" :[],
"includedInDataCatalog" :[],
"editor" :[],
"editEIDR" :[],
"copyrightYear" :[],
"copyrightNotice" :[],
"copyrightHolder" :["Scientific, Research Firm GAMMA"],
"contributor" :["Scientific, Research Firm GAMMA"],
"contentReferenceTime" :["2006"],
"contentLocation" :["Georgia"],
"character" :[],
"acquireLicensePage" :[],
"accessModeSufficient" :[],
"about" :[],
"rights" :[],
"relation" :[],
"qualifiedRelation" :[],
"qualifiedAttribution" :[],
"previousVersion" :[],
"nextVersion" :[],
"landingPage" :[],
"isReferencedBy" :[],
"hasVersion" :[],
"hasPolicy" :[],
"hasCurrentVersion" :[],
"useConstraints" :[],
"status" :[],
"spatialRepresentationType" :[],
"spatialRepresentationInfo" :[],
"scope" :[],
"purpose" :[],
"otherLocale" :[],
"metadataProfile" :[],
"metadataLinkage" :[],
"metadataIdentifier" :[],
"environmentDescription" :[],
"distributionInfo" :["None"],
"dataQualityInfo" :[],
"contentInfo" :[],
"ResearchInfrastructure" :["SeaDataNet"],
"EssentialVariables" :["Sea state", "Sea ice", "Sea level", "Subsurface temperature", "Sea surface currents", "Sea surface salinity", "subsurface salinity"],
"potentialTopics" :["sediment", "area", "water", "sea", "balance", "grab", "scale", "grain", "size", "parameter"]
}