{
"description" :["Project aims include the development of methodology for the assessment of the ecological status of upland rivers using fish as the tool for the assessment procedure. The following methodological steps will be followed: (a) Collection of data on human pressures in the study areas (b) Establishment of a biotic typology (c) Biological sampling in a number of stations (d) Selection of appropriate metrics (e) Assessment of reference conditions (f) Establishment of the metric scale that estimates deviation from the reference conditions (g) Development of a multimetric index for the assessment of ecological status of rivers. Procedures included site-specific fish sampling (153 sites) with electrofishing instruments, parallel recording of physicochemical parameters, description of habitat characteristics and assessment of anthropogenic pressures, in accordance with specific field protocols. Data were entered into ACCESS database. Quality control checks were performed."],
"identifier" :["6007010"],
"keywords" :["Fish behaviour; Habitat characterisation"],
"language" :[],
"accessibilitySummary" :[],
"contact" :["Hellenic Centre for Marine Research, Institute of Marine Biological Resources and Inland Waters, Dept. of Inland Waters 46.7 km Athens - Sounio av. Anavyssos Attiki 19013 Greece"],
"version" :[],
"temporalCoverage" :[],
"publisher" :["Hellenic Centre for Marine Research, Institute of Marine Biological Resources and Inland Waters, Dept. of Inland Waters"],
"spatial" :[],
"license" :[],
"citation" :[],
"genre" :[],
"creator" :["Hellenic Centre for Marine Research, Institute of Inland Waters, Environmental Research Department"],
"modificationDate" :["2015-08-28"],
"distribution" :[],
"image" :[],
"thumbnailUrl" :[],
"headline" :[],
"abstract" :["Project aims include the development of methodology for the assessment of the ecological status of upland rivers using fish as the tool for the assessment procedure. The following methodological steps will be followed: (a) Collection of data on human pressures in the study areas (b) Establishment of a biotic typology (c) Biological sampling in a number of stations (d) Selection of appropriate metrics (e) Assessment of reference conditions (f) Establishment of the metric scale that estimates deviation from the reference conditions (g) Development of a multimetric index for the assessment of ecological status of rivers. Procedures included site-specific fish sampling (153 sites) with electrofishing instruments, parallel recording of physicochemical parameters, description of habitat characteristics and assessment of anthropogenic pressures, in accordance with specific field protocols. Data were entered into ACCESS database. Quality control checks were performed."],
"theme" :[],
"dateCreated" :["2005 - 2007"],
"creditText" :[],
"datePublished" :["2005 - 2007"],
"producer" :["Hellenic Centre for Marine Research, Hellenic National Oceanographic Data Centre"],
"author" :["Dr A. Diapoulis"],
"spatialCoverage" :["Hydrographic basin areas Acheloos, Alfios, Arachthos, Aoos and Aliakmon"],
"url" :["https://edmed.seadatanet.org/report/1224/"],
"sponsor" :[],
"size" :[],
"sameAs" :[],
"publication" :[],
"provider" :["Hellenic Centre for Marine Research, Hellenic National Oceanographic Data Centre"],
"position" :[],
"name" :["Establishment of a multi-parametric ichthyological index for the assessment of the ecological status of upland streams and rivers, Greece"],
"measurementTechnique" :["None"],
"material" :[],
"maintainer" :[],
"locationCreated" :["Greece"],
"issn" :[],
"isPartOf" :[],
"isBasedOn" :[],
"isAccessibleForFree" :[],
"includedInDataCatalog" :[],
"editor" :[],
"editEIDR" :[],
"copyrightYear" :[],
"copyrightNotice" :[],
"copyrightHolder" :["Hellenic Centre for Marine Research, Institute of Marine Biological Resources and Inland Waters, Dept. of Inland Waters"],
"contributor" :["Hellenic Centre for Marine Research, Institute of Marine Biological Resources and Inland Waters, Dept. of Inland Waters"],
"contentReferenceTime" :["2005 - 2007"],
"contentLocation" :["Greece"],
"character" :[],
"acquireLicensePage" :[],
"accessModeSufficient" :[],
"about" :[],
"rights" :[],
"relation" :[],
"qualifiedRelation" :[],
"qualifiedAttribution" :[],
"previousVersion" :[],
"nextVersion" :[],
"landingPage" :[],
"isReferencedBy" :[],
"hasVersion" :[],
"hasPolicy" :[],
"hasCurrentVersion" :[],
"useConstraints" :[],
"status" :[],
"spatialRepresentationType" :[],
"spatialRepresentationInfo" :[],
"scope" :[],
"purpose" :[],
"otherLocale" :[],
"metadataProfile" :[],
"metadataLinkage" :[],
"metadataIdentifier" :[],
"environmentDescription" :[],
"distributionInfo" :["None"],
"dataQualityInfo" :[],
"contentInfo" :[],
"ResearchInfrastructure" :["SeaDataNet"],
"EssentialVariables" :["Fish abundace", "Marine Habitat Properties"],
"potentialTopics" :["habitat", "fish", "none", "index", "stream", "river", "assessment", "status", "upland", "establishment", "ichthyological", "ecological"]
}