{
"description" :["The main goal of the Annual CBD Reporting for Black Sea is monitoring and assessment of Black Sea biodiversity. According to the terms of reference the purpose of the Advisory Group on Conservation of the Biological Diversity (AG CDB) is to provide the commission with best possible advice and information on the state of biological diversity in the Black Sea and propose measures for its protection, conservation and sustainable use as it deems necessary for the implementation of the Bucharest Convention, its Protocols, and the Black Sea Strategic Action Plan. The source of information is the Black Sea Information System (BSIS) the CBD Data Base. The format for the data base (EXCEL) was elaborated at meeting of the Advisory Group on Conservation of Biological Diversity BSC. It consists of 22 sections in separate sheets by which all Black Sea states annually contribute information on the main components of the Black Sea ecosystem, protected species, territories, changes in environmental legislation, etc.\nMEFRI, as the Black Sea Regional Activity Center for Biodiversity Conservation collected materials which characterize the state of the Georgian Black Sea coast and sent El-format CBD Report in Black Sea Commission (Turkey, Istanbul). To study the biodiversity of the Georgian shelf of the Black Sea have been used the conventional research methods. By our last data the phytoplankton species composition includes 203 species and subspecies which related to the following systematic groups: Bacillariophyta, Dinophyta, Chlorophyta, Cyanophyta, Chrizophyta, Euglenophyta. In total 215 zoobenthic species have been recorded in the region. The intensity of development of the benthic fauna is as follows: 78 species worms, 66 species molluscs, 57 species are crustaceous and other 13 species. From 184 fish species and subspecies occurring in the Black Sea (Rass, 1987), at the beginning of the 80s in Georgian coastal zone were spread 104 species (Meskhidze, Burchuladze, 1984), at the beginning of the 21st century were recorded 69 species and subspecies (Komakhdze et al, 2003)."],
"identifier" :["39005017"],
"keywords" :["Zooplankton biovolume; Phytoplankton taxonomic abundance in water bodies"],
"language" :[],
"accessibilitySummary" :[],
"contact" :["Centre of Monitoring of Environmental Pollution of the Department of Hydrometeorology of Georgia N150, D. Agmashenebeli Ave. Tbilisi   Georgia"],
"version" :[],
"temporalCoverage" :[],
"publisher" :["Centre of Monitoring of Environmental Pollution of the Department of Hydrometeorology of Georgia"],
"spatial" :[],
"license" :[],
"citation" :[],
"genre" :[],
"creator" :["The Centre for Monitoring and Prognostication of the Ministry of Environmental Protection and Natural Resources"],
"modificationDate" :["2009-01-26"],
"distribution" :[],
"image" :[],
"thumbnailUrl" :[],
"headline" :[],
"abstract" :["The main goal of the Annual CBD Reporting for Black Sea is monitoring and assessment of Black Sea biodiversity. According to the terms of reference the purpose of the Advisory Group on Conservation of the Biological Diversity (AG CDB) is to provide the commission with best possible advice and information on the state of biological diversity in the Black Sea and propose measures for its protection, conservation and sustainable use as it deems necessary for the implementation of the Bucharest Convention, its Protocols, and the Black Sea Strategic Action Plan. The source of information is the Black Sea Information System (BSIS) the CBD Data Base. The format for the data base (EXCEL) was elaborated at meeting of the Advisory Group on Conservation of Biological Diversity BSC. It consists of 22 sections in separate sheets by which all Black Sea states annually contribute information on the main components of the Black Sea ecosystem, protected species, territories, changes in environmental legislation, etc.\nMEFRI, as the Black Sea Regional Activity Center for Biodiversity Conservation collected materials which characterize the state of the Georgian Black Sea coast and sent El-format CBD Report in Black Sea Commission (Turkey, Istanbul). To study the biodiversity of the Georgian shelf of the Black Sea have been used the conventional research methods. By our last data the phytoplankton species composition includes 203 species and subspecies which related to the following systematic groups: Bacillariophyta, Dinophyta, Chlorophyta, Cyanophyta, Chrizophyta, Euglenophyta. In total 215 zoobenthic species have been recorded in the region. The intensity of development of the benthic fauna is as follows: 78 species worms, 66 species molluscs, 57 species are crustaceous and other 13 species. From 184 fish species and subspecies occurring in the Black Sea (Rass, 1987), at the beginning of the 80s in Georgian coastal zone were spread 104 species (Meskhidze, Burchuladze, 1984), at the beginning of the 21st century were recorded 69 species and subspecies (Komakhdze et al, 2003)."],
"theme" :[],
"dateCreated" :["1995"],
"creditText" :[],
"datePublished" :["1995"],
"producer" :["Iv.Javakhishvili Tbilisi State University, Centre of Relations with UNESCO Oceanological Research Centre and GeoDNA (UNESCO)"],
"author" :["Ms. Tamar Maglakelidze (Dep. of informational Provision, Head)"],
"spatialCoverage" :["Black Sea Georgian coastal zone"],
"url" :["https://edmed.seadatanet.org/report/1807/"],
"sponsor" :[],
"size" :[],
"sameAs" :[],
"publication" :[],
"provider" :["Iv.Javakhishvili Tbilisi State University, Centre of Relations with UNESCO Oceanological Research Centre and GeoDNA (UNESCO)"],
"position" :[],
"name" :["Zooplankton quantity, abundance and biomass, Black Sea Georgian coastal zone (1995)"],
"measurementTechnique" :["Inapplicable"],
"material" :[],
"maintainer" :[],
"locationCreated" :["Georgia"],
"issn" :[],
"isPartOf" :[],
"isBasedOn" :[],
"isAccessibleForFree" :[],
"includedInDataCatalog" :[],
"editor" :[],
"editEIDR" :[],
"copyrightYear" :[],
"copyrightNotice" :[],
"copyrightHolder" :["Centre of Monitoring of Environmental Pollution of the Department of Hydrometeorology of Georgia"],
"contributor" :["Centre of Monitoring of Environmental Pollution of the Department of Hydrometeorology of Georgia"],
"contentReferenceTime" :["1995"],
"contentLocation" :["Georgia"],
"character" :[],
"acquireLicensePage" :[],
"accessModeSufficient" :[],
"about" :[],
"rights" :[],
"relation" :[],
"qualifiedRelation" :[],
"qualifiedAttribution" :[],
"previousVersion" :[],
"nextVersion" :[],
"landingPage" :[],
"isReferencedBy" :[],
"hasVersion" :[],
"hasPolicy" :[],
"hasCurrentVersion" :[],
"useConstraints" :[],
"status" :[],
"spatialRepresentationType" :[],
"spatialRepresentationInfo" :[],
"scope" :[],
"purpose" :[],
"otherLocale" :[],
"metadataProfile" :[],
"metadataLinkage" :[],
"metadataIdentifier" :[],
"environmentDescription" :[],
"distributionInfo" :["None"],
"dataQualityInfo" :[],
"contentInfo" :[],
"ResearchInfrastructure" :["SeaDataNet"],
"EssentialVariables" :["Sea state", "Sea ice", "Sea level", "Sea surface currents", "Dissolved organic carbon", "Plankton"],
"potentialTopics" :["biomass", "coastal", "zone", "sea", "quantity", "black", "zooplankton", "abundance", "inapplicable", "water", "phytoplankton", "taxonomic", "body"]
}