{
"description" :["The data set contains wave measures from the surface images of the navigation radars located in the Spanish coast"],
"identifier" :["8037003"],
"keywords" :["Wave direction; Wave height and period statistics"],
"language" :[],
"accessibilitySummary" :[],
"contact" :["Harbours Authority. Physical Environment Department Av. del Partenon 10 Madrid  28042 Spain"],
"version" :[],
"temporalCoverage" :[],
"publisher" :["Harbours Authority. Physical Environment Department"],
"spatial" :[],
"license" :[],
"citation" :[],
"genre" :[],
"creator" :["Harbours Authority. Physical Environment Department"],
"modificationDate" :["2010-03-24"],
"distribution" :[],
"image" :[],
"thumbnailUrl" :[],
"headline" :[],
"abstract" :["The data set contains wave measures from the surface images of the navigation radars located in the Spanish coast"],
"theme" :[],
"dateCreated" :["1993 onwards"],
"creditText" :[],
"datePublished" :["1993 onwards"],
"producer" :["IEO, Spanish Oceanographic Institute"],
"author" :["Not supplied (Director)"],
"spatialCoverage" :["Spanish coast"],
"url" :["https://edmed.seadatanet.org/report/2865/"],
"sponsor" :[],
"size" :[],
"sameAs" :[],
"publication" :[],
"provider" :["IEO, Spanish Oceanographic Institute"],
"position" :[],
"name" :["Wave and currents data from coastal navigation radars of Spain"],
"measurementTechnique" :["None"],
"material" :[],
"maintainer" :[],
"locationCreated" :["Spain"],
"issn" :[],
"isPartOf" :[],
"isBasedOn" :[],
"isAccessibleForFree" :[],
"includedInDataCatalog" :[],
"editor" :[],
"editEIDR" :[],
"copyrightYear" :[],
"copyrightNotice" :[],
"copyrightHolder" :["Harbours Authority. Physical Environment Department"],
"contributor" :["Harbours Authority. Physical Environment Department"],
"contentReferenceTime" :["1993 onwards"],
"contentLocation" :["Spain"],
"character" :[],
"acquireLicensePage" :[],
"accessModeSufficient" :[],
"about" :[],
"rights" :[],
"relation" :[],
"qualifiedRelation" :[],
"qualifiedAttribution" :[],
"previousVersion" :[],
"nextVersion" :[],
"landingPage" :[],
"isReferencedBy" :[],
"hasVersion" :[],
"hasPolicy" :[],
"hasCurrentVersion" :[],
"useConstraints" :[],
"status" :[],
"spatialRepresentationType" :[],
"spatialRepresentationInfo" :[],
"scope" :[],
"purpose" :[],
"otherLocale" :[],
"metadataProfile" :[],
"metadataLinkage" :[],
"metadataIdentifier" :[],
"environmentDescription" :[],
"distributionInfo" :["http://www.puertos.es"],
"dataQualityInfo" :[],
"contentInfo" :[],
"ResearchInfrastructure" :["SeaDataNet"],
"EssentialVariables" :[],
"potentialTopics" :["wave", "height", "direction", "period", "statistic", "none", "navigation", "radar", "data", "coastal", "current"]
}