{
"description" :["The wave data were collected in the framework of an environmental study in view of the deployment of a pipeline from Libyan offshore to Sicily. The data were sampled with a frequency of 1 to 2 Hz, with a duration of individual records of 20 minutes (1024 seconds for the Hermes buoy), at intervals of 90 minutes. The data sets are stored as a raw time series together with the related characteristic parameters Hs, Ts, Hm, Tm, Tz, obtained by Tucker method (M.J. Tucker, 1983: Analysis of records of sea waves, Proc. of the Inst. of Civil Eng., 26, 305-316)."],
"identifier" :["OGS-EDMED-27"],
"keywords" :["Wave height and period statistics"],
"language" :[],
"accessibilitySummary" :[],
"contact" :["National Institute of Oceanography and Applied Geophysics - Division of Oceanography Borgo Grotta Gigante 42/c Sgonico (Trieste)  34010 Italy"],
"version" :[],
"temporalCoverage" :[],
"publisher" :["National Institute of Oceanography and Applied Geophysics - Division of Oceanography"],
"spatial" :[],
"license" :[],
"citation" :[],
"genre" :[],
"creator" :["National Institute of Oceanography and Applied Geophysics - Division of Oceanography"],
"modificationDate" :["1992-11-17"],
"distribution" :[],
"image" :[],
"thumbnailUrl" :[],
"headline" :[],
"abstract" :["The wave data were collected in the framework of an environmental study in view of the deployment of a pipeline from Libyan offshore to Sicily. The data were sampled with a frequency of 1 to 2 Hz, with a duration of individual records of 20 minutes (1024 seconds for the Hermes buoy), at intervals of 90 minutes. The data sets are stored as a raw time series together with the related characteristic parameters Hs, Ts, Hm, Tm, Tz, obtained by Tucker method (M.J. Tucker, 1983: Analysis of records of sea waves, Proc. of the Inst. of Civil Eng., 26, 305-316)."],
"theme" :[],
"dateCreated" :["From July 1981 to July 1982"],
"creditText" :[],
"datePublished" :["From July 1981 to July 1982"],
"producer" :["National Institute of Oceanography and Applied Geophysics - Division of Oceanography"],
"author" :["Mosetti Renzo (Department Director)"],
"spatialCoverage" :["6 stations in the Central Mediterranean Sea from the Libyan Offshore to Capo Passero (Sicily)"],
"url" :["https://edmed.seadatanet.org/report/3958/"],
"sponsor" :[],
"size" :[],
"sameAs" :[],
"publication" :[],
"provider" :["National Institute of Oceanography and Applied Geophysics - Division of Oceanography"],
"position" :[],
"name" :["Wave data between Libya and Sicily (GASIL project: 1981-82)"],
"measurementTechnique" :["Unknown"],
"material" :[],
"maintainer" :[],
"locationCreated" :["Italy"],
"issn" :[],
"isPartOf" :[],
"isBasedOn" :[],
"isAccessibleForFree" :[],
"includedInDataCatalog" :[],
"editor" :[],
"editEIDR" :[],
"copyrightYear" :[],
"copyrightNotice" :[],
"copyrightHolder" :["National Institute of Oceanography and Applied Geophysics - Division of Oceanography"],
"contributor" :["National Institute of Oceanography and Applied Geophysics - Division of Oceanography"],
"contentReferenceTime" :["From July 1981 to July 1982"],
"contentLocation" :["Italy"],
"character" :[],
"acquireLicensePage" :[],
"accessModeSufficient" :[],
"about" :[],
"rights" :[],
"relation" :[],
"qualifiedRelation" :[],
"qualifiedAttribution" :[],
"previousVersion" :[],
"nextVersion" :[],
"landingPage" :[],
"isReferencedBy" :[],
"hasVersion" :[],
"hasPolicy" :[],
"hasCurrentVersion" :[],
"useConstraints" :[],
"status" :[],
"spatialRepresentationType" :[],
"spatialRepresentationInfo" :[],
"scope" :[],
"purpose" :[],
"otherLocale" :[],
"metadataProfile" :[],
"metadataLinkage" :[],
"metadataIdentifier" :[],
"environmentDescription" :[],
"distributionInfo" :["http://www.ogs.trieste.it"],
"dataQualityInfo" :[],
"contentInfo" :[],
"ResearchInfrastructure" :["SeaDataNet"],
"EssentialVariables" :[],
"potentialTopics" :["unknown", "project", "data", "wave", "statistic", "height", "period"]
}