{
"description" :["This project aims to provide an estimate of the extent to which microplastic concentrations are underestimated with traditional sampling. Sampling events focus on coastal waters, where microplastics are predicted to have the greatest influence on marine life, on both sides of the North Atlantic Ocean. Samples were collected in the Gulf of Maine (USA) in July 2013 and the western English Channel off the coast of Plymouth (UK) between July and September 2015. Microplastic debris was collected via surface trawls using 100, 333 and 500 micrometer nets. Data collection was funded by the Natural Environment Research Council (NERC Grant NE/L003988/1 and NE/L007010/1); University of Exeter and Plymouth Marine Laboratory collaboration fund; in-kind contributions from the Rozalia Project; March Limited of Bermuda philanthropic support."],
"identifier" :["1048NE_L007010_1_microplastics"],
"keywords" :["Litter abundance and type; Micro-litter in water bodies"],
"language" :[],
"accessibilitySummary" :[],
"contact" :["British Oceanographic Data Centre Joseph Proudman Building\n6 Brownlow Street Liverpool Merseyside L3 5DA United Kingdom"],
"version" :[],
"temporalCoverage" :[],
"publisher" :["British Oceanographic Data Centre"],
"spatial" :[],
"license" :[],
"citation" :[],
"genre" :[],
"creator" :["Plymouth Marine LaboratoryUniversity of Exeter"],
"modificationDate" :["2021-07-21"],
"distribution" :[],
"image" :[],
"thumbnailUrl" :[],
"headline" :[],
"abstract" :["This project aims to provide an estimate of the extent to which microplastic concentrations are underestimated with traditional sampling. Sampling events focus on coastal waters, where microplastics are predicted to have the greatest influence on marine life, on both sides of the North Atlantic Ocean. Samples were collected in the Gulf of Maine (USA) in July 2013 and the western English Channel off the coast of Plymouth (UK) between July and September 2015. Microplastic debris was collected via surface trawls using 100, 333 and 500 micrometer nets. Data collection was funded by the Natural Environment Research Council (NERC Grant NE/L003988/1 and NE/L007010/1); University of Exeter and Plymouth Marine Laboratory collaboration fund; in-kind contributions from the Rozalia Project; March Limited of Bermuda philanthropic support."],
"theme" :[],
"dateCreated" :["July 2013 and July-September 2015"],
"creditText" :[],
"datePublished" :["July 2013 and July-September 2015"],
"producer" :["British Oceanographic Data Centre"],
"author" :["Polly Hadiabdi (Head of the BODC Requests Team)"],
"spatialCoverage" :["None"],
"url" :["https://edmed.seadatanet.org/report/7114/"],
"sponsor" :[],
"size" :[],
"sameAs" :[],
"publication" :[],
"provider" :["British Oceanographic Data Centre"],
"position" :[],
"name" :["Bioavailability and biological effects of microscopic plastic debris in the ocean, in the Gulf of Maine (2013) and the Western English Channel (2015)"],
"measurementTechnique" :["Neuston net"],
"material" :[],
"maintainer" :[],
"locationCreated" :["United Kingdom"],
"issn" :[],
"isPartOf" :[],
"isBasedOn" :[],
"isAccessibleForFree" :[],
"includedInDataCatalog" :[],
"editor" :[],
"editEIDR" :[],
"copyrightYear" :[],
"copyrightNotice" :[],
"copyrightHolder" :["British Oceanographic Data Centre"],
"contributor" :["British Oceanographic Data Centre"],
"contentReferenceTime" :["July 2013 and July-September 2015"],
"contentLocation" :["United Kingdom"],
"character" :[],
"acquireLicensePage" :[],
"accessModeSufficient" :[],
"about" :[],
"rights" :[],
"relation" :[],
"qualifiedRelation" :[],
"qualifiedAttribution" :[],
"previousVersion" :[],
"nextVersion" :[],
"landingPage" :[],
"isReferencedBy" :[],
"hasVersion" :[],
"hasPolicy" :[],
"hasCurrentVersion" :[],
"useConstraints" :[],
"status" :[],
"spatialRepresentationType" :[],
"spatialRepresentationInfo" :[],
"scope" :[],
"purpose" :[],
"otherLocale" :[],
"metadataProfile" :[],
"metadataLinkage" :[],
"metadataIdentifier" :[],
"environmentDescription" :[],
"distributionInfo" :["https://www.bodc.ac.uk/data/published_data_library/catalogue/10.5285/c2b2d36e-27b9-7cd5-e053-6c86abc024f1/"],
"dataQualityInfo" :[],
"contentInfo" :[],
"ResearchInfrastructure" :["SeaDataNet"],
"EssentialVariables" :["Sea surface currents", "Ocean colour", "Ocean Sound", "Dissolved organic carbon"],
"potentialTopics" :["effect", "gulf", "debris", "western", "plastic", "biological", "english", "microscopic", "channel", "ocean", "litter", "water", "abundance", "body", "type", "net"]
}