{
"description" :["The data set comprises continuous hourly recordings of electrical potential across the Dover Strait, which relate to the flux of water, over the period 1955-1965 and part of 1968-1969, together with parallel measurements of sea temperature and pressure. Voltages on telegraph cables were measured almost continuously by pen recording milliammeters installed at Dover since 1954. The d.c. potential between the inner conductor of the cable and its screen is measured through a 2.2 kohm resistor in series with a milliammeter, whose internal resistance was of order 1 kohm. The screen was earthed at both the English and French ends, and at the French end the conductor is also effectively earthed (through inductive elements) as far as low frequency voltage variations were concerned. Thus the voltage recorded at St. Margarets Bay is effectively the difference in earth potentials between the particular coastal points in England and France. A 0.003F capacitance in parallel with the milliammeter shunted out voltage variations with time scales less than about half a minute. For calibration, a standard voltage cell was switched in place of the cable on occasions.  For parallel measurements of sea temperature (related to conductivity) and local wind conditions, 6-hourly temperatures and barometric pressures from the Noord Hinder Light Vessel, the pressures from the Terschellinger Bank Light Vessel and the 6-hourly pressures from Gorlston (East Anglia) were used. Data for sea salinity at the Varne Light Vessel were extracted from International Council for the Exploration of the Sea (ICES) publications."],
"identifier" :["1048037"],
"keywords" :["Air pressure; Electrical conductivity of the water column; Wind strength and direction; Vertical velocity of the water column (currents); Salinity of the water column; Horizontal velocity of the water column (currents); Temperature of the water column"],
"language" :[],
"accessibilitySummary" :[],
"contact" :["British Oceanographic Data Centre Joseph Proudman Building\n6 Brownlow Street Liverpool Merseyside L3 5DA United Kingdom"],
"version" :[],
"temporalCoverage" :[],
"publisher" :["British Oceanographic Data Centre"],
"spatial" :[],
"license" :[],
"citation" :[],
"genre" :[],
"creator" :["Institute of Oceanographic Sciences, Bidston Laboratory"],
"modificationDate" :["2010-09-28"],
"distribution" :[],
"image" :[],
"thumbnailUrl" :[],
"headline" :[],
"abstract" :["The data set comprises continuous hourly recordings of electrical potential across the Dover Strait, which relate to the flux of water, over the period 1955-1965 and part of 1968-1969, together with parallel measurements of sea temperature and pressure. Voltages on telegraph cables were measured almost continuously by pen recording milliammeters installed at Dover since 1954. The d.c. potential between the inner conductor of the cable and its screen is measured through a 2.2 kohm resistor in series with a milliammeter, whose internal resistance was of order 1 kohm. The screen was earthed at both the English and French ends, and at the French end the conductor is also effectively earthed (through inductive elements) as far as low frequency voltage variations were concerned. Thus the voltage recorded at St. Margarets Bay is effectively the difference in earth potentials between the particular coastal points in England and France. A 0.003F capacitance in parallel with the milliammeter shunted out voltage variations with time scales less than about half a minute. For calibration, a standard voltage cell was switched in place of the cable on occasions.  For parallel measurements of sea temperature (related to conductivity) and local wind conditions, 6-hourly temperatures and barometric pressures from the Noord Hinder Light Vessel, the pressures from the Terschellinger Bank Light Vessel and the 6-hourly pressures from Gorlston (East Anglia) were used. Data for sea salinity at the Varne Light Vessel were extracted from International Council for the Exploration of the Sea (ICES) publications."],
"theme" :[],
"dateCreated" :["From 1955 to 1965, from 1968 to 1969"],
"creditText" :[],
"datePublished" :["From 1955 to 1965, from 1968 to 1969"],
"producer" :["British Oceanographic Data Centre"],
"author" :["Polly Hadiabdi (Head of the BODC Requests Team)"],
"spatialCoverage" :["Dover Strait, English Channel"],
"url" :["https://edmed.seadatanet.org/report/178/"],
"sponsor" :[],
"size" :[],
"sameAs" :[],
"publication" :[],
"provider" :["British Oceanographic Data Centre"],
"position" :[],
"name" :["Dover-Sangatte (Dover Strait) cable voltage series (1955-1969)"],
"measurementTechnique" :["Anemometers; meteorological packages; sea level recorders; current meters; salinity sensor"],
"material" :[],
"maintainer" :[],
"locationCreated" :["United Kingdom"],
"issn" :[],
"isPartOf" :[],
"isBasedOn" :[],
"isAccessibleForFree" :[],
"includedInDataCatalog" :[],
"editor" :[],
"editEIDR" :[],
"copyrightYear" :[],
"copyrightNotice" :[],
"copyrightHolder" :["British Oceanographic Data Centre"],
"contributor" :["British Oceanographic Data Centre"],
"contentReferenceTime" :["From 1955 to 1965, from 1968 to 1969"],
"contentLocation" :["United Kingdom"],
"character" :[],
"acquireLicensePage" :[],
"accessModeSufficient" :[],
"about" :[],
"rights" :[],
"relation" :[],
"qualifiedRelation" :[],
"qualifiedAttribution" :[],
"previousVersion" :[],
"nextVersion" :[],
"landingPage" :[],
"isReferencedBy" :[],
"hasVersion" :[],
"hasPolicy" :[],
"hasCurrentVersion" :[],
"useConstraints" :[],
"status" :[],
"spatialRepresentationType" :[],
"spatialRepresentationInfo" :[],
"scope" :[],
"purpose" :[],
"otherLocale" :[],
"metadataProfile" :[],
"metadataLinkage" :[],
"metadataIdentifier" :[],
"environmentDescription" :[],
"distributionInfo" :["None"],
"dataQualityInfo" :[],
"contentInfo" :[],
"ResearchInfrastructure" :["SeaDataNet"],
"EssentialVariables" :["Sea state", "Sea ice", "Sea level", "Sea surface temperature", "Subsurface temperature", "Sea surface currents", "Sea surface salinity", "subsurface salinity", "Ocean Sound"],
"potentialTopics" :["strait", "voltage", "cable", "series", "water", "column", "velocity", "current", "conductivity", "direction", "salinity", "temperature", "horizontal", "strength", "pressure", "air", "package", "sensor", "meteorological", "sea", "meter", "level", "anemometer", "recorder"]
}