{
"description" :["Project gives an assessment of natural and anthropological factors on the stability of marine geological environment. Recommendations for mitigation of negative impact are introduced."],
"identifier" :["39004003"],
"keywords" :["Sediment grain size parameters"],
"language" :[],
"accessibilitySummary" :[],
"contact" :["Institute of Hydrogeology and engineering geology of Georgian Academy of Sciences 52 Dimitry Uznadze str.. Tbilisi  0102 Georgia"],
"version" :[],
"temporalCoverage" :[],
"publisher" :["Institute of Hydrogeology and engineering geology of Georgian Academy of Sciences"],
"spatial" :[],
"license" :[],
"citation" :[],
"genre" :[],
"creator" :["Institute of Hydrogeology and engineering geology of Georgian Academy of Sciences"],
"modificationDate" :["2009-01-27"],
"distribution" :[],
"image" :[],
"thumbnailUrl" :[],
"headline" :[],
"abstract" :["Project gives an assessment of natural and anthropological factors on the stability of marine geological environment. Recommendations for mitigation of negative impact are introduced."],
"theme" :[],
"dateCreated" :["1988-1991"],
"creditText" :[],
"datePublished" :["1988-1991"],
"producer" :["Iv.Javakhishvili Tbilisi State University, Centre of Relations with UNESCO Oceanological Research Centre and GeoDNA (UNESCO)"],
"author" :["Prof. Guram Buachidze (Director)"],
"spatialCoverage" :["Georgian Black Sea coast, the mouth areas of Rv. Maltakva and Rv. Ocumi"],
"url" :["https://edmed.seadatanet.org/report/1760/"],
"sponsor" :[],
"size" :[],
"sameAs" :[],
"publication" :[],
"provider" :["Iv.Javakhishvili Tbilisi State University, Centre of Relations with UNESCO Oceanological Research Centre and GeoDNA (UNESCO)"],
"position" :[],
"name" :["Granulometric parameters of sands from the mouths of the Rv. Maltakva and Rv. Ocumi"],
"measurementTechnique" :["Bench particle sizers"],
"material" :[],
"maintainer" :[],
"locationCreated" :["Georgia"],
"issn" :[],
"isPartOf" :[],
"isBasedOn" :[],
"isAccessibleForFree" :[],
"includedInDataCatalog" :[],
"editor" :[],
"editEIDR" :[],
"copyrightYear" :[],
"copyrightNotice" :[],
"copyrightHolder" :["Institute of Hydrogeology and engineering geology of Georgian Academy of Sciences"],
"contributor" :["Institute of Hydrogeology and engineering geology of Georgian Academy of Sciences"],
"contentReferenceTime" :["1988-1991"],
"contentLocation" :["Georgia"],
"character" :[],
"acquireLicensePage" :[],
"accessModeSufficient" :[],
"about" :[],
"rights" :[],
"relation" :[],
"qualifiedRelation" :[],
"qualifiedAttribution" :[],
"previousVersion" :[],
"nextVersion" :[],
"landingPage" :[],
"isReferencedBy" :[],
"hasVersion" :[],
"hasPolicy" :[],
"hasCurrentVersion" :[],
"useConstraints" :[],
"status" :[],
"spatialRepresentationType" :[],
"spatialRepresentationInfo" :[],
"scope" :[],
"purpose" :[],
"otherLocale" :[],
"metadataProfile" :[],
"metadataLinkage" :[],
"metadataIdentifier" :[],
"environmentDescription" :[],
"distributionInfo" :["None"],
"dataQualityInfo" :[],
"contentInfo" :[],
"ResearchInfrastructure" :["SeaDataNet"],
"EssentialVariables" :["Subsurface temperature", "Sea surface salinity", "subsurface salinity", "Particulate matter"],
"potentialTopics" :["sediment", "size", "grain", "parameter", "particle", "bench", "sand", "mouth"]
}