{
"description" :["Total depth of moorings: 20 m and 30 m; Measurement levels: near bottom, mid-depth and near surface; Sampling rate: 5 min (RCM), 10 min (TR). For details of the research objectives underlying the data collecting activities of the University of Lisbon Group of Oceanography (GOUL) please refer to the Data Holding Centre Description for GOUL."],
"identifier" :["15013006"],
"keywords" :["Electrical conductivity of the water column; Vertical velocity of the water column (currents); Horizontal velocity of the water column (currents); Temperature of the water column"],
"language" :[],
"accessibilitySummary" :[],
"contact" :["University of Lisbon, Department of Physics, Group of Oceanography Rua de Escola Politecnica 58 Lisboa Lisboa 1269-102 Portugal"],
"version" :[],
"temporalCoverage" :[],
"publisher" :["University of Lisbon, Department of Physics, Group of Oceanography"],
"spatial" :[],
"license" :[],
"citation" :[],
"genre" :[],
"creator" :["University of Lisbon, Department of Physics, Group of Oceanography"],
"modificationDate" :["2009-10-30"],
"distribution" :[],
"image" :[],
"thumbnailUrl" :[],
"headline" :[],
"abstract" :["Total depth of moorings: 20 m and 30 m; Measurement levels: near bottom, mid-depth and near surface; Sampling rate: 5 min (RCM), 10 min (TR). For details of the research objectives underlying the data collecting activities of the University of Lisbon Group of Oceanography (GOUL) please refer to the Data Holding Centre Description for GOUL."],
"theme" :[],
"dateCreated" :["From 7 November to 6 December 1989"],
"creditText" :[],
"datePublished" :["From 7 November to 6 December 1989"],
"producer" :["Hydrographic Institute"],
"author" :["Prof. Isabel Ambar or Prof. Armando Fiuza"],
"spatialCoverage" :["Tejo (Tagus) estuary, Portugal (2 different locations)"],
"url" :["https://edmed.seadatanet.org/report/2195/"],
"sponsor" :[],
"size" :[],
"sameAs" :[],
"publication" :[],
"provider" :["Hydrographic Institute"],
"position" :[],
"name" :["Currents in Tagus Estuary, Portugal (1989)"],
"measurementTechnique" :["CTD; current meters"],
"material" :[],
"maintainer" :[],
"locationCreated" :["Portugal"],
"issn" :[],
"isPartOf" :[],
"isBasedOn" :[],
"isAccessibleForFree" :[],
"includedInDataCatalog" :[],
"editor" :[],
"editEIDR" :[],
"copyrightYear" :[],
"copyrightNotice" :[],
"copyrightHolder" :["University of Lisbon, Department of Physics, Group of Oceanography"],
"contributor" :["University of Lisbon, Department of Physics, Group of Oceanography"],
"contentReferenceTime" :["From 7 November to 6 December 1989"],
"contentLocation" :["Portugal"],
"character" :[],
"acquireLicensePage" :[],
"accessModeSufficient" :[],
"about" :[],
"rights" :[],
"relation" :[],
"qualifiedRelation" :[],
"qualifiedAttribution" :[],
"previousVersion" :[],
"nextVersion" :[],
"landingPage" :[],
"isReferencedBy" :[],
"hasVersion" :[],
"hasPolicy" :[],
"hasCurrentVersion" :[],
"useConstraints" :[],
"status" :[],
"spatialRepresentationType" :[],
"spatialRepresentationInfo" :[],
"scope" :[],
"purpose" :[],
"otherLocale" :[],
"metadataProfile" :[],
"metadataLinkage" :[],
"metadataIdentifier" :[],
"environmentDescription" :[],
"distributionInfo" :["None"],
"dataQualityInfo" :[],
"contentInfo" :[],
"ResearchInfrastructure" :["SeaDataNet"],
"EssentialVariables" :["Sea surface temperature", "Subsurface temperature"],
"potentialTopics" :["column", "water", "current", "velocity", "conductivity", "horizontal", "temperature", "vertical", "electrical", "meter", "estuary"]
}