{
"description" :["Long-term of regular observations of wind parameters were held for a period of 20 years."],
"identifier" :["39007002"],
"keywords" :["Precipitation and evaporation; Wind strength and direction"],
"language" :[],
"accessibilitySummary" :[],
"contact" :["Kolkheti (City of Poti) Hydrographical Observatory (Deltaic) of the Department of Hydrometeorology of Georgia 55 Zeragia Str Poti   Georgia"],
"version" :[],
"temporalCoverage" :[],
"publisher" :["Kolkheti (City of Poti) Hydrographical Observatory (Deltaic) of the Department of Hydrometeorology of Georgia"],
"spatial" :[],
"license" :[],
"citation" :[],
"genre" :[],
"creator" :["Kolkheti (City of Poti) Hydrographical Observatory (Deltaic) of the Department of Hydrometeorology of Georgia"],
"modificationDate" :["2009-01-24"],
"distribution" :[],
"image" :[],
"thumbnailUrl" :[],
"headline" :[],
"abstract" :["Long-term of regular observations of wind parameters were held for a period of 20 years."],
"theme" :[],
"dateCreated" :["1949 -2005"],
"creditText" :[],
"datePublished" :["1949 -2005"],
"producer" :["Iv.Javakhishvili Tbilisi State University, Centre of Relations with UNESCO Oceanological Research Centre and GeoDNA (UNESCO)"],
"author" :["Marina Goginava (Head)"],
"spatialCoverage" :["Georgian Black Sea coast, Port of Poti"],
"url" :["https://edmed.seadatanet.org/report/1834/"],
"sponsor" :[],
"size" :[],
"sameAs" :[],
"publication" :[],
"provider" :["Iv.Javakhishvili Tbilisi State University, Centre of Relations with UNESCO Oceanological Research Centre and GeoDNA (UNESCO)"],
"position" :[],
"name" :["Wind direction and mean amount of doldrums, Port of Poti"],
"measurementTechnique" :["Anemometers; precipitation samplers"],
"material" :[],
"maintainer" :[],
"locationCreated" :["Georgia"],
"issn" :[],
"isPartOf" :[],
"isBasedOn" :[],
"isAccessibleForFree" :[],
"includedInDataCatalog" :[],
"editor" :[],
"editEIDR" :[],
"copyrightYear" :[],
"copyrightNotice" :[],
"copyrightHolder" :["Kolkheti (City of Poti) Hydrographical Observatory (Deltaic) of the Department of Hydrometeorology of Georgia"],
"contributor" :["Kolkheti (City of Poti) Hydrographical Observatory (Deltaic) of the Department of Hydrometeorology of Georgia"],
"contentReferenceTime" :["1949 -2005"],
"contentLocation" :["Georgia"],
"character" :[],
"acquireLicensePage" :[],
"accessModeSufficient" :[],
"about" :[],
"rights" :[],
"relation" :[],
"qualifiedRelation" :[],
"qualifiedAttribution" :[],
"previousVersion" :[],
"nextVersion" :[],
"landingPage" :[],
"isReferencedBy" :[],
"hasVersion" :[],
"hasPolicy" :[],
"hasCurrentVersion" :[],
"useConstraints" :[],
"status" :[],
"spatialRepresentationType" :[],
"spatialRepresentationInfo" :[],
"scope" :[],
"purpose" :[],
"otherLocale" :[],
"metadataProfile" :[],
"metadataLinkage" :[],
"metadataIdentifier" :[],
"environmentDescription" :[],
"distributionInfo" :["None"],
"dataQualityInfo" :[],
"contentInfo" :[],
"ResearchInfrastructure" :["SeaDataNet"],
"EssentialVariables" :["Subsurface temperature"],
"potentialTopics" :["direction", "port", "wind", "amount", "doldrums", "mean", "precipitation", "anemometer", "sampler", "evaporation", "strength"]
}