{
"description" :["BGS has drilled almost 600 boreholes to prove seismic interpretations of the marine Quaternary geology and bedrock from the sea areas around the UK. The boreholes penetrate beneath the sea bed to depths ranging from about 10m to over 300m depending on the target depth or technical problems associated with drilling the borehole. The data set includes the descriptive geological core logs, core material and in some cases natural gamma logs. A variety of analyses has been conducted on the core material depending on the test requirements for each borehole. The main types of analyses are PSA, micropalaeontological, geotechnical, palaeomagnetic and age dating. Core material is available for examination, testing or subsampling."],
"identifier" :["1047007"],
"keywords" :["Geotechnics; Ice age; Sediment grain size parameters; Palaeoclimatic indicators and parameters; Rock age; Rock alteration; Rock grain size; Sediment age; Sedimentary structure; Depositional environment"],
"language" :[],
"accessibilitySummary" :[],
"contact" :["British Geological Survey (Edinburgh) The Lyell Centre Edinburgh Midlothian EH14 4AP United Kingdom"],
"version" :[],
"temporalCoverage" :[],
"publisher" :["British Geological Survey (Edinburgh)"],
"spatial" :[],
"license" :[],
"citation" :[],
"genre" :[],
"creator" :["British Geological Survey (Edinburgh)"],
"modificationDate" :["2010-12-18"],
"distribution" :[],
"image" :[],
"thumbnailUrl" :[],
"headline" :[],
"abstract" :["BGS has drilled almost 600 boreholes to prove seismic interpretations of the marine Quaternary geology and bedrock from the sea areas around the UK. The boreholes penetrate beneath the sea bed to depths ranging from about 10m to over 300m depending on the target depth or technical problems associated with drilling the borehole. The data set includes the descriptive geological core logs, core material and in some cases natural gamma logs. A variety of analyses has been conducted on the core material depending on the test requirements for each borehole. The main types of analyses are PSA, micropalaeontological, geotechnical, palaeomagnetic and age dating. Core material is available for examination, testing or subsampling."],
"theme" :[],
"dateCreated" :["From 1969 onwards"],
"creditText" :[],
"datePublished" :["From 1969 onwards"],
"producer" :["British Oceanographic Data Centre"],
"author" :["BGS Enquiries"],
"spatialCoverage" :["UK continental shelf and adjacent slopes"],
"url" :["https://edmed.seadatanet.org/report/638/"],
"sponsor" :[],
"size" :[],
"sameAs" :[],
"publication" :[],
"provider" :["British Oceanographic Data Centre"],
"position" :[],
"name" :["Marine borehole logs, data and materials from the UK continental shelf and adjacent slopes (1969-)"],
"measurementTechnique" :["Unconsolidated sediment corers; rock corers; observers"],
"material" :[],
"maintainer" :[],
"locationCreated" :["United Kingdom"],
"issn" :[],
"isPartOf" :[],
"isBasedOn" :[],
"isAccessibleForFree" :[],
"includedInDataCatalog" :[],
"editor" :[],
"editEIDR" :[],
"copyrightYear" :[],
"copyrightNotice" :[],
"copyrightHolder" :["British Geological Survey (Edinburgh)"],
"contributor" :["British Geological Survey (Edinburgh)"],
"contentReferenceTime" :["From 1969 onwards"],
"contentLocation" :["United Kingdom"],
"character" :[],
"acquireLicensePage" :[],
"accessModeSufficient" :[],
"about" :[],
"rights" :[],
"relation" :[],
"qualifiedRelation" :[],
"qualifiedAttribution" :[],
"previousVersion" :[],
"nextVersion" :[],
"landingPage" :[],
"isReferencedBy" :[],
"hasVersion" :[],
"hasPolicy" :[],
"hasCurrentVersion" :[],
"useConstraints" :[],
"status" :[],
"spatialRepresentationType" :[],
"spatialRepresentationInfo" :[],
"scope" :[],
"purpose" :[],
"otherLocale" :[],
"metadataProfile" :[],
"metadataLinkage" :[],
"metadataIdentifier" :[],
"environmentDescription" :[],
"distributionInfo" :["None"],
"dataQualityInfo" :[],
"contentInfo" :[],
"ResearchInfrastructure" :["SeaDataNet"],
"EssentialVariables" :["Subsurface temperature", "Sea surface salinity", "subsurface salinity", "Marine Habitat Properties"],
"potentialTopics" :["unconsolidated", "observer", "corer", "sediment", "rock", "log", "borehole", "shelf", "slope", "material", "adjacent", "data", "marine", "continental", "age", "parameter", "grain", "size", "indicator", "structure", "depositional"]
}