{
"description" :["Temperature data collected via temperature loggers in the Burrishoole Catchment."],
"identifier" :["f0c356c8-4c5c-11df-9879-0800200c9a66"],
"keywords" :["Date and time; Air temperature"],
"language" :[],
"accessibilitySummary" :[],
"contact" :["Marine Institute Rinville\n\n Oranmore Co. Galway H91 R673 Ireland"],
"version" :[],
"temporalCoverage" :[],
"publisher" :["Marine Institute"],
"spatial" :[],
"license" :[],
"citation" :[],
"genre" :[],
"creator" :["Marine Institute"],
"modificationDate" :["2010-04-26"],
"distribution" :[],
"image" :[],
"thumbnailUrl" :[],
"headline" :[],
"abstract" :["Temperature data collected via temperature loggers in the Burrishoole Catchment."],
"theme" :[],
"dateCreated" :["Burrishoole Catchment temperature monitoring, 2000-2010."],
"creditText" :[],
"datePublished" :["Burrishoole Catchment temperature monitoring, 2000-2010."],
"producer" :["Marine Institute"],
"author" :["Trevor Alcorn (Scientific &amp; Technical Officer)"],
"spatialCoverage" :["None"],
"url" :["https://edmed.seadatanet.org/report/1963/"],
"sponsor" :[],
"size" :[],
"sameAs" :[],
"publication" :[],
"provider" :["Marine Institute"],
"position" :[],
"name" :["Burrishoole Catchment Temperature Loggers"],
"measurementTechnique" :["Unknown"],
"material" :[],
"maintainer" :[],
"locationCreated" :["Ireland"],
"issn" :[],
"isPartOf" :[],
"isBasedOn" :[],
"isAccessibleForFree" :[],
"includedInDataCatalog" :[],
"editor" :[],
"editEIDR" :[],
"copyrightYear" :[],
"copyrightNotice" :[],
"copyrightHolder" :["Marine Institute"],
"contributor" :["Marine Institute"],
"contentReferenceTime" :["Burrishoole Catchment temperature monitoring, 2000-2010."],
"contentLocation" :["Ireland"],
"character" :[],
"acquireLicensePage" :[],
"accessModeSufficient" :[],
"about" :[],
"rights" :[],
"relation" :[],
"qualifiedRelation" :[],
"qualifiedAttribution" :[],
"previousVersion" :[],
"nextVersion" :[],
"landingPage" :[],
"isReferencedBy" :[],
"hasVersion" :[],
"hasPolicy" :[],
"hasCurrentVersion" :[],
"useConstraints" :[],
"status" :[],
"spatialRepresentationType" :[],
"spatialRepresentationInfo" :[],
"scope" :[],
"purpose" :[],
"otherLocale" :[],
"metadataProfile" :[],
"metadataLinkage" :[],
"metadataIdentifier" :[],
"environmentDescription" :[],
"distributionInfo" :["http://www.marine.ie/datarequests"],
"dataQualityInfo" :[],
"contentInfo" :[],
"ResearchInfrastructure" :["SeaDataNet"],
"EssentialVariables" :["Sea surface temperature", "Subsurface temperature"],
"potentialTopics" :["unknown", "temperature", "logger", "catchment", "air", "time", "date"]
}