{
"description" :["Approximately 150 hours of video records were made of lobster behaviour to determine their adaptations to a burrowing existence and their habitat requirements in terms of space and nearest neighbour distances."],
"identifier" :["1029016"],
"keywords" :["Zooplankton and zoobenthos morphological parameters; Habitat characterisation; Zooplankton and zoobenthos physiological condition parameters; Zoobenthos taxonomy-related counts; Zooplankton and zoobenthos development stage parameters; Date and time"],
"language" :[],
"accessibilitySummary" :[],
"contact" :["Centre for Environment, Fisheries and Aquaculture Science, Lowestoft Laboratory Pakefield Road\n Lowestoft Suffolk NR33 OHT United Kingdom"],
"version" :[],
"temporalCoverage" :[],
"publisher" :["Centre for Environment, Fisheries and Aquaculture Science, Lowestoft Laboratory"],
"spatial" :[],
"license" :[],
"citation" :[],
"genre" :[],
"creator" :["Centre for Environment, Fisheries and Aquaculture Science, Lowestoft Laboratory"],
"modificationDate" :["2009-10-08"],
"distribution" :[],
"image" :[],
"thumbnailUrl" :[],
"headline" :[],
"abstract" :["Approximately 150 hours of video records were made of lobster behaviour to determine their adaptations to a burrowing existence and their habitat requirements in terms of space and nearest neighbour distances."],
"theme" :[],
"dateCreated" :["From 1989 to 1994"],
"creditText" :[],
"datePublished" :["From 1989 to 1994"],
"producer" :["British Oceanographic Data Centre"],
"author" :["Contracts Office, CEFAS, Lowestoft"],
"spatialCoverage" :["Laboratory studies with hatchery-reared juvenile lobsters"],
"url" :["https://edmed.seadatanet.org/report/400/"],
"sponsor" :[],
"size" :[],
"sameAs" :[],
"publication" :[],
"provider" :["British Oceanographic Data Centre"],
"position" :[],
"name" :["Lobster behaviour records from laboratory studies (1989-1994)"],
"measurementTechnique" :["Cameras; in-situ incubators; observers"],
"material" :[],
"maintainer" :[],
"locationCreated" :["United Kingdom"],
"issn" :[],
"isPartOf" :[],
"isBasedOn" :[],
"isAccessibleForFree" :[],
"includedInDataCatalog" :[],
"editor" :[],
"editEIDR" :[],
"copyrightYear" :[],
"copyrightNotice" :[],
"copyrightHolder" :["Centre for Environment, Fisheries and Aquaculture Science, Lowestoft Laboratory"],
"contributor" :["Centre for Environment, Fisheries and Aquaculture Science, Lowestoft Laboratory"],
"contentReferenceTime" :["From 1989 to 1994"],
"contentLocation" :["United Kingdom"],
"character" :[],
"acquireLicensePage" :[],
"accessModeSufficient" :[],
"about" :[],
"rights" :[],
"relation" :[],
"qualifiedRelation" :[],
"qualifiedAttribution" :[],
"previousVersion" :[],
"nextVersion" :[],
"landingPage" :[],
"isReferencedBy" :[],
"hasVersion" :[],
"hasPolicy" :[],
"hasCurrentVersion" :[],
"useConstraints" :[],
"status" :[],
"spatialRepresentationType" :[],
"spatialRepresentationInfo" :[],
"scope" :[],
"purpose" :[],
"otherLocale" :[],
"metadataProfile" :[],
"metadataLinkage" :[],
"metadataIdentifier" :[],
"environmentDescription" :[],
"distributionInfo" :["http://www.cefas.co.uk/"],
"dataQualityInfo" :[],
"contentInfo" :[],
"ResearchInfrastructure" :["SeaDataNet"],
"EssentialVariables" :["Marine Habitat Properties", "Plankton"],
"potentialTopics" :["zooplankton", "parameter", "date", "stage", "habitat", "morphological", "count", "condition", "development", "physiological", "record", "lobster", "laboratory", "study", "camera", "incubator", "observer", "time"]
}