{
"description" :["The data set consists of physical and chemical data collected twice a year between 1990 and 1995, on 3 W-E transects in front of Danube mouths, sampling at the standard depths. The data are stored by cruises, each oceanographic station header giving the date, time, position and station code. For each standard depth, the values of physical and chemical parameters are given."],
"identifier" :["41001071"],
"keywords" :["Dissolved oxygen parameters in the water column; Nitrate concentration parameters in the water column; Nitrite concentration parameters in the water column; Phosphate concentration parameters in the water column; Salinity of the water column; Secchi disk depth; Silicate concentration parameters in the water column; Temperature of the water column; Air temperature; Density of the water column"],
"language" :[],
"accessibilitySummary" :[],
"contact" :["National Institute for Marine Research and Development Grigore Antipa 300 Mamaia Blvd. Constanta  900581 Romania"],
"version" :[],
"temporalCoverage" :[],
"publisher" :["National Institute for Marine Research and Development Grigore Antipa"],
"spatial" :[],
"license" :[],
"citation" :[],
"genre" :[],
"creator" :["National Institute for Marine Research and Development Grigore Antipa"],
"modificationDate" :["2009-05-26"],
"distribution" :[],
"image" :[],
"thumbnailUrl" :[],
"headline" :[],
"abstract" :["The data set consists of physical and chemical data collected twice a year between 1990 and 1995, on 3 W-E transects in front of Danube mouths, sampling at the standard depths. The data are stored by cruises, each oceanographic station header giving the date, time, position and station code. For each standard depth, the values of physical and chemical parameters are given."],
"theme" :[],
"dateCreated" :["30/05/1990 - 20/10/1995"],
"creditText" :[],
"datePublished" :["30/05/1990 - 20/10/1995"],
"producer" :["National Institute for Marine Research and Development Grigore Antipa"],
"author" :["Dr. Eng. Simion Nicolaev (Managing Director)"],
"spatialCoverage" :["Area in front of Danube mounths\n44 41 - 45 08 N; 29 27 - 30 11E"],
"url" :["https://edmed.seadatanet.org/report/2410/"],
"sponsor" :[],
"size" :[],
"sameAs" :[],
"publication" :[],
"provider" :["National Institute for Marine Research and Development Grigore Antipa"],
"position" :[],
"name" :["Marine hydrology - Danube mouths 1990 - 1995"],
"measurementTechnique" :["Discrete water samplers"],
"material" :[],
"maintainer" :[],
"locationCreated" :["Romania"],
"issn" :[],
"isPartOf" :[],
"isBasedOn" :[],
"isAccessibleForFree" :[],
"includedInDataCatalog" :[],
"editor" :[],
"editEIDR" :[],
"copyrightYear" :[],
"copyrightNotice" :[],
"copyrightHolder" :["National Institute for Marine Research and Development Grigore Antipa"],
"contributor" :["National Institute for Marine Research and Development Grigore Antipa"],
"contentReferenceTime" :["30/05/1990 - 20/10/1995"],
"contentLocation" :["Romania"],
"character" :[],
"acquireLicensePage" :[],
"accessModeSufficient" :[],
"about" :[],
"rights" :[],
"relation" :[],
"qualifiedRelation" :[],
"qualifiedAttribution" :[],
"previousVersion" :[],
"nextVersion" :[],
"landingPage" :[],
"isReferencedBy" :[],
"hasVersion" :[],
"hasPolicy" :[],
"hasCurrentVersion" :[],
"useConstraints" :[],
"status" :[],
"spatialRepresentationType" :[],
"spatialRepresentationInfo" :[],
"scope" :[],
"purpose" :[],
"otherLocale" :[],
"metadataProfile" :[],
"metadataLinkage" :[],
"metadataIdentifier" :[],
"environmentDescription" :[],
"distributionInfo" :["None"],
"dataQualityInfo" :[],
"contentInfo" :[],
"ResearchInfrastructure" :["SeaDataNet"],
"EssentialVariables" :["Sea surface temperature", "Subsurface temperature", "Sea surface salinity", "subsurface salinity", "Inorganic Carbon", "Marine Habitat Properties"],
"potentialTopics" :["water", "discrete", "mouth", "sampler", "hydrology", "marine", "air", "depth", "nitrate", "density", "parameter", "column", "temperature", "concentration", "disk", "phosphate", "dissolved", "salinity", "nitrite"]
}