{
"description" :["The MEDATLAS project had the following objectives: to update the available data sets of temperature and salinity profiles measured in the Mediterranean Sea, to check the data Quality (QC) for scientific use according to the IOC and MAST recommendations, to merge the compiled data sets and update the climatological statistics with a resolution adapted to the Mediterranean space scales and to make available the numerical data on a user friendly medium. On the long term the project aimed to improve the data safeguarding, the data quality and to facilitate the preparation of the experimental and numerical scientific programmes. The MEDATLAS hydrological database has been created by a consortium of several data centres, including HNODC (Greece), IEO (Spain), SHOM and IFREMER (France) and ICES (Denmark)."],
"identifier" :["6005009"],
"keywords" :["Ammonium and ammonia concentration parameters in water bodies; Chlorophyll pigment concentrations in sediment; Dissolved oxygen parameters in the water column; Nitrate concentration parameters in the water column; Silicate concentration parameters in the water column; Concentration of proteins in the water column; Phaeopigment concentrations in the water column; Alkalinity, acidity and pH of the water column"],
"language" :[],
"accessibilitySummary" :[],
"contact" :["Hellenic Centre for Marine Research, Hellenic National Oceanographic Data Centre 46.7 km Athinon-Souniou Av.\nP.O.Box 712 Anavissos  19013 Greece"],
"version" :[],
"temporalCoverage" :[],
"publisher" :["Hellenic Centre for Marine Research, Hellenic National Oceanographic Data Centre"],
"spatial" :[],
"license" :[],
"citation" :[],
"genre" :[],
"creator" :["UNKNOWN"],
"modificationDate" :["2015-07-17"],
"distribution" :[],
"image" :[],
"thumbnailUrl" :[],
"headline" :[],
"abstract" :["The MEDATLAS project had the following objectives: to update the available data sets of temperature and salinity profiles measured in the Mediterranean Sea, to check the data Quality (QC) for scientific use according to the IOC and MAST recommendations, to merge the compiled data sets and update the climatological statistics with a resolution adapted to the Mediterranean space scales and to make available the numerical data on a user friendly medium. On the long term the project aimed to improve the data safeguarding, the data quality and to facilitate the preparation of the experimental and numerical scientific programmes. The MEDATLAS hydrological database has been created by a consortium of several data centres, including HNODC (Greece), IEO (Spain), SHOM and IFREMER (France) and ICES (Denmark)."],
"theme" :[],
"dateCreated" :["From February 1906 to December 1991"],
"creditText" :[],
"datePublished" :["From February 1906 to December 1991"],
"producer" :["Hellenic Centre for Marine Research, Hellenic National Oceanographic Data Centre"],
"author" :["A. Iona"],
"spatialCoverage" :["Mediterranean Sea, Black Sea"],
"url" :["https://edmed.seadatanet.org/report/1180/"],
"sponsor" :[],
"size" :[],
"sameAs" :[],
"publication" :[],
"provider" :["Hellenic Centre for Marine Research, Hellenic National Oceanographic Data Centre"],
"position" :[],
"name" :["MEDATLAS Chemical and Biochemical Data of the Mediterranean and the Black Sea (1906-1991)"],
"measurementTechnique" :["None"],
"material" :[],
"maintainer" :[],
"locationCreated" :["Greece"],
"issn" :[],
"isPartOf" :[],
"isBasedOn" :[],
"isAccessibleForFree" :[],
"includedInDataCatalog" :[],
"editor" :[],
"editEIDR" :[],
"copyrightYear" :[],
"copyrightNotice" :[],
"copyrightHolder" :["Hellenic Centre for Marine Research, Hellenic National Oceanographic Data Centre"],
"contributor" :["Hellenic Centre for Marine Research, Hellenic National Oceanographic Data Centre"],
"contentReferenceTime" :["From February 1906 to December 1991"],
"contentLocation" :["Greece"],
"character" :[],
"acquireLicensePage" :[],
"accessModeSufficient" :[],
"about" :[],
"rights" :[],
"relation" :[],
"qualifiedRelation" :[],
"qualifiedAttribution" :[],
"previousVersion" :[],
"nextVersion" :[],
"landingPage" :[],
"isReferencedBy" :[],
"hasVersion" :[],
"hasPolicy" :[],
"hasCurrentVersion" :[],
"useConstraints" :[],
"status" :[],
"spatialRepresentationType" :[],
"spatialRepresentationInfo" :[],
"scope" :[],
"purpose" :[],
"otherLocale" :[],
"metadataProfile" :[],
"metadataLinkage" :[],
"metadataIdentifier" :[],
"environmentDescription" :[],
"distributionInfo" :["http://mapserver.ath.hcmr.gr/pagin/v27/index_new.php"],
"dataQualityInfo" :[],
"contentInfo" :[],
"ResearchInfrastructure" :["SeaDataNet"],
"EssentialVariables" :["Sea state", "Sea ice", "Sea level", "Subsurface temperature", "Sea surface currents", "Sea surface salinity", "subsurface salinity", "Dissolved organic carbon", "Oxygen"],
"potentialTopics" :["water", "concentration", "column", "parameter", "ammonium", "nitrate", "alkalinity", "pigment", "silicate", "oxygen", "sea", "data", "biochemical", "chemical", "black", "none", "protein", "dissolved", "acidity", "sediment", "body"]
}