{
"description" :["The aim of the study is the assessment of the Psittalia outfalls (Athens sewage treatment plant) on the Saronikos gulf ecosystem. Monthly data of temperature, salinity, turbidity, nutrients, dissolved oxygen, POC, DOC, phytoplankton, zooplankton were collected in the water column of the Inner Saronikos Gulf and Elefsis Bay, whereas seasonally data were collected in the Outer Saronikos Gulf and the western basin. Phytoplankton (chlorophyll-a) and zooplankton biomass were studied monthly; phytoplankton and zooplankton species composition was studied seasonally at selected stations. Phytobenthos (community composition and structure) data were collected seasonally and macrozoobenthos (community composition and structure) were collected once per year. Phytoplankton and phytobenthos productivity data were collected seasonally."],
"identifier" :["6010023"],
"keywords" :["Zoobenthos taxonomic abundance"],
"language" :[],
"accessibilitySummary" :[],
"contact" :["Hellenic Centre for Marine Research, Institute of Oceanography 46.7 km Athinon-Souniou Av.\nP.O.Box 712 Anavyssos  19013 Greece"],
"version" :[],
"temporalCoverage" :[],
"publisher" :["Hellenic Centre for Marine Research, Institute of Oceanography"],
"spatial" :[],
"license" :[],
"citation" :[],
"genre" :[],
"creator" :["Hellenic Centre for Marine Research, Institute of Oceanography"],
"modificationDate" :["2015-03-27"],
"distribution" :[],
"image" :[],
"thumbnailUrl" :[],
"headline" :[],
"abstract" :["The aim of the study is the assessment of the Psittalia outfalls (Athens sewage treatment plant) on the Saronikos gulf ecosystem. Monthly data of temperature, salinity, turbidity, nutrients, dissolved oxygen, POC, DOC, phytoplankton, zooplankton were collected in the water column of the Inner Saronikos Gulf and Elefsis Bay, whereas seasonally data were collected in the Outer Saronikos Gulf and the western basin. Phytoplankton (chlorophyll-a) and zooplankton biomass were studied monthly; phytoplankton and zooplankton species composition was studied seasonally at selected stations. Phytobenthos (community composition and structure) data were collected seasonally and macrozoobenthos (community composition and structure) were collected once per year. Phytoplankton and phytobenthos productivity data were collected seasonally."],
"theme" :[],
"dateCreated" :["May 2000 - June 2004"],
"creditText" :[],
"datePublished" :["May 2000 - June 2004"],
"producer" :["Hellenic Centre for Marine Research, Hellenic National Oceanographic Data Centre"],
"author" :["Dr I. Siokou"],
"spatialCoverage" :["Saronikos Gulf"],
"url" :["https://edmed.seadatanet.org/report/1258/"],
"sponsor" :[],
"size" :[],
"sameAs" :[],
"publication" :[],
"provider" :["Hellenic Centre for Marine Research, Hellenic National Oceanographic Data Centre"],
"position" :[],
"name" :["PSITTALIA Benthos data set (Saronikos Gulf, 2000-2004)"],
"measurementTechnique" :["Unconsolidated sediment corers"],
"material" :[],
"maintainer" :[],
"locationCreated" :["Greece"],
"issn" :[],
"isPartOf" :[],
"isBasedOn" :[],
"isAccessibleForFree" :[],
"includedInDataCatalog" :[],
"editor" :[],
"editEIDR" :[],
"copyrightYear" :[],
"copyrightNotice" :[],
"copyrightHolder" :["Hellenic Centre for Marine Research, Institute of Oceanography"],
"contributor" :["Hellenic Centre for Marine Research, Institute of Oceanography"],
"contentReferenceTime" :["May 2000 - June 2004"],
"contentLocation" :["Greece"],
"character" :[],
"acquireLicensePage" :[],
"accessModeSufficient" :[],
"about" :[],
"rights" :[],
"relation" :[],
"qualifiedRelation" :[],
"qualifiedAttribution" :[],
"previousVersion" :[],
"nextVersion" :[],
"landingPage" :[],
"isReferencedBy" :[],
"hasVersion" :[],
"hasPolicy" :[],
"hasCurrentVersion" :[],
"useConstraints" :[],
"status" :[],
"spatialRepresentationType" :[],
"spatialRepresentationInfo" :[],
"scope" :[],
"purpose" :[],
"otherLocale" :[],
"metadataProfile" :[],
"metadataLinkage" :[],
"metadataIdentifier" :[],
"environmentDescription" :[],
"distributionInfo" :["None"],
"dataQualityInfo" :[],
"contentInfo" :[],
"ResearchInfrastructure" :["SeaDataNet"],
"EssentialVariables" :["Subsurface temperature", "Sea surface salinity", "subsurface salinity"],
"potentialTopics" :["sediment", "unconsolidated", "corer", "taxonomic", "abundance", "gulf", "data", "set", "benthos"]
}