{
"description" :["Environmental monitoring of the Black Sea Poti Sea Port was carried out, under contract, by the scientific research firm GAMMA between 2012 and 2014. As part of the monitoring programme, the port sea area water quality was assessed four times per year at three separate stations. Water samples were collected for the analysis of Biochemical Oxygen Demand (BOD), suspended matter and dissolved oxygen.  The main objectives of monitoring were to determine the temporal and spatial variability of controlled parameters, assess the state of the environment in the sea port area and to understand the environmental impact of these changes to the water quality of the sea port operational area."],
"identifier" :["GAMMA_72_P_14_W"],
"keywords" :["Concentration of suspended particulate material in the water column; Dissolved oxygen parameters in the water column"],
"language" :[],
"accessibilitySummary" :[],
"contact" :["Scientific, Research Firm GAMMA 17A , Guramishvili av. 0192, Tbilisi, Georgia Tbilisi  0192 Georgia"],
"version" :[],
"temporalCoverage" :[],
"publisher" :["Scientific, Research Firm GAMMA"],
"spatial" :[],
"license" :[],
"citation" :[],
"genre" :[],
"creator" :["Scientific, Research Firm GAMMA"],
"modificationDate" :["2015-07-23"],
"distribution" :[],
"image" :[],
"thumbnailUrl" :[],
"headline" :[],
"abstract" :["Environmental monitoring of the Black Sea Poti Sea Port was carried out, under contract, by the scientific research firm GAMMA between 2012 and 2014. As part of the monitoring programme, the port sea area water quality was assessed four times per year at three separate stations. Water samples were collected for the analysis of Biochemical Oxygen Demand (BOD), suspended matter and dissolved oxygen.  The main objectives of monitoring were to determine the temporal and spatial variability of controlled parameters, assess the state of the environment in the sea port area and to understand the environmental impact of these changes to the water quality of the sea port operational area."],
"theme" :[],
"dateCreated" :["2012 - 2014"],
"creditText" :[],
"datePublished" :["2012 - 2014"],
"producer" :["Iv.Javakhishvili Tbilisi State University, Centre of Relations with UNESCO Oceanological Research Centre and GeoDNA (UNESCO)"],
"author" :["Vakhtang Gvakharia"],
"spatialCoverage" :["Black sea Georgian sector, Poti sea port area"],
"url" :["https://edmed.seadatanet.org/report/6236/"],
"sponsor" :[],
"size" :[],
"sameAs" :[],
"publication" :[],
"provider" :["Iv.Javakhishvili Tbilisi State University, Centre of Relations with UNESCO Oceanological Research Centre and GeoDNA (UNESCO)"],
"position" :[],
"name" :["Water quality monitoring of the Poti Sea Port in the Black Sea by GAMMA: suspended matter and dissolved oxygen (2012 - 2014)"],
"measurementTechnique" :["Balances and scales; dissolved gas sensors"],
"material" :[],
"maintainer" :[],
"locationCreated" :["Georgia"],
"issn" :[],
"isPartOf" :[],
"isBasedOn" :[],
"isAccessibleForFree" :[],
"includedInDataCatalog" :[],
"editor" :[],
"editEIDR" :[],
"copyrightYear" :[],
"copyrightNotice" :[],
"copyrightHolder" :["Scientific, Research Firm GAMMA"],
"contributor" :["Scientific, Research Firm GAMMA"],
"contentReferenceTime" :["2012 - 2014"],
"contentLocation" :["Georgia"],
"character" :[],
"acquireLicensePage" :[],
"accessModeSufficient" :[],
"about" :[],
"rights" :[],
"relation" :[],
"qualifiedRelation" :[],
"qualifiedAttribution" :[],
"previousVersion" :[],
"nextVersion" :[],
"landingPage" :[],
"isReferencedBy" :[],
"hasVersion" :[],
"hasPolicy" :[],
"hasCurrentVersion" :[],
"useConstraints" :[],
"status" :[],
"spatialRepresentationType" :[],
"spatialRepresentationInfo" :[],
"scope" :[],
"purpose" :[],
"otherLocale" :[],
"metadataProfile" :[],
"metadataLinkage" :[],
"metadataIdentifier" :[],
"environmentDescription" :[],
"distributionInfo" :["None"],
"dataQualityInfo" :[],
"contentInfo" :[],
"ResearchInfrastructure" :["SeaDataNet"],
"EssentialVariables" :["Sea state", "Sea ice", "Sea level", "Sea surface currents", "Particulate matter", "Oxygen"],
"potentialTopics" :["water", "column", "suspended", "oxygen", "dissolved", "material", "particulate", "parameter", "concentration", "sensor", "balance", "gas", "scale", "sea", "monitoring", "quality", "black", "matter", "gamma", "port"]
}