{
"description" :["Ports and Harbours for Co. Donegal, Co. Mayo, and Co. Galway. This data provided by partners in the National Coastal Infrastructure Service project."],
"identifier" :["coastal.iePortsHarbours"],
"keywords" :["Transport activity; Platform or instrument orientation"],
"language" :[],
"accessibilitySummary" :[],
"contact" :["Marine Institute Rinville\n\n Oranmore Co. Galway H91 R673 Ireland"],
"version" :[],
"temporalCoverage" :[],
"publisher" :["Marine Institute"],
"spatial" :[],
"license" :[],
"citation" :[],
"genre" :[],
"creator" :["Marine Institute"],
"modificationDate" :["2011-06-30"],
"distribution" :[],
"image" :[],
"thumbnailUrl" :[],
"headline" :[],
"abstract" :["Ports and Harbours for Co. Donegal, Co. Mayo, and Co. Galway. This data provided by partners in the National Coastal Infrastructure Service project."],
"theme" :[],
"dateCreated" :["31/12/2005"],
"creditText" :[],
"datePublished" :["31/12/2005"],
"producer" :["Marine Institute"],
"author" :["Jacinta McCreanor (Team Leader)"],
"spatialCoverage" :["Co. Donegal, Co. Mayo, Co. Galway &amp; Co. Kerry."],
"url" :["https://edmed.seadatanet.org/report/5731/"],
"sponsor" :[],
"size" :[],
"sameAs" :[],
"publication" :[],
"provider" :["Marine Institute"],
"position" :[],
"name" :["National Coastal Infrastructure Service Ports &amp; Harbours"],
"measurementTechnique" :["Unknown"],
"material" :[],
"maintainer" :[],
"locationCreated" :["Ireland"],
"issn" :[],
"isPartOf" :[],
"isBasedOn" :[],
"isAccessibleForFree" :[],
"includedInDataCatalog" :[],
"editor" :[],
"editEIDR" :[],
"copyrightYear" :[],
"copyrightNotice" :[],
"copyrightHolder" :["Marine Institute"],
"contributor" :["Marine Institute"],
"contentReferenceTime" :["31/12/2005"],
"contentLocation" :["Ireland"],
"character" :[],
"acquireLicensePage" :[],
"accessModeSufficient" :[],
"about" :[],
"rights" :[],
"relation" :[],
"qualifiedRelation" :[],
"qualifiedAttribution" :[],
"previousVersion" :[],
"nextVersion" :[],
"landingPage" :[],
"isReferencedBy" :[],
"hasVersion" :[],
"hasPolicy" :[],
"hasCurrentVersion" :[],
"useConstraints" :[],
"status" :[],
"spatialRepresentationType" :[],
"spatialRepresentationInfo" :[],
"scope" :[],
"purpose" :[],
"otherLocale" :[],
"metadataProfile" :[],
"metadataLinkage" :[],
"metadataIdentifier" :[],
"environmentDescription" :[],
"distributionInfo" :["http://www.coastal.ie/"],
"dataQualityInfo" :[],
"contentInfo" :[],
"ResearchInfrastructure" :["SeaDataNet"],
"EssentialVariables" :[],
"potentialTopics" :["service", "amp", "port", "national", "infrastructure", "coastal", "unknown", "orientation", "activity", "platform", "instrument", "transport"]
}