{
"description" :["The aim of the study was to collect water quality data to support the impact assessment of the major discharges to the outer Dee estuary.  At 4 sites continuous water quality monitors were deployed on sea bed frames. At the same sites two 13 hour surveys were carried out taking half hourly depth profile measurements.  The study also included 6 longitudinal estuary runs, depth profiling at 14 sites."],
"identifier" :["1038001"],
"keywords" :["Dissolved oxygen parameters in the water column; Salinity of the water column; Temperature of the water column; Alkalinity, acidity and pH of the water column"],
"language" :[],
"accessibilitySummary" :[],
"contact" :["Environment Agency Wales Rivers House\nS. Mellons Business Park\n\n Cardiff  CF3 0LT United Kingdom"],
"version" :[],
"temporalCoverage" :[],
"publisher" :["Environment Agency Wales"],
"spatial" :[],
"license" :[],
"citation" :[],
"genre" :[],
"creator" :["Environment Agency Wales"],
"modificationDate" :["2009-12-01"],
"distribution" :[],
"image" :[],
"thumbnailUrl" :[],
"headline" :[],
"abstract" :["The aim of the study was to collect water quality data to support the impact assessment of the major discharges to the outer Dee estuary.  At 4 sites continuous water quality monitors were deployed on sea bed frames. At the same sites two 13 hour surveys were carried out taking half hourly depth profile measurements.  The study also included 6 longitudinal estuary runs, depth profiling at 14 sites."],
"theme" :[],
"dateCreated" :["From 1 September 1992 to 20 October 1992"],
"creditText" :[],
"datePublished" :["From 1 September 1992 to 20 October 1992"],
"producer" :["British Oceanographic Data Centre"],
"author" :["Dr. A.S. Gee"],
"spatialCoverage" :["4 sites between Mostyn Dock and Flint Point; 14 sites between Mostyn and Connahs Quay"],
"url" :["https://edmed.seadatanet.org/report/593/"],
"sponsor" :[],
"size" :[],
"sameAs" :[],
"publication" :[],
"provider" :["British Oceanographic Data Centre"],
"position" :[],
"name" :["Water quality monitoring in the Dee estuary, southern Irish Sea (September-October 1992)"],
"measurementTechnique" :["Sea level recorders; salinity sensor; pH sensors; dissolved gas sensors"],
"material" :[],
"maintainer" :[],
"locationCreated" :["United Kingdom"],
"issn" :[],
"isPartOf" :[],
"isBasedOn" :[],
"isAccessibleForFree" :[],
"includedInDataCatalog" :[],
"editor" :[],
"editEIDR" :[],
"copyrightYear" :[],
"copyrightNotice" :[],
"copyrightHolder" :["Environment Agency Wales"],
"contributor" :["Environment Agency Wales"],
"contentReferenceTime" :["From 1 September 1992 to 20 October 1992"],
"contentLocation" :["United Kingdom"],
"character" :[],
"acquireLicensePage" :[],
"accessModeSufficient" :[],
"about" :[],
"rights" :[],
"relation" :[],
"qualifiedRelation" :[],
"qualifiedAttribution" :[],
"previousVersion" :[],
"nextVersion" :[],
"landingPage" :[],
"isReferencedBy" :[],
"hasVersion" :[],
"hasPolicy" :[],
"hasCurrentVersion" :[],
"useConstraints" :[],
"status" :[],
"spatialRepresentationType" :[],
"spatialRepresentationInfo" :[],
"scope" :[],
"purpose" :[],
"otherLocale" :[],
"metadataProfile" :[],
"metadataLinkage" :[],
"metadataIdentifier" :[],
"environmentDescription" :[],
"distributionInfo" :["None"],
"dataQualityInfo" :[],
"contentInfo" :[],
"ResearchInfrastructure" :["SeaDataNet"],
"EssentialVariables" :["Sea state", "Sea ice", "Sea level", "Sea surface temperature", "Subsurface temperature", "Sea surface currents", "Sea surface salinity", "subsurface salinity", "Oxygen"],
"potentialTopics" :["sensor", "sea", "level", "recorder", "gas", "southern", "estuary", "monitoring", "quality", "dissolved", "water", "column", "salinity", "acidity", "oxygen", "parameter", "alkalinity", "temperature"]
}