{
"description" :["Task of investigations: Studies of actual loads of nutrients and their dissolved fractions discharged into the Black sea from the Dnieper-Bug estuary throughg the Kinburn Strait."],
"identifier" :["SC1_NutrKinburn"],
"keywords" :["Sea level; Date and time; Nitrate concentration parameters in the water column; Phosphate concentration parameters in the water column; River flow and discharge; Dissolved total and organic nitrogen concentrations in the water column; Dissolved total or organic phosphorus concentration in the water column; Temperature of the water column; Salinity of the water column; Ammonium and ammonia concentration parameters in water bodies; Silicate concentration parameters in the water column; Dissolved oxygen parameters in the water column; Nitrite concentration parameters in the water column; Horizontal velocity of the water column (currents)"],
"language" :[],
"accessibilitySummary" :[],
"contact" :["Ukrainian Hydrometeorological Institute, Marine Branch 37, Prospekt Nauki Kiev  03028 Ukraine"],
"version" :[],
"temporalCoverage" :[],
"publisher" :["Ukrainian Hydrometeorological Institute, Marine Branch"],
"spatial" :[],
"license" :[],
"citation" :[],
"genre" :[],
"creator" :["Ukrainian Hydrometeorological Institute, Marine Branch"],
"modificationDate" :["2011-03-25"],
"distribution" :[],
"image" :[],
"thumbnailUrl" :[],
"headline" :[],
"abstract" :["Task of investigations: Studies of actual loads of nutrients and their dissolved fractions discharged into the Black sea from the Dnieper-Bug estuary throughg the Kinburn Strait."],
"theme" :[],
"dateCreated" :["1-year measurements, 2003-2004"],
"creditText" :[],
"datePublished" :["1-year measurements, 2003-2004"],
"producer" :["Marine Hydrophysical Institute"],
"author" :["Yuriy ILYIN"],
"spatialCoverage" :["Kiliya Delta of the Danube River"],
"url" :["https://edmed.seadatanet.org/report/5316/"],
"sponsor" :[],
"size" :[],
"sameAs" :[],
"publication" :[],
"provider" :["Marine Hydrophysical Institute"],
"position" :[],
"name" :["SC1 Nutrients input from Dnieper and South Bug rivers via the Kinburn Strait"],
"measurementTechnique" :["Sea level recorders; colorimeters; titrators; current meters; water temperature sensor"],
"material" :[],
"maintainer" :[],
"locationCreated" :["Ukraine"],
"issn" :[],
"isPartOf" :[],
"isBasedOn" :[],
"isAccessibleForFree" :[],
"includedInDataCatalog" :[],
"editor" :[],
"editEIDR" :[],
"copyrightYear" :[],
"copyrightNotice" :[],
"copyrightHolder" :["Ukrainian Hydrometeorological Institute, Marine Branch"],
"contributor" :["Ukrainian Hydrometeorological Institute, Marine Branch"],
"contentReferenceTime" :["1-year measurements, 2003-2004"],
"contentLocation" :["Ukraine"],
"character" :[],
"acquireLicensePage" :[],
"accessModeSufficient" :[],
"about" :[],
"rights" :[],
"relation" :[],
"qualifiedRelation" :[],
"qualifiedAttribution" :[],
"previousVersion" :[],
"nextVersion" :[],
"landingPage" :[],
"isReferencedBy" :[],
"hasVersion" :[],
"hasPolicy" :[],
"hasCurrentVersion" :[],
"useConstraints" :[],
"status" :[],
"spatialRepresentationType" :[],
"spatialRepresentationInfo" :[],
"scope" :[],
"purpose" :[],
"otherLocale" :[],
"metadataProfile" :[],
"metadataLinkage" :[],
"metadataIdentifier" :[],
"environmentDescription" :[],
"distributionInfo" :["None"],
"dataQualityInfo" :[],
"contentInfo" :[],
"ResearchInfrastructure" :["SeaDataNet"],
"EssentialVariables" :["Sea state", "Sea ice", "Sea level", "Sea surface temperature", "Subsurface temperature", "Sea surface currents", "subsurface salinity", "Ocean Sound", "Nutrients", "Nitrous oxide", "Dissolved organic carbon", "Nitrous Oxide", "Oxygen"],
"potentialTopics" :["river", "strait", "south", "input", "via", "bug", "nutrient", "water", "column", "parameter", "current", "level", "sea", "temperature", "sensor", "recorder", "colorimeter", "meter", "concentration", "dissolved", "organic", "total", "oxygen", "nitrogen"]
}