{
"description" :["The data comprise raw and processed observations made at nine\nstations throughout the world using the La Coste and Romberg earth tide\ngravitymeters together with the results of tidal analyses.\n\nChart output was digitised and all manual adjustments to the instrument were\nrecorded (movements of the pen, gain changes). This is the raw data set held.\nThe manual adjustments were then corrected for and the data calibrated. Some\ndata sets have been X0 filtered to remove instrumental drift. This is the\nprocessed data set held.\n\nThese data were then fed into a standard tidal analysis program. Input\nparameters used, and the resulting output, are held."],
"identifier" :["1054014"],
"keywords" :["Sea level; Gravity"],
"language" :[],
"accessibilitySummary" :[],
"contact" :["Proudman Oceanographic Laboratory Joseph Proudman Building\n6 Brownlow Street Liverpool Merseyside L3 5DA United Kingdom"],
"version" :[],
"temporalCoverage" :[],
"publisher" :["Proudman Oceanographic Laboratory"],
"spatial" :[],
"license" :[],
"citation" :[],
"genre" :[],
"creator" :["Proudman Oceanographic Laboratory"],
"modificationDate" :["2009-11-30"],
"distribution" :[],
"image" :[],
"thumbnailUrl" :[],
"headline" :[],
"abstract" :["The data comprise raw and processed observations made at nine\nstations throughout the world using the La Coste and Romberg earth tide\ngravitymeters together with the results of tidal analyses.\n\nChart output was digitised and all manual adjustments to the instrument were\nrecorded (movements of the pen, gain changes). This is the raw data set held.\nThe manual adjustments were then corrected for and the data calibrated. Some\ndata sets have been X0 filtered to remove instrumental drift. This is the\nprocessed data set held.\n\nThese data were then fed into a standard tidal analysis program. Input\nparameters used, and the resulting output, are held."],
"theme" :[],
"dateCreated" :["From 1979 to 1988"],
"creditText" :[],
"datePublished" :["From 1979 to 1988"],
"producer" :["British Oceanographic Data Centre"],
"author" :["The Director"],
"spatialCoverage" :["9 stations - Madrid (Spain), Frankfurt (Germany), Birkenhead (UK), Brussels (Belgium), Zurich (Switzerland), Edinburgh (UK), Wuchang (China), Chur (Switzerland), Curitiba (Brazil)"],
"url" :["https://edmed.seadatanet.org/report/1533/"],
"sponsor" :[],
"size" :[],
"sameAs" :[],
"publication" :[],
"provider" :["British Oceanographic Data Centre"],
"position" :[],
"name" :["POL relative tidal gravity observations and tidal analyses (1979-1988)"],
"measurementTechnique" :["Gravimeters"],
"material" :[],
"maintainer" :[],
"locationCreated" :["United Kingdom"],
"issn" :[],
"isPartOf" :[],
"isBasedOn" :[],
"isAccessibleForFree" :[],
"includedInDataCatalog" :[],
"editor" :[],
"editEIDR" :[],
"copyrightYear" :[],
"copyrightNotice" :[],
"copyrightHolder" :["Proudman Oceanographic Laboratory"],
"contributor" :["Proudman Oceanographic Laboratory"],
"contentReferenceTime" :["From 1979 to 1988"],
"contentLocation" :["United Kingdom"],
"character" :[],
"acquireLicensePage" :[],
"accessModeSufficient" :[],
"about" :[],
"rights" :[],
"relation" :[],
"qualifiedRelation" :[],
"qualifiedAttribution" :[],
"previousVersion" :[],
"nextVersion" :[],
"landingPage" :[],
"isReferencedBy" :[],
"hasVersion" :[],
"hasPolicy" :[],
"hasCurrentVersion" :[],
"useConstraints" :[],
"status" :[],
"spatialRepresentationType" :[],
"spatialRepresentationInfo" :[],
"scope" :[],
"purpose" :[],
"otherLocale" :[],
"metadataProfile" :[],
"metadataLinkage" :[],
"metadataIdentifier" :[],
"environmentDescription" :[],
"distributionInfo" :["None"],
"dataQualityInfo" :[],
"contentInfo" :[],
"ResearchInfrastructure" :["SeaDataNet"],
"EssentialVariables" :["Sea state", "Sea ice", "Sea level", "Sea surface currents"],
"potentialTopics" :["gravimeter", "gravity", "sea", "level", "analysis", "pol", "observation", "relative", "tidal"]
}