{
"description" :["None"],
"identifier" :["http://www.emodnet", "biology.eu/portal/index.php?dasid=2745", "https://www.emodnet", "biology.eu/toolbox/en/download/occurrence/dataset/2745", "https://obis.org/dataset/65f7c77e", "3ed5", "4d87", "85d2", "8543aded2bf9", "http://www.eurobis.org//imis?dasid=2745"],
"keywords" :[""],
"language" :["English"],
"accessibilitySummary" :[""],
"contact" :["Flanders Marine Institute ("],
"version" :[""],
"temporalCoverage" :["1986", "01", "01"],
"publisher" :["UNESCO Intergovernmental Oceanographic Commission", "Flanders Marine Institute"],
"spatial" :["Mediterranean"],
"license" :[""],
"citation" :["None"],
"genre" :["http://www.emodnet", "biology.eu/portal/index.php?dasid=2745", "https://www.emodnet", "biology.eu/toolbox/en/download/occurrence/dataset/2745", "https://obis.org/dataset/65f7c77e", "3ed5", "4d87", "85d2", "8543aded2bf9", "http://www.eurobis.org//imis?dasid=2745"],
"creator" :["UNESCO Intergovernmental Oceanographic Commission"],
"modificationDate" :[""],
"distribution" :["http://www.emodnet", "biology.eu/portal/index.php?dasid=2745", "https://www.emodnet", "biology.eu/toolbox/en/download/occurrence/dataset/2745", "https://obis.org/dataset/65f7c77e", "3ed5", "4d87", "85d2", "8543aded2bf9", "http://www.eurobis.org//imis?dasid=2745"],
"image" :[""],
"thumbnailUrl" :[""],
"headline" :["None"],
"abstract" :["The ultimate goal of the Program for the Exploration of the Eastern Mediterranean (POEM) is to reach a comprehensive knowledge of the physical", "chemical", "and biological oceanography of the Eastern Mediterranean. Such knowledge is an essential basis for environmental management", "resource exploration", "and marine operations. The overall scientific objectives are to: (1) describe the physical phenomena and quantify their kinematics; (2) define basic dynamical processes; and (3) construct physical models suitable for general ocean scientific studies and applications."],
"theme" :["biological"],
"dateCreated" :["1986", "01", "01"],
"creditText" :[""],
"datePublished" :["2021", "03", "11T09:42:27"],
"producer" :[""],
"author" :[""],
"spatialCoverage" :["Mediterranean"],
"url" :["https://metadatacatalogue.lifewatch.eu/srv/api/records/oai:marineinfo.org:id:dataset:2745/formatters/xml?approved=true"],
"sponsor" :[""],
"size" :[""],
"sameAs" :[""],
"publication" :[""],
"provider" :[""],
"position" :[""],
"name" :[""],
"measurementTechnique" :[""],
"material" :[""],
"maintainer" :[""],
"locationCreated" :["Mediterranean"],
"issn" :[""],
"isPartOf" :[""],
"isBasedOn" :[""],
"isAccessibleForFree" :[""],
"includedInDataCatalog" :[""],
"editor" :[""],
"editEIDR" :[""],
"copyrightYear" :[""],
"copyrightNotice" :[""],
"copyrightHolder" :["UNESCO Intergovernmental Oceanographic Commission", "Flanders Marine Institute"],
"contributor" :["UNESCO Intergovernmental Oceanographic Commission", "Flanders Marine Institute"],
"contentReferenceTime" :[""],
"contentLocation" :[""],
"character" :[""],
"acquireLicensePage" :[""],
"accessModeSufficient" :[""],
"about" :[""],
"rights" :[""],
"relation" :[""],
"qualifiedRelation" :[""],
"qualifiedAttribution" :[""],
"previousVersion" :[""],
"nextVersion" :[""],
"landingPage" :["http://www.emodnet", "biology.eu/portal/index.php?dasid=2745", "", "https://www.emodnet", "biology.eu/toolbox/en/download/occurrence/dataset/2745", "", "https://obis.org/dataset/65f7c77e", "3ed5", "4d87", "85d2", "8543aded2bf9", "", "http://www.eurobis.org//imis?dasid=2745"],
"isReferencedBy" :[""],
"hasVersion" :[""],
"hasPolicy" :[""],
"hasCurrentVersion" :[""],
"useConstraints" :[""],
"status" :[""],
"spatialRepresentationType" :[""],
"spatialRepresentationInfo" :[""],
"scope" :[""],
"purpose" :[""],
"otherLocale" :[""],
"metadataProfile" :["Flanders Marine Institute (VLIZ)"],
"metadataLinkage" :[""],
"metadataIdentifier" :[""],
"environmentDescription" :[""],
"distributionInfo" :["http://www.emodnet", "biology.eu/portal/index.php?dasid=2745", "https://www.emodnet", "biology.eu/toolbox/en/download/occurrence/dataset/2745", "https://obis.org/dataset/65f7c77e", "3ed5", "4d87", "85d2", "8543aded2bf9", "http://www.eurobis.org//imis?dasid=2745"],
"dataQualityInfo" :[""],
"contentInfo" :[""],
"ResearchInfrastructure" :["LifeWatch"],
"EssentialVariables" :["Physiology"],
"potentialTopics" :["none", "data", "poem", "oceanography", "eastern", "physical", "phenomenon", "general", "basic", "essential", "knowledge", "scientific", "exploration", "ultimate", "suitable", "biological"]
}