{
"description" :["None"],
"identifier" :["http://\\\\tmda.vliz.be/directlink.php?fid=VLIZ_00000683_5ccaaeb5548dd", "http://\\\\tmda.vliz.be/directlink.php?fid=VLIZ_00000683_5ceb9a59818e1", "http://www.emodnet", "biology.eu/portal/index.php?dasid=5841", "http://www.emodnet", "biology.eu/toolbox/en/download/occurrence/dataset/5841", "http://mda.vliz.be/directlink.php?fid=VLIZ_00000321_5ab2b46da6c08", "http://mda.vliz.be/mda/directlink.php?fid=VLIZ_00000321_5a670e27ea9b5", "http://mda.vliz.be/mda/directlink.php?fid=VLIZ_00000321_5a671056821ab", "http://mda.vliz.be/mda/directlink.php?fid=VLIZ_00000321_5a6711f4ed546", "http://mda.vliz.be/mda/directlink.php?fid=VLIZ_00000321_5ab2abd1131d9", "http://mda.vliz.be/mda/directlink.php?fid=VLIZ_00000321_5ab2ac2a10447", "http://mda.vliz.be/mda/directlink.php?fid=VLIZ_00000321_5ab2ac76afaa5", "http://mda.vliz.be/mda/directlink.php?fid=VLIZ_00000321_5ab2b42861c62", "http://mda.vliz.be/mda/directlink.php?fid=VLIZ_00000321_5ab2b500cfcd3", "http://mda.vliz.be/mda/directlink.php?fid=VLIZ_00000321_5ab2b547b9818", "http://mda.vliz.be/mda/directlink.php?fid=VLIZ_00000321_5ab2b58e2e464", "http://mda.vliz.be/mda/directlink.php?fid=VLIZ_00000321_5ab2b5d174bd0", "http://mda.vliz.be/mda/directlink.php?fid=VLIZ_00000321_5ab2b64a948e9", "http://mda.vliz.be/mda/directlink.php?fid=VLIZ_00000321_5ab2b6aa5cbe1", "http://mda.vliz.be/mda/directlink.php?fid=VLIZ_00000321_5ab2b71b18a2f", "http://mda.vliz.be/mda/directlink.php?fid=VLIZ_00000321_5ab2b75c38572", "http://mda.vliz.be/mda/directlink.php?fid=VLIZ_00000321_5ab2b7cb969cd", "http://mda.vliz.be/mda/directlink.php?fid=VLIZ_00000321_5ab2b81987919", "https://obis.org/dataset/c0088422", "0a1b", "4b8f", "8697", "a149c79d015a", "http://www.vliz.be/nl/imis?module=dataset&dasid=5841", "http://www.eurobis.org//imis?dasid=5841"],
"keywords" :[""],
"language" :["English"],
"accessibilitySummary" :[""],
"contact" :["Vlaams Instituut voor de Zee"],
"version" :[""],
"temporalCoverage" :["2017", "05", "08"],
"publisher" :["Vlaams Instituut voor de Zee", "Flanders Marine Institute", "Rijkswaterstaat", "Simon Stevin", "VLIZ", "Royal Netherlands Institute for Sea Research (NIOZ", "RWS", "The National Center for Scientific Research", "LifeWatch/Jerico North Sea Cruise", "Marine Data Archive"],
"spatial" :["Belgium"],
"license" :[""],
"citation" :["Flanders Marine Institute (VLIZ): Belgium; Royal Netherlands Institute for Sea Research (NIOZ); Rijkswaterstaat (RWS): Netherlands; The National Center for Scientific Research (CNRS): France; (2020): Plankton biodiversity data from a LifeWatch/Jerico North Sea Cruise with R/V Simon Stevin in May 2017. Marine Data Archive."],
"genre" :["phylum", "infraorder", "class", "genus", "class", "genus", "infraorder", "class", "genus", "order", "genus", "genus", "genus", "phylum", "phylum (division)", "infraclass", "phylum", "phylum", "order", "phylum", "infraphylum", "genus", "phylum", "genus", "phylum (division)", "genus", "order", "genus", "genus", "genus", "genus", "genus", "phylum", "order", "genus", "genus", "genus", "genus", "genus", "family", "genus", "genus", "genus", "genus", "genus", "genus", "genus", "genus", "http://\\\\tmda.vliz.be/directlink.php?fid=VLIZ_00000683_5ccaaeb5548dd", "http://\\\\tmda.vliz.be/directlink.php?fid=VLIZ_00000683_5ceb9a59818e1", "http://www.emodnet", "biology.eu/portal/index.php?dasid=5841", "http://www.emodnet", "biology.eu/toolbox/en/download/occurrence/dataset/5841", "http://mda.vliz.be/directlink.php?fid=VLIZ_00000321_5ab2b46da6c08", "http://mda.vliz.be/mda/directlink.php?fid=VLIZ_00000321_5a670e27ea9b5", "http://mda.vliz.be/mda/directlink.php?fid=VLIZ_00000321_5a671056821ab", "http://mda.vliz.be/mda/directlink.php?fid=VLIZ_00000321_5a6711f4ed546", "http://mda.vliz.be/mda/directlink.php?fid=VLIZ_00000321_5ab2abd1131d9", "http://mda.vliz.be/mda/directlink.php?fid=VLIZ_00000321_5ab2ac2a10447", "http://mda.vliz.be/mda/directlink.php?fid=VLIZ_00000321_5ab2ac76afaa5", "http://mda.vliz.be/mda/directlink.php?fid=VLIZ_00000321_5ab2b42861c62", "http://mda.vliz.be/mda/directlink.php?fid=VLIZ_00000321_5ab2b500cfcd3", "http://mda.vliz.be/mda/directlink.php?fid=VLIZ_00000321_5ab2b547b9818", "http://mda.vliz.be/mda/directlink.php?fid=VLIZ_00000321_5ab2b58e2e464", "http://mda.vliz.be/mda/directlink.php?fid=VLIZ_00000321_5ab2b5d174bd0", "http://mda.vliz.be/mda/directlink.php?fid=VLIZ_00000321_5ab2b64a948e9", "http://mda.vliz.be/mda/directlink.php?fid=VLIZ_00000321_5ab2b6aa5cbe1", "http://mda.vliz.be/mda/directlink.php?fid=VLIZ_00000321_5ab2b71b18a2f", "http://mda.vliz.be/mda/directlink.php?fid=VLIZ_00000321_5ab2b75c38572", "http://mda.vliz.be/mda/directlink.php?fid=VLIZ_00000321_5ab2b7cb969cd", "http://mda.vliz.be/mda/directlink.php?fid=VLIZ_00000321_5ab2b81987919", "https://obis.org/dataset/c0088422", "0a1b", "4b8f", "8697", "a149c79d015a", "http://www.vliz.be/nl/imis?module=dataset&dasid=5841", "http://www.eurobis.org//imis?dasid=5841"],
"creator" :["Vlaams Instituut voor de Zee"],
"modificationDate" :[""],
"distribution" :["http://www.emodnet", "biology.eu/portal/index.php?dasid=5841", "http://www.emodnet", "biology.eu/toolbox/en/download/occurrence/dataset/5841", "http://mda.vliz.be/directlink.php?fid=VLIZ_00000321_5ab2b46da6c08", "http://mda.vliz.be/mda/directlink.php?fid=VLIZ_00000321_5a670e27ea9b5", "http://mda.vliz.be/mda/directlink.php?fid=VLIZ_00000321_5a671056821ab", "http://mda.vliz.be/mda/directlink.php?fid=VLIZ_00000321_5a6711f4ed546", "http://mda.vliz.be/mda/directlink.php?fid=VLIZ_00000321_5ab2abd1131d9", "http://mda.vliz.be/mda/directlink.php?fid=VLIZ_00000321_5ab2ac2a10447", "http://mda.vliz.be/mda/directlink.php?fid=VLIZ_00000321_5ab2ac76afaa5", "http://mda.vliz.be/mda/directlink.php?fid=VLIZ_00000321_5ab2b42861c62", "http://mda.vliz.be/mda/directlink.php?fid=VLIZ_00000321_5ab2b500cfcd3", "http://mda.vliz.be/mda/directlink.php?fid=VLIZ_00000321_5ab2b547b9818", "http://mda.vliz.be/mda/directlink.php?fid=VLIZ_00000321_5ab2b58e2e464", "http://mda.vliz.be/mda/directlink.php?fid=VLIZ_00000321_5ab2b5d174bd0", "http://mda.vliz.be/mda/directlink.php?fid=VLIZ_00000321_5ab2b64a948e9", "http://mda.vliz.be/mda/directlink.php?fid=VLIZ_00000321_5ab2b6aa5cbe1", "http://mda.vliz.be/mda/directlink.php?fid=VLIZ_00000321_5ab2b71b18a2f", "http://mda.vliz.be/mda/directlink.php?fid=VLIZ_00000321_5ab2b75c38572", "http://mda.vliz.be/mda/directlink.php?fid=VLIZ_00000321_5ab2b7cb969cd", "http://mda.vliz.be/mda/directlink.php?fid=VLIZ_00000321_5ab2b81987919", "https://obis.org/dataset/c0088422", "0a1b", "4b8f", "8697", "a149c79d015a", "http://www.vliz.be/nl/imis?module=dataset&dasid=5841", "http://www.eurobis.org//imis?dasid=5841"],
"image" :[""],
"thumbnailUrl" :[""],
"headline" :["Flanders Marine Institute (VLIZ): Belgium; Royal Netherlands Institute for Sea Research (NIOZ); Rijkswaterstaat (RWS): Netherlands; The National Center for Scientific Research (CNRS): France; (2020): Plankton biodiversity data from a LifeWatch/Jerico North Sea Cruise with R/V Simon Stevin in May 2017. Marine Data Archive."],
"abstract" :["Plankton data collected in the framework of Jerico", "NEXT JRAP 1. Data were collected using different methods and sensors (fluoroprobe", "flow cytometer", "phytopam", "FRRF", "pigment analysis", "zooscan)."],
"theme" :["biodiversity"],
"dateCreated" :["2017", "05", "08"],
"creditText" :[""],
"datePublished" :["2021", "03", "11T09:33:03"],
"producer" :[""],
"author" :[""],
"spatialCoverage" :["Belgium"],
"url" :["https://metadatacatalogue.lifewatch.eu/srv/api/records/oai:marineinfo.org:id:dataset:5841/formatters/xml?approved=true"],
"sponsor" :[""],
"size" :[""],
"sameAs" :[""],
"publication" :[""],
"provider" :[""],
"position" :[""],
"name" :[""],
"measurementTechnique" :[""],
"material" :[""],
"maintainer" :[""],
"locationCreated" :["Belgium"],
"issn" :[""],
"isPartOf" :[""],
"isBasedOn" :[""],
"isAccessibleForFree" :[""],
"includedInDataCatalog" :[""],
"editor" :[""],
"editEIDR" :[""],
"copyrightYear" :[""],
"copyrightNotice" :[""],
"copyrightHolder" :["Vlaams Instituut voor de Zee", "Flanders Marine Institute"],
"contributor" :["Vlaams Instituut voor de Zee", "Flanders Marine Institute"],
"contentReferenceTime" :[""],
"contentLocation" :[""],
"character" :[""],
"acquireLicensePage" :[""],
"accessModeSufficient" :[""],
"about" :[""],
"rights" :[""],
"relation" :[""],
"qualifiedRelation" :[""],
"qualifiedAttribution" :[""],
"previousVersion" :[""],
"nextVersion" :[""],
"landingPage" :["http://\\\\tmda.vliz.be/directlink.php?fid=VLIZ_00000683_5ccaaeb5548dd", "", "http://\\\\tmda.vliz.be/directlink.php?fid=VLIZ_00000683_5ceb9a59818e1", "", "http://www.emodnet", "biology.eu/portal/index.php?dasid=5841", "", "http://www.emodnet", "biology.eu/toolbox/en/download/occurrence/dataset/5841", "", "http://mda.vliz.be/directlink.php?fid=VLIZ_00000321_5ab2b46da6c08", "", "http://mda.vliz.be/mda/directlink.php?fid=VLIZ_00000321_5a670e27ea9b5", "", "http://mda.vliz.be/mda/directlink.php?fid=VLIZ_00000321_5a671056821ab", "", "http://mda.vliz.be/mda/directlink.php?fid=VLIZ_00000321_5a6711f4ed546", "", "http://mda.vliz.be/mda/directlink.php?fid=VLIZ_00000321_5ab2abd1131d9", "", "http://mda.vliz.be/mda/directlink.php?fid=VLIZ_00000321_5ab2ac2a10447", "", "http://mda.vliz.be/mda/directlink.php?fid=VLIZ_00000321_5ab2ac76afaa5", "", "http://mda.vliz.be/mda/directlink.php?fid=VLIZ_00000321_5ab2b42861c62", "", "http://mda.vliz.be/mda/directlink.php?fid=VLIZ_00000321_5ab2b500cfcd3", "", "http://mda.vliz.be/mda/directlink.php?fid=VLIZ_00000321_5ab2b547b9818", "", "http://mda.vliz.be/mda/directlink.php?fid=VLIZ_00000321_5ab2b58e2e464", "", "http://mda.vliz.be/mda/directlink.php?fid=VLIZ_00000321_5ab2b5d174bd0", "", "http://mda.vliz.be/mda/directlink.php?fid=VLIZ_00000321_5ab2b64a948e9", "", "http://mda.vliz.be/mda/directlink.php?fid=VLIZ_00000321_5ab2b6aa5cbe1", "", "http://mda.vliz.be/mda/directlink.php?fid=VLIZ_00000321_5ab2b71b18a2f", "", "http://mda.vliz.be/mda/directlink.php?fid=VLIZ_00000321_5ab2b75c38572", "", "http://mda.vliz.be/mda/directlink.php?fid=VLIZ_00000321_5ab2b7cb969cd", "", "http://mda.vliz.be/mda/directlink.php?fid=VLIZ_00000321_5ab2b81987919", "", "https://obis.org/dataset/c0088422", "0a1b", "4b8f", "8697", "a149c79d015a", "", "http://www.vliz.be/nl/imis?module=dataset&dasid=5841", "", "http://www.eurobis.org//imis?dasid=5841"],
"isReferencedBy" :[""],
"hasVersion" :[""],
"hasPolicy" :[""],
"hasCurrentVersion" :[""],
"useConstraints" :[""],
"status" :[""],
"spatialRepresentationType" :[""],
"spatialRepresentationInfo" :[""],
"scope" :[""],
"purpose" :[""],
"otherLocale" :[""],
"metadataProfile" :["Flanders Marine Institute (VLIZ)"],
"metadataLinkage" :[""],
"metadataIdentifier" :[""],
"environmentDescription" :[""],
"distributionInfo" :["http://www.emodnet", "biology.eu/portal/index.php?dasid=5841", "http://www.emodnet", "biology.eu/toolbox/en/download/occurrence/dataset/5841", "http://mda.vliz.be/directlink.php?fid=VLIZ_00000321_5ab2b46da6c08", "http://mda.vliz.be/mda/directlink.php?fid=VLIZ_00000321_5a670e27ea9b5", "http://mda.vliz.be/mda/directlink.php?fid=VLIZ_00000321_5a671056821ab", "http://mda.vliz.be/mda/directlink.php?fid=VLIZ_00000321_5a6711f4ed546", "http://mda.vliz.be/mda/directlink.php?fid=VLIZ_00000321_5ab2abd1131d9", "http://mda.vliz.be/mda/directlink.php?fid=VLIZ_00000321_5ab2ac2a10447", "http://mda.vliz.be/mda/directlink.php?fid=VLIZ_00000321_5ab2ac76afaa5", "http://mda.vliz.be/mda/directlink.php?fid=VLIZ_00000321_5ab2b42861c62", "http://mda.vliz.be/mda/directlink.php?fid=VLIZ_00000321_5ab2b500cfcd3", "http://mda.vliz.be/mda/directlink.php?fid=VLIZ_00000321_5ab2b547b9818", "http://mda.vliz.be/mda/directlink.php?fid=VLIZ_00000321_5ab2b58e2e464", "http://mda.vliz.be/mda/directlink.php?fid=VLIZ_00000321_5ab2b5d174bd0", "http://mda.vliz.be/mda/directlink.php?fid=VLIZ_00000321_5ab2b64a948e9", "http://mda.vliz.be/mda/directlink.php?fid=VLIZ_00000321_5ab2b6aa5cbe1", "http://mda.vliz.be/mda/directlink.php?fid=VLIZ_00000321_5ab2b71b18a2f", "http://mda.vliz.be/mda/directlink.php?fid=VLIZ_00000321_5ab2b75c38572", "http://mda.vliz.be/mda/directlink.php?fid=VLIZ_00000321_5ab2b7cb969cd", "http://mda.vliz.be/mda/directlink.php?fid=VLIZ_00000321_5ab2b81987919", "https://obis.org/dataset/c0088422", "0a1b", "4b8f", "8697", "a149c79d015a", "http://www.vliz.be/nl/imis?module=dataset&dasid=5841", "http://www.eurobis.org//imis?dasid=5841"],
"dataQualityInfo" :[""],
"contentInfo" :[""],
"ResearchInfrastructure" :["LifeWatch"],
"EssentialVariables" :[""],
"potentialTopics" :["data", "plankton", "sea", "biodiversity", "cruise", "north", "may", "institute", "research", "collected", "different", "method", "marine", "center"]
}