{
"description" :["None"],
"identifier" :["http://www.emodnet", "biology.eu/portal/index.php?dasid=2735", "https://www.emodnet", "biology.eu/toolbox/en/download/occurrence/dataset/2735", "https://obis.org/dataset/3eea4a4b", "345e", "47bf", "9e7c", "9405a64e86cb", "http://www.eurobis.org//imis?dasid=2735"],
"keywords" :["Paleobiogeography"],
"language" :["English"],
"accessibilitySummary" :[""],
"contact" :["University College Cork Coastal", "Marine Research Centre"],
"version" :[""],
"temporalCoverage" :["2000", "01", "01"],
"publisher" :["Flanders Marine Institute", "VLIZ", "University College Cork Coastal", "Marine Research Centre"],
"spatial" :[""],
"license" :[""],
"citation" :["None"],
"genre" :["http://www.emodnet", "biology.eu/portal/index.php?dasid=2735", "https://www.emodnet", "biology.eu/toolbox/en/download/occurrence/dataset/2735", "https://obis.org/dataset/3eea4a4b", "345e", "47bf", "9e7c", "9405a64e86cb", "http://www.eurobis.org//imis?dasid=2735"],
"creator" :["Flanders Marine Institute ("],
"modificationDate" :[""],
"distribution" :["http://www.emodnet", "biology.eu/portal/index.php?dasid=2735", "https://www.emodnet", "biology.eu/toolbox/en/download/occurrence/dataset/2735", "https://obis.org/dataset/3eea4a4b", "345e", "47bf", "9e7c", "9405a64e86cb", "http://www.eurobis.org//imis?dasid=2735"],
"image" :[""],
"thumbnailUrl" :[""],
"headline" :["None"],
"abstract" :["Different measurements taken during 5 cruises in Porcupine Basin", "the Rockall Basin", "and the Trøms District off Norway to assess the microbiological potential."],
"theme" :[""],
"dateCreated" :["2000", "01", "01"],
"creditText" :[""],
"datePublished" :["2021", "03", "11T09:41:50"],
"producer" :[""],
"author" :[""],
"spatialCoverage" :[""],
"url" :["https://metadatacatalogue.lifewatch.eu/srv/api/records/oai:marineinfo.org:id:dataset:2735/formatters/xml?approved=true"],
"sponsor" :[""],
"size" :[""],
"sameAs" :[""],
"publication" :[""],
"provider" :[""],
"position" :[""],
"name" :[""],
"measurementTechnique" :[""],
"material" :[""],
"maintainer" :[""],
"locationCreated" :[""],
"issn" :[""],
"isPartOf" :[""],
"isBasedOn" :[""],
"isAccessibleForFree" :[""],
"includedInDataCatalog" :[""],
"editor" :[""],
"editEIDR" :[""],
"copyrightYear" :[""],
"copyrightNotice" :[""],
"copyrightHolder" :["Flanders Marine Institute", "VLIZ", "University College Cork Coastal", "Marine Research Centre"],
"contributor" :["Flanders Marine Institute", "VLIZ", "University College Cork Coastal", "Marine Research Centre"],
"contentReferenceTime" :[""],
"contentLocation" :[""],
"character" :[""],
"acquireLicensePage" :[""],
"accessModeSufficient" :[""],
"about" :[""],
"rights" :[""],
"relation" :[""],
"qualifiedRelation" :[""],
"qualifiedAttribution" :[""],
"previousVersion" :[""],
"nextVersion" :[""],
"landingPage" :["http://www.emodnet", "biology.eu/portal/index.php?dasid=2735", "", "https://www.emodnet", "biology.eu/toolbox/en/download/occurrence/dataset/2735", "", "https://obis.org/dataset/3eea4a4b", "345e", "47bf", "9e7c", "9405a64e86cb", "", "http://www.eurobis.org//imis?dasid=2735"],
"isReferencedBy" :[""],
"hasVersion" :[""],
"hasPolicy" :[""],
"hasCurrentVersion" :[""],
"useConstraints" :[""],
"status" :[""],
"spatialRepresentationType" :[""],
"spatialRepresentationInfo" :[""],
"scope" :[""],
"purpose" :[""],
"otherLocale" :[""],
"metadataProfile" :["Flanders Marine Institute (VLIZ)"],
"metadataLinkage" :[""],
"metadataIdentifier" :[""],
"environmentDescription" :[""],
"distributionInfo" :["http://www.emodnet", "biology.eu/portal/index.php?dasid=2735", "https://www.emodnet", "biology.eu/toolbox/en/download/occurrence/dataset/2735", "https://obis.org/dataset/3eea4a4b", "345e", "47bf", "9e7c", "9405a64e86cb", "http://www.eurobis.org//imis?dasid=2735"],
"dataQualityInfo" :[""],
"contentInfo" :[""],
"ResearchInfrastructure" :["LifeWatch"],
"EssentialVariables" :[""],
"potentialTopics" :["along", "control", "environmental", "data", "carbonate", "formation", "margin", "mound", "basin", "measurement", "ass", "district", "taken", "microbiological", "potential", "cruise", "porcupine", "different", "none"]
}