{
"description" :["None"],
"identifier" :["http://nodc.ogs.trieste.it/nodc/metadata/doidetails?doi=10.6092/6a7a1319", "dd62", "428c", "9bc8", "6f179f91bcf8", "https://doi.org/10.6092/6a7a1319", "dd62", "428c", "9bc8", "6f179f91bcf8", "http://www.emodnet", "biology.eu/portal/index.php?dasid=4462", "https://www.emodnet", "biology.eu/toolbox/en/download/occurrence/dataset/4462", "http://nettuno.ogs.trieste.it/ilter/BIO/", "https://obis.org/dataset/7855f936", "e82d", "45c1", "95e8", "d197517cd7ca", "http://www.eurobis.org//imis?dasid=4462"],
"keywords" :[""],
"language" :["English"],
"accessibilitySummary" :[""],
"contact" :[""],
"version" :[""],
"temporalCoverage" :["1986", "01", "01"],
"publisher" :["https://doi.org/10.6092/6a7a1319", "dd62", "428c", "9bc8", "6f179f91bcf8", "Flanders Marine Institute", "VLIZ", "Cabrini", "Fonda", "Umani", "Virgilio", "National Institute of Oceanography and Experimental Geophysics"],
"spatial" :["Adriatic Sea"],
"license" :[""],
"citation" :["Cabrini", "M.; Fonda", "Umani", "S.; Fornasaro", "D.; Virgilio", "D. (2018). Phytoplankton North Adriatic", "Gulf of Trieste LTER time", "series. National Institute of Oceanography and Experimental Geophysics (OGS). https://doi.org/10.6092/6a7a1319", "dd62", "428c", "9bc8", "6f179f91bcf8"],
"genre" :["http://nodc.ogs.trieste.it/nodc/metadata/doidetails?doi=10.6092/6a7a1319", "dd62", "428c", "9bc8", "6f179f91bcf8", "https://doi.org/10.6092/6a7a1319", "dd62", "428c", "9bc8", "6f179f91bcf8", "http://www.emodnet", "biology.eu/portal/index.php?dasid=4462", "https://www.emodnet", "biology.eu/toolbox/en/download/occurrence/dataset/4462", "http://nettuno.ogs.trieste.it/ilter/BIO/", "https://obis.org/dataset/7855f936", "e82d", "45c1", "95e8", "d197517cd7ca", "http://www.eurobis.org//imis?dasid=4462"],
"creator" :["Flanders Marine Institute ("],
"modificationDate" :[""],
"distribution" :["http://nodc.ogs.trieste.it/nodc/metadata/doidetails?doi=10.6092/6a7a1319", "dd62", "428c", "9bc8", "6f179f91bcf8", "https://doi.org/10.6092/6a7a1319", "dd62", "428c", "9bc8", "6f179f91bcf8", "http://www.emodnet", "biology.eu/portal/index.php?dasid=4462", "https://www.emodnet", "biology.eu/toolbox/en/download/occurrence/dataset/4462", "http://nettuno.ogs.trieste.it/ilter/BIO/", "https://obis.org/dataset/7855f936", "e82d", "45c1", "95e8", "d197517cd7ca", "http://www.eurobis.org//imis?dasid=4462"],
"image" :[""],
"thumbnailUrl" :[""],
"headline" :["Cabrini", "M.; Fonda", "Umani", "S.; Fornasaro", "D.; Virgilio", "D. (2018). Phytoplankton North Adriatic", "Gulf of Trieste LTER time", "series. National Institute of Oceanography and Experimental Geophysics (OGS). https://doi.org/10.6092/6a7a1319", "dd62", "428c", "9bc8", "6f179f91bcf8"],
"abstract" :["Time series of phytoplankton abundance and community composition collected with a monthly frequency at 0.5", "5", "10 and 15 meters in the Gulf of Trieste – time series station (station C1).The time series station C1 (Latitude 45°42\\2.99N Longitude 13°42\\36.00E)", "located in the Gulf of Trieste in the northernmost part of the Adriatic Sea", "is part of the Adriatic Long Term Ecological Research (LTER) site . It is a shallow coastal station (17 m depth) located at 0.2 Km from the coast", "at the outer border of the Natural Marine Reserve of Miramare", "Trieste. Link: http://nettuno.ogs.trieste.it/ilter/GoTTs/c1_lter.html"],
"theme" :[""],
"dateCreated" :["1986", "01", "01"],
"creditText" :[""],
"datePublished" :["2021", "03", "11T10:05:32"],
"producer" :[""],
"author" :[""],
"spatialCoverage" :["Adriatic Sea"],
"url" :["https://metadatacatalogue.lifewatch.eu/srv/api/records/oai:marineinfo.org:id:dataset:4462/formatters/xml?approved=true"],
"sponsor" :[""],
"size" :[""],
"sameAs" :[""],
"publication" :[""],
"provider" :[""],
"position" :[""],
"name" :[""],
"measurementTechnique" :[""],
"material" :[""],
"maintainer" :[""],
"locationCreated" :["Adriatic Sea"],
"issn" :[""],
"isPartOf" :[""],
"isBasedOn" :[""],
"isAccessibleForFree" :[""],
"includedInDataCatalog" :[""],
"editor" :[""],
"editEIDR" :[""],
"copyrightYear" :[""],
"copyrightNotice" :[""],
"copyrightHolder" :["Flanders Marine Institute", "VLIZ"],
"contributor" :["Flanders Marine Institute", "VLIZ"],
"contentReferenceTime" :[""],
"contentLocation" :[""],
"character" :[""],
"acquireLicensePage" :[""],
"accessModeSufficient" :[""],
"about" :[""],
"rights" :[""],
"relation" :[""],
"qualifiedRelation" :[""],
"qualifiedAttribution" :[""],
"previousVersion" :[""],
"nextVersion" :[""],
"landingPage" :["http://nodc.ogs.trieste.it/nodc/metadata/doidetails?doi=10.6092/6a7a1319", "dd62", "428c", "9bc8", "6f179f91bcf8", "", "https://doi.org/10.6092/6a7a1319", "dd62", "428c", "9bc8", "6f179f91bcf8", "", "http://www.emodnet", "biology.eu/portal/index.php?dasid=4462", "", "https://www.emodnet", "biology.eu/toolbox/en/download/occurrence/dataset/4462", "", "http://nettuno.ogs.trieste.it/ilter/BIO/", "", "https://obis.org/dataset/7855f936", "e82d", "45c1", "95e8", "d197517cd7ca", "", "http://www.eurobis.org//imis?dasid=4462"],
"isReferencedBy" :["https://doi.org/10.6092/6a7a1319", "dd62", "428c", "9bc8", "6f179f91bcf8"],
"hasVersion" :[""],
"hasPolicy" :[""],
"hasCurrentVersion" :[""],
"useConstraints" :[""],
"status" :[""],
"spatialRepresentationType" :[""],
"spatialRepresentationInfo" :[""],
"scope" :[""],
"purpose" :[""],
"otherLocale" :[""],
"metadataProfile" :["Flanders Marine Institute (VLIZ)"],
"metadataLinkage" :[""],
"metadataIdentifier" :[""],
"environmentDescription" :[""],
"distributionInfo" :["http://nodc.ogs.trieste.it/nodc/metadata/doidetails?doi=10.6092/6a7a1319", "dd62", "428c", "9bc8", "6f179f91bcf8", "https://doi.org/10.6092/6a7a1319", "dd62", "428c", "9bc8", "6f179f91bcf8", "http://www.emodnet", "biology.eu/portal/index.php?dasid=4462", "https://www.emodnet", "biology.eu/toolbox/en/download/occurrence/dataset/4462", "http://nettuno.ogs.trieste.it/ilter/BIO/", "https://obis.org/dataset/7855f936", "e82d", "45c1", "95e8", "d197517cd7ca", "http://www.eurobis.org//imis?dasid=4462"],
"dataQualityInfo" :[""],
"contentInfo" :[""],
"ResearchInfrastructure" :["LifeWatch"],
"EssentialVariables" :["Physiology", "Community abundance"],
"potentialTopics" :["geophysics", "institute", "experimental", "national", "oceanography", "north", "phytoplankton", "station", "time", "series", "gulf", "located", "part", "meter", "long", "abundance", "border"]
}