{
"description" :["None"],
"identifier" :["http://www.emodnet", "biology.eu/portal/index.php?dasid=2730", "https://www.emodnet", "biology.eu/toolbox/en/download/occurrence/dataset/2730", "https://obis.org/dataset/0648a759", "1621", "4a53", "bc98", "ec28e9c964e1", "http://www.eurobis.org//imis?dasid=2730"],
"keywords" :[""],
"language" :["English"],
"accessibilitySummary" :[""],
"contact" :["Flanders Marine Institute ("],
"version" :[""],
"temporalCoverage" :["1900", "01", "01"],
"publisher" :["University of Southampton Southampton Oceanography Centre", "Flanders Marine Institute"],
"spatial" :[""],
"license" :[""],
"citation" :["None"],
"genre" :["http://www.emodnet", "biology.eu/portal/index.php?dasid=2730", "https://www.emodnet", "biology.eu/toolbox/en/download/occurrence/dataset/2730", "https://obis.org/dataset/0648a759", "1621", "4a53", "bc98", "ec28e9c964e1", "http://www.eurobis.org//imis?dasid=2730"],
"creator" :["University of Southampton Southampton Oceanography Centre"],
"modificationDate" :[""],
"distribution" :["http://www.emodnet", "biology.eu/portal/index.php?dasid=2730", "https://www.emodnet", "biology.eu/toolbox/en/download/occurrence/dataset/2730", "https://obis.org/dataset/0648a759", "1621", "4a53", "bc98", "ec28e9c964e1", "http://www.eurobis.org//imis?dasid=2730"],
"image" :[""],
"thumbnailUrl" :[""],
"headline" :["None"],
"abstract" :["Includes data of El Niño and La Niña effects on coastal marine environments and resources."],
"theme" :[""],
"dateCreated" :["1900", "01", "01"],
"creditText" :[""],
"datePublished" :["2021", "03", "11T09:41:56"],
"producer" :[""],
"author" :[""],
"spatialCoverage" :[""],
"url" :["https://metadatacatalogue.lifewatch.eu/srv/api/records/oai:marineinfo.org:id:dataset:2730/formatters/xml?approved=true"],
"sponsor" :[""],
"size" :[""],
"sameAs" :[""],
"publication" :[""],
"provider" :[""],
"position" :[""],
"name" :[""],
"measurementTechnique" :[""],
"material" :[""],
"maintainer" :[""],
"locationCreated" :[""],
"issn" :[""],
"isPartOf" :[""],
"isBasedOn" :[""],
"isAccessibleForFree" :[""],
"includedInDataCatalog" :[""],
"editor" :[""],
"editEIDR" :[""],
"copyrightYear" :[""],
"copyrightNotice" :[""],
"copyrightHolder" :["University of Southampton Southampton Oceanography Centre", "Flanders Marine Institute"],
"contributor" :["University of Southampton Southampton Oceanography Centre", "Flanders Marine Institute"],
"contentReferenceTime" :[""],
"contentLocation" :[""],
"character" :[""],
"acquireLicensePage" :[""],
"accessModeSufficient" :[""],
"about" :[""],
"rights" :[""],
"relation" :[""],
"qualifiedRelation" :[""],
"qualifiedAttribution" :[""],
"previousVersion" :[""],
"nextVersion" :[""],
"landingPage" :["http://www.emodnet", "biology.eu/portal/index.php?dasid=2730", "", "https://www.emodnet", "biology.eu/toolbox/en/download/occurrence/dataset/2730", "", "https://obis.org/dataset/0648a759", "1621", "4a53", "bc98", "ec28e9c964e1", "", "http://www.eurobis.org//imis?dasid=2730"],
"isReferencedBy" :[""],
"hasVersion" :[""],
"hasPolicy" :[""],
"hasCurrentVersion" :[""],
"useConstraints" :[""],
"status" :[""],
"spatialRepresentationType" :[""],
"spatialRepresentationInfo" :[""],
"scope" :[""],
"purpose" :[""],
"otherLocale" :[""],
"metadataProfile" :["Flanders Marine Institute (VLIZ)"],
"metadataLinkage" :[""],
"metadataIdentifier" :[""],
"environmentDescription" :[""],
"distributionInfo" :["http://www.emodnet", "biology.eu/portal/index.php?dasid=2730", "https://www.emodnet", "biology.eu/toolbox/en/download/occurrence/dataset/2730", "https://obis.org/dataset/0648a759", "1621", "4a53", "bc98", "ec28e9c964e1", "http://www.eurobis.org//imis?dasid=2730"],
"dataQualityInfo" :[""],
"contentInfo" :[""],
"ResearchInfrastructure" :["LifeWatch"],
"EssentialVariables" :[""],
"potentialTopics" :["southern", "climate", "censor", "variability", "oscillation", "data", "none", "marine", "coastal", "effect", "includes", "environment", "resource"]
}