{
"description" :["None"],
"identifier" :["http://www.emodnet", "biology.eu/portal/index.php?dasid=4611", "https://www.emodnet", "biology.eu/toolbox/en/download/occurrence/dataset/4611", "http://mda.vliz.be/mda/directlink.php?fid=VLIZ_00000308_1434529982", "https://obis.org/dataset/4f1bd082", "01de", "43af", "9faa", "510eb483bdc0", "http://www.gbif.org/dataset/ba1e0dc3", "5904", "43d8", "8a27", "874dd4079698", "http://www.eurobis.org//imis?dasid=4611"],
"keywords" :[""],
"language" :["English"],
"accessibilitySummary" :[""],
"contact" :["Andrey"],
"version" :[""],
"temporalCoverage" :["2000", "06", "01"],
"publisher" :["https://obis.org/dataset/4f1bd082", "01de", "43af", "9faa", "510eb483bdc0", "Flanders Marine Institute", "VLIZ", "Garlitska", "Harpacticoida", "Moscow State University"],
"spatial" :["North", "Western Black Sea"],
"license" :[""],
"citation" :["Garlitska", "L.; Moscow State University. 2001. Harpacticoida from a monitoring survey in the Black Sea in 2000", "2001. http://dx.doi.org/10.14284/147"],
"genre" :["order", "http://www.emodnet", "biology.eu/portal/index.php?dasid=4611", "https://www.emodnet", "biology.eu/toolbox/en/download/occurrence/dataset/4611", "http://mda.vliz.be/mda/directlink.php?fid=VLIZ_00000308_1434529982", "https://obis.org/dataset/4f1bd082", "01de", "43af", "9faa", "510eb483bdc0", "http://www.gbif.org/dataset/ba1e0dc3", "5904", "43d8", "8a27", "874dd4079698", "http://www.eurobis.org//imis?dasid=4611"],
"creator" :[""],
"modificationDate" :[""],
"distribution" :["http://www.emodnet", "biology.eu/portal/index.php?dasid=4611", "https://www.emodnet", "biology.eu/toolbox/en/download/occurrence/dataset/4611", "http://mda.vliz.be/mda/directlink.php?fid=VLIZ_00000308_1434529982", "https://obis.org/dataset/4f1bd082", "01de", "43af", "9faa", "510eb483bdc0", "http://www.gbif.org/dataset/ba1e0dc3", "5904", "43d8", "8a27", "874dd4079698", "http://www.eurobis.org//imis?dasid=4611"],
"image" :[""],
"thumbnailUrl" :[""],
"headline" :["Garlitska", "L.; Moscow State University. 2001. Harpacticoida from a monitoring survey in the Black Sea in 2000", "2001. http://dx.doi.org/10.14284/147"],
"abstract" :["Field long", "term monitoring survey of ecologically intact zone (control) within the human", "impacted area at north", "western part of the Black Sea."],
"theme" :[""],
"dateCreated" :["2000", "06", "01"],
"creditText" :[""],
"datePublished" :["2021", "03", "11T10:11:43"],
"producer" :[""],
"author" :[""],
"spatialCoverage" :["North", "Western Black Sea"],
"url" :["https://metadatacatalogue.lifewatch.eu/srv/api/records/oai:marineinfo.org:id:dataset:4611/formatters/xml?approved=true"],
"sponsor" :[""],
"size" :[""],
"sameAs" :[""],
"publication" :[""],
"provider" :[""],
"position" :[""],
"name" :[""],
"measurementTechnique" :[""],
"material" :[""],
"maintainer" :[""],
"locationCreated" :["North", "Western Black Sea"],
"issn" :[""],
"isPartOf" :[""],
"isBasedOn" :[""],
"isAccessibleForFree" :[""],
"includedInDataCatalog" :[""],
"editor" :[""],
"editEIDR" :[""],
"copyrightYear" :[""],
"copyrightNotice" :[""],
"copyrightHolder" :["Flanders Marine Institute", "VLIZ"],
"contributor" :["Flanders Marine Institute", "VLIZ"],
"contentReferenceTime" :[""],
"contentLocation" :[""],
"character" :[""],
"acquireLicensePage" :[""],
"accessModeSufficient" :[""],
"about" :[""],
"rights" :[""],
"relation" :[""],
"qualifiedRelation" :[""],
"qualifiedAttribution" :[""],
"previousVersion" :[""],
"nextVersion" :[""],
"landingPage" :["http://www.emodnet", "biology.eu/portal/index.php?dasid=4611", "", "https://www.emodnet", "biology.eu/toolbox/en/download/occurrence/dataset/4611", "", "http://mda.vliz.be/mda/directlink.php?fid=VLIZ_00000308_1434529982", "", "https://obis.org/dataset/4f1bd082", "01de", "43af", "9faa", "510eb483bdc0", "", "http://www.gbif.org/dataset/ba1e0dc3", "5904", "43d8", "8a27", "874dd4079698", "", "http://www.eurobis.org//imis?dasid=4611"],
"isReferencedBy" :["http://dx.doi.org/10.14284/147"],
"hasVersion" :[""],
"hasPolicy" :[""],
"hasCurrentVersion" :[""],
"useConstraints" :[""],
"status" :[""],
"spatialRepresentationType" :[""],
"spatialRepresentationInfo" :[""],
"scope" :[""],
"purpose" :[""],
"otherLocale" :[""],
"metadataProfile" :["Flanders Marine Institute (VLIZ)"],
"metadataLinkage" :[""],
"metadataIdentifier" :[""],
"environmentDescription" :[""],
"distributionInfo" :["http://www.emodnet", "biology.eu/portal/index.php?dasid=4611", "https://www.emodnet", "biology.eu/toolbox/en/download/occurrence/dataset/4611", "http://mda.vliz.be/mda/directlink.php?fid=VLIZ_00000308_1434529982", "https://obis.org/dataset/4f1bd082", "01de", "43af", "9faa", "510eb483bdc0", "http://www.gbif.org/dataset/ba1e0dc3", "5904", "43d8", "8a27", "874dd4079698", "http://www.eurobis.org//imis?dasid=4611"],
"dataQualityInfo" :[""],
"contentInfo" :[""],
"ResearchInfrastructure" :["LifeWatch"],
"EssentialVariables" :[""],
"potentialTopics" :["black", "survey", "monitoring", "sea", "university", "state", "intact", "within", "northwestern", "zone", "ecologically", "field", "part", "area", "control"]
}