{
"description" :["None"],
"identifier" :["http://www.emodnet", "biology.eu/portal/index.php?dasid=4527", "https://www.emodnet", "biology.eu/toolbox/en/download/occurrence/dataset/4527", "http://ipt.env.duke.edu/resource.do?r=zd_982_1deg", "https://obis.org/dataset/bf59afa5", "5d44", "420f", "9100", "5767a08a73d7", "http://seamap.env.duke.edu/dataset/982", "http://www.adriawatch.provincia.rimini.it", "http://www.eurobis.org//imis?dasid=4527"],
"keywords" :["Satellite tracking"],
"language" :["English"],
"accessibilitySummary" :[""],
"contact" :["Michael"],
"version" :[""],
"temporalCoverage" :["2006", "07", "23"],
"publisher" :["Flanders Marine Institute", "VLIZ"],
"spatial" :["Adriatic Sea"],
"license" :[""],
"citation" :["None"],
"genre" :["species", "order", "http://www.emodnet", "biology.eu/portal/index.php?dasid=4527", "https://www.emodnet", "biology.eu/toolbox/en/download/occurrence/dataset/4527", "http://ipt.env.duke.edu/resource.do?r=zd_982_1deg", "https://obis.org/dataset/bf59afa5", "5d44", "420f", "9100", "5767a08a73d7", "http://seamap.env.duke.edu/dataset/982", "http://www.adriawatch.provincia.rimini.it", "http://www.eurobis.org//imis?dasid=4527"],
"creator" :["Flanders Marine Institute ("],
"modificationDate" :[""],
"distribution" :["http://www.emodnet", "biology.eu/portal/index.php?dasid=4527", "https://www.emodnet", "biology.eu/toolbox/en/download/occurrence/dataset/4527", "http://ipt.env.duke.edu/resource.do?r=zd_982_1deg", "https://obis.org/dataset/bf59afa5", "5d44", "420f", "9100", "5767a08a73d7", "http://seamap.env.duke.edu/dataset/982", "http://www.adriawatch.provincia.rimini.it", "http://www.eurobis.org//imis?dasid=4527"],
"image" :[""],
"thumbnailUrl" :[""],
"headline" :["None"],
"abstract" :["The ADRIA", "Watch project is a scientific observatory for large marine vertebrates of the Northern Adriatic Sea. Data are collected and pooled together into one single database", "working towards a better understanding and dealing of the problems affecting the large inhabitants of the area and to promote public awareness. ADRIA", "Watch collects data on sightings and strandings of Cetaceans (dolphins and whales)", "marine turtles and sharks along our coasts. ADRIA", "Watch also contributes to a sharing of knowledge: web site", "public conferences", "scientific seminars", "didactic material and educational projects. In the framework of this project 5 satellite", "tracked loggerhead turtles will be released in 2006", "from five different sites in the northern Adriatic sea", "from both Eastern (Slovenian and Croatian) and Western (Italian) shores."],
"theme" :[""],
"dateCreated" :["2006", "07", "23"],
"creditText" :[""],
"datePublished" :["2021", "03", "11T09:34:12"],
"producer" :[""],
"author" :[""],
"spatialCoverage" :["Adriatic Sea"],
"url" :["https://metadatacatalogue.lifewatch.eu/srv/api/records/oai:marineinfo.org:id:dataset:4527/formatters/xml?approved=true"],
"sponsor" :[""],
"size" :[""],
"sameAs" :[""],
"publication" :[""],
"provider" :[""],
"position" :[""],
"name" :[""],
"measurementTechnique" :[""],
"material" :[""],
"maintainer" :[""],
"locationCreated" :["Adriatic Sea"],
"issn" :[""],
"isPartOf" :[""],
"isBasedOn" :[""],
"isAccessibleForFree" :[""],
"includedInDataCatalog" :[""],
"editor" :[""],
"editEIDR" :[""],
"copyrightYear" :[""],
"copyrightNotice" :[""],
"copyrightHolder" :["Flanders Marine Institute", "VLIZ"],
"contributor" :["Flanders Marine Institute", "VLIZ"],
"contentReferenceTime" :[""],
"contentLocation" :[""],
"character" :[""],
"acquireLicensePage" :[""],
"accessModeSufficient" :[""],
"about" :[""],
"rights" :[""],
"relation" :[""],
"qualifiedRelation" :[""],
"qualifiedAttribution" :[""],
"previousVersion" :[""],
"nextVersion" :[""],
"landingPage" :["http://www.emodnet", "biology.eu/portal/index.php?dasid=4527", "", "https://www.emodnet", "biology.eu/toolbox/en/download/occurrence/dataset/4527", "", "http://ipt.env.duke.edu/resource.do?r=zd_982_1deg", "", "https://obis.org/dataset/bf59afa5", "5d44", "420f", "9100", "5767a08a73d7", "", "http://seamap.env.duke.edu/dataset/982", "", "http://www.adriawatch.provincia.rimini.it", "", "http://www.eurobis.org//imis?dasid=4527"],
"isReferencedBy" :[""],
"hasVersion" :[""],
"hasPolicy" :[""],
"hasCurrentVersion" :[""],
"useConstraints" :[""],
"status" :[""],
"spatialRepresentationType" :[""],
"spatialRepresentationInfo" :[""],
"scope" :[""],
"purpose" :[""],
"otherLocale" :[""],
"metadataProfile" :["Flanders Marine Institute (VLIZ)"],
"metadataLinkage" :[""],
"metadataIdentifier" :[""],
"environmentDescription" :[""],
"distributionInfo" :["http://www.emodnet", "biology.eu/portal/index.php?dasid=4527", "https://www.emodnet", "biology.eu/toolbox/en/download/occurrence/dataset/4527", "http://ipt.env.duke.edu/resource.do?r=zd_982_1deg", "https://obis.org/dataset/bf59afa5", "5d44", "420f", "9100", "5767a08a73d7", "http://seamap.env.duke.edu/dataset/982", "http://www.adriawatch.provincia.rimini.it", "http://www.eurobis.org//imis?dasid=4527"],
"dataQualityInfo" :[""],
"contentInfo" :[""],
"ResearchInfrastructure" :["LifeWatch"],
"EssentialVariables" :[""],
"potentialTopics" :["none", "project", "marine", "northern", "data", "site", "turtle", "public", "large", "scientific", "sea"]
}