{
"description" :["None"],
"identifier" :["http://nodc.ogs.trieste.it/nodc/metadata/doidetails?doi=10.6092/67bbf71c", "eb59", "4ace", "bbf1", "78229078f4ce", "https://doi.org/10.6092/67bbf71c", "eb59", "4ace", "bbf1", "78229078f4ce", "http://www.emodnet", "biology.eu/portal/index.php?dasid=5778", "https://www.emodnet", "biology.eu/toolbox/en/download/occurrence/dataset/5778", "http://nodc.ogs.trieste.it/ipt/resource?r=phytoplankton_ferriera", "https://obis.org/dataset/17e27612", "3f11", "41b1", "8080", "bbbc886145e4", "http://www.eurobis.org//imis?dasid=5778"],
"keywords" :[""],
"language" :["English"],
"accessibilitySummary" :[""],
"contact" :[""],
"version" :[""],
"temporalCoverage" :["2008", "09", "03"],
"publisher" :["Flanders Marine Institute", "VLIZ", "Fornasaro D.", "FERRIERA", "OGS", "Istituto Nazionale di Oceanografia e di Geofisica Sperimentale", "Division of Oceanography"],
"spatial" :["Adriatic", "Trieste"],
"license" :[""],
"citation" :["Fornasaro D.", "De Vittor C (2017): Phytoplankton monitoring in the Trieste harbour", "North Adriatic Sea (FERRIERA)", "2008", "2014. OGS (Istituto Nazionale di Oceanografia e di Geofisica Sperimentale)", "Division of Oceanography. https://doi.org/10.6092/67bbf71c", "eb59", "4ace", "bbf1", "78229078f4ce"],
"genre" :["phylum", "genus", "class", "class", "class", "http://nodc.ogs.trieste.it/nodc/metadata/doidetails?doi=10.6092/67bbf71c", "eb59", "4ace", "bbf1", "78229078f4ce", "https://doi.org/10.6092/67bbf71c", "eb59", "4ace", "bbf1", "78229078f4ce", "http://www.emodnet", "biology.eu/portal/index.php?dasid=5778", "https://www.emodnet", "biology.eu/toolbox/en/download/occurrence/dataset/5778", "http://nodc.ogs.trieste.it/ipt/resource?r=phytoplankton_ferriera", "https://obis.org/dataset/17e27612", "3f11", "41b1", "8080", "bbbc886145e4", "http://www.eurobis.org//imis?dasid=5778"],
"creator" :[""],
"modificationDate" :[""],
"distribution" :["http://nodc.ogs.trieste.it/nodc/metadata/doidetails?doi=10.6092/67bbf71c", "eb59", "4ace", "bbf1", "78229078f4ce", "https://doi.org/10.6092/67bbf71c", "eb59", "4ace", "bbf1", "78229078f4ce", "http://www.emodnet", "biology.eu/portal/index.php?dasid=5778", "https://www.emodnet", "biology.eu/toolbox/en/download/occurrence/dataset/5778", "http://nodc.ogs.trieste.it/ipt/resource?r=phytoplankton_ferriera", "https://obis.org/dataset/17e27612", "3f11", "41b1", "8080", "bbbc886145e4", "http://www.eurobis.org//imis?dasid=5778"],
"image" :[""],
"thumbnailUrl" :[""],
"headline" :["Fornasaro D.", "De Vittor C (2017): Phytoplankton monitoring in the Trieste harbour", "North Adriatic Sea (FERRIERA)", "2008", "2014. OGS (Istituto Nazionale di Oceanografia e di Geofisica Sperimentale)", "Division of Oceanography. https://doi.org/10.6092/67bbf71c", "eb59", "4ace", "bbf1", "78229078f4ce"],
"abstract" :["Phytoplankton monitoring in the Trieste harbour", "close to an iron foundry (FERRIERA)", "in the North Adriatic Sea. Sampling during 2008", "2014."],
"theme" :[""],
"dateCreated" :["2008", "09", "03"],
"creditText" :[""],
"datePublished" :["2021", "03", "11T10:09:28"],
"producer" :[""],
"author" :[""],
"spatialCoverage" :["Adriatic", "Trieste"],
"url" :["https://metadatacatalogue.lifewatch.eu/srv/api/records/oai:marineinfo.org:id:dataset:5778/formatters/xml?approved=true"],
"sponsor" :[""],
"size" :[""],
"sameAs" :[""],
"publication" :[""],
"provider" :[""],
"position" :[""],
"name" :[""],
"measurementTechnique" :[""],
"material" :[""],
"maintainer" :[""],
"locationCreated" :["Adriatic", "Trieste"],
"issn" :[""],
"isPartOf" :[""],
"isBasedOn" :[""],
"isAccessibleForFree" :[""],
"includedInDataCatalog" :[""],
"editor" :[""],
"editEIDR" :[""],
"copyrightYear" :[""],
"copyrightNotice" :[""],
"copyrightHolder" :["Flanders Marine Institute", "VLIZ"],
"contributor" :["Flanders Marine Institute", "VLIZ"],
"contentReferenceTime" :[""],
"contentLocation" :[""],
"character" :[""],
"acquireLicensePage" :[""],
"accessModeSufficient" :[""],
"about" :[""],
"rights" :[""],
"relation" :[""],
"qualifiedRelation" :[""],
"qualifiedAttribution" :[""],
"previousVersion" :[""],
"nextVersion" :[""],
"landingPage" :["http://nodc.ogs.trieste.it/nodc/metadata/doidetails?doi=10.6092/67bbf71c", "eb59", "4ace", "bbf1", "78229078f4ce", "", "https://doi.org/10.6092/67bbf71c", "eb59", "4ace", "bbf1", "78229078f4ce", "", "http://www.emodnet", "biology.eu/portal/index.php?dasid=5778", "", "https://www.emodnet", "biology.eu/toolbox/en/download/occurrence/dataset/5778", "", "http://nodc.ogs.trieste.it/ipt/resource?r=phytoplankton_ferriera", "", "https://obis.org/dataset/17e27612", "3f11", "41b1", "8080", "bbbc886145e4", "", "http://www.eurobis.org//imis?dasid=5778"],
"isReferencedBy" :["https://doi.org/10.6092/67bbf71c", "eb59", "4ace", "bbf1", "78229078f4ce"],
"hasVersion" :[""],
"hasPolicy" :[""],
"hasCurrentVersion" :[""],
"useConstraints" :[""],
"status" :[""],
"spatialRepresentationType" :[""],
"spatialRepresentationInfo" :[""],
"scope" :[""],
"purpose" :[""],
"otherLocale" :[""],
"metadataProfile" :["Flanders Marine Institute (VLIZ)"],
"metadataLinkage" :[""],
"metadataIdentifier" :[""],
"environmentDescription" :[""],
"distributionInfo" :["http://nodc.ogs.trieste.it/nodc/metadata/doidetails?doi=10.6092/67bbf71c", "eb59", "4ace", "bbf1", "78229078f4ce", "https://doi.org/10.6092/67bbf71c", "eb59", "4ace", "bbf1", "78229078f4ce", "http://www.emodnet", "biology.eu/portal/index.php?dasid=5778", "https://www.emodnet", "biology.eu/toolbox/en/download/occurrence/dataset/5778", "http://nodc.ogs.trieste.it/ipt/resource?r=phytoplankton_ferriera", "https://obis.org/dataset/17e27612", "3f11", "41b1", "8080", "bbbc886145e4", "http://www.eurobis.org//imis?dasid=5778"],
"dataQualityInfo" :[""],
"contentInfo" :[""],
"ResearchInfrastructure" :["LifeWatch"],
"EssentialVariables" :["Physiology"],
"potentialTopics" :["north", "phytoplankton", "monitoring", "sea", "division", "oceanography", "foundry", "close", "sampling", "iron"]
}