{
"description" :["None"],
"identifier" :["http://www.corpi.ku.lt/databases/index.php/aquanis", "http://ecosystemdata.ices.dk", "https://www.emodnet", "biology.eu/portal/index.php?dasid=6578", "https://www.emodnet", "biology.eu/toolbox/en/download/occurrence/dataset/6578", "http://ipt.vliz.be/eurobis/resource?r=non_indigenous_and_cryptogenic_species", "https://obis.org/dataset/2b43830c", "60c7", "4110", "a0f1", "84269a4b39d3", "http://www.eurobis.org//imis?dasid=6578"],
"keywords" :["Introduced species"],
"language" :["English"],
"accessibilitySummary" :[""],
"contact" :["Flanders Marine Institute ("],
"version" :[""],
"temporalCoverage" :["1801", "01", "01"],
"publisher" :["Flanders Marine Institute", "VLIZ", "Editorial Board", "Aquatic Non", "Indigenous and Cryptogenic"],
"spatial" :[""],
"license" :[""],
"citation" :["AquaNIS. Editorial Board", "2020. Information system on Aquatic Non", "Indigenous and Cryptogenic Species. World Wide Web electronic publication. www.corpi.ku.lt/databases/aquanis. Version 2.36+. Accessed 2020", "09", "09"],
"genre" :["species", "species", "species", "species", "species", "species", "species", "species", "species", "genus", "species", "species", "species", "species", "genus", "species", "species", "species", "genus", "species", "species", "species", "species", "family", "species", "species", "species", "species", "species", "species", "species", "species", "species", "species", "species", "family", "species", "species", "family", "species", "order", "species", "species", "species", "species", "species", "species", "species", "species", "species", "species", "species", "species", "species", "family", "http://www.corpi.ku.lt/databases/index.php/aquanis", "http://ecosystemdata.ices.dk", "https://www.emodnet", "biology.eu/portal/index.php?dasid=6578", "https://www.emodnet", "biology.eu/toolbox/en/download/occurrence/dataset/6578", "http://ipt.vliz.be/eurobis/resource?r=non_indigenous_and_cryptogenic_species", "https://obis.org/dataset/2b43830c", "60c7", "4110", "a0f1", "84269a4b39d3", "http://www.eurobis.org//imis?dasid=6578"],
"creator" :["Greta"],
"modificationDate" :[""],
"distribution" :["http://www.corpi.ku.lt/databases/index.php/aquanis", "http://ecosystemdata.ices.dk", "https://www.emodnet", "biology.eu/portal/index.php?dasid=6578", "https://www.emodnet", "biology.eu/toolbox/en/download/occurrence/dataset/6578", "http://ipt.vliz.be/eurobis/resource?r=non_indigenous_and_cryptogenic_species", "https://obis.org/dataset/2b43830c", "60c7", "4110", "a0f1", "84269a4b39d3", "http://www.eurobis.org//imis?dasid=6578"],
"image" :[""],
"thumbnailUrl" :[""],
"headline" :["AquaNIS. Editorial Board", "2020. Information system on Aquatic Non", "Indigenous and Cryptogenic Species. World Wide Web electronic publication. www.corpi.ku.lt/databases/aquanis. Version 2.36+. Accessed 2020", "09", "09"],
"abstract" :["The dataset includes 3305 georeferenced points/records. The data records were gathered using three types: digitatalization", "exact occurences and expert judgement. The georeferenced data was extracted from the scientific publications and specialized databases (AquaNIS", "ICES and Google scholar)."],
"theme" :["species", "habitat"],
"dateCreated" :["1801", "01", "01"],
"creditText" :[""],
"datePublished" :["2021", "03", "11T09:56:34"],
"producer" :[""],
"author" :[""],
"spatialCoverage" :[""],
"url" :["https://metadatacatalogue.lifewatch.eu/srv/api/records/oai:marineinfo.org:id:dataset:6578/formatters/xml?approved=true"],
"sponsor" :[""],
"size" :[""],
"sameAs" :[""],
"publication" :[""],
"provider" :[""],
"position" :[""],
"name" :[""],
"measurementTechnique" :[""],
"material" :[""],
"maintainer" :[""],
"locationCreated" :[""],
"issn" :[""],
"isPartOf" :[""],
"isBasedOn" :[""],
"isAccessibleForFree" :[""],
"includedInDataCatalog" :[""],
"editor" :[""],
"editEIDR" :[""],
"copyrightYear" :[""],
"copyrightNotice" :[""],
"copyrightHolder" :["Flanders Marine Institute", "VLIZ"],
"contributor" :["Flanders Marine Institute", "VLIZ"],
"contentReferenceTime" :[""],
"contentLocation" :[""],
"character" :[""],
"acquireLicensePage" :[""],
"accessModeSufficient" :[""],
"about" :[""],
"rights" :[""],
"relation" :[""],
"qualifiedRelation" :[""],
"qualifiedAttribution" :[""],
"previousVersion" :[""],
"nextVersion" :[""],
"landingPage" :["http://www.corpi.ku.lt/databases/index.php/aquanis", "", "http://ecosystemdata.ices.dk", "", "https://www.emodnet", "biology.eu/portal/index.php?dasid=6578", "", "https://www.emodnet", "biology.eu/toolbox/en/download/occurrence/dataset/6578", "", "http://ipt.vliz.be/eurobis/resource?r=non_indigenous_and_cryptogenic_species", "", "https://obis.org/dataset/2b43830c", "60c7", "4110", "a0f1", "84269a4b39d3", "", "http://www.eurobis.org//imis?dasid=6578"],
"isReferencedBy" :[""],
"hasVersion" :[""],
"hasPolicy" :[""],
"hasCurrentVersion" :[""],
"useConstraints" :[""],
"status" :[""],
"spatialRepresentationType" :[""],
"spatialRepresentationInfo" :[""],
"scope" :[""],
"purpose" :[""],
"otherLocale" :[""],
"metadataProfile" :["Flanders Marine Institute (VLIZ)"],
"metadataLinkage" :[""],
"metadataIdentifier" :[""],
"environmentDescription" :[""],
"distributionInfo" :["http://www.corpi.ku.lt/databases/index.php/aquanis", "http://ecosystemdata.ices.dk", "https://www.emodnet", "biology.eu/portal/index.php?dasid=6578", "https://www.emodnet", "biology.eu/toolbox/en/download/occurrence/dataset/6578", "http://ipt.vliz.be/eurobis/resource?r=non_indigenous_and_cryptogenic_species", "https://obis.org/dataset/2b43830c", "60c7", "4110", "a0f1", "84269a4b39d3", "http://www.eurobis.org//imis?dasid=6578"],
"dataQualityInfo" :[""],
"contentInfo" :[""],
"ResearchInfrastructure" :["LifeWatch"],
"EssentialVariables" :["Species distributions", "Species abundances", "Phenology", "Taxonomic/phylogenetic diversity", "Ecosystem phenology"],
"potentialTopics" :["data", "publication", "exact", "using", "expert", "record", "gathered", "type", "scholar", "scientific", "cryptogenic", "specie", "area", "sea", "regional", "adjacent", "three", "google", "version", "accessed", "information", "aquatic", "world", "system", "editorial", "web", "board"]
}