{
"description" :["None"],
"identifier" :["http://www.emodnet", "biology.eu/portal/index.php?dasid=1982", "https://www.emodnet", "biology.eu/toolbox/en/download/occurrence/dataset/1982", "https://obis.org/dataset/a9af8063", "840a", "4295", "98d9", "62843f12f0ba", "http://www.eurobis.org//imis?dasid=1982"],
"keywords" :[""],
"language" :["English"],
"accessibilitySummary" :[""],
"contact" :["Malika"],
"version" :[""],
"temporalCoverage" :[""],
"publisher" :["Flanders Marine Institute", "VLIZ", "National Institute of Marine Sciences", "Technologies"],
"spatial" :[""],
"license" :[""],
"citation" :["National Institute of Marine Sciences and Technologies", "Republic of Tunisia Trawling Surveys. Republic of Tunisia."],
"genre" :["http://www.emodnet", "biology.eu/portal/index.php?dasid=1982", "https://www.emodnet", "biology.eu/toolbox/en/download/occurrence/dataset/1982", "https://obis.org/dataset/a9af8063", "840a", "4295", "98d9", "62843f12f0ba", "http://www.eurobis.org//imis?dasid=1982"],
"creator" :["Flanders Marine Institute ("],
"modificationDate" :[""],
"distribution" :["http://www.emodnet", "biology.eu/portal/index.php?dasid=1982", "https://www.emodnet", "biology.eu/toolbox/en/download/occurrence/dataset/1982", "https://obis.org/dataset/a9af8063", "840a", "4295", "98d9", "62843f12f0ba", "http://www.eurobis.org//imis?dasid=1982"],
"image" :[""],
"thumbnailUrl" :[""],
"headline" :["National Institute of Marine Sciences and Technologies", "Republic of Tunisia Trawling Surveys. Republic of Tunisia."],
"abstract" :["Dataset from trawl surveys by the Laboratory of Marine Living Resources."],
"theme" :[""],
"dateCreated" :[""],
"creditText" :[""],
"datePublished" :["2021", "03", "11T09:48:34"],
"producer" :[""],
"author" :[""],
"spatialCoverage" :[""],
"url" :["https://metadatacatalogue.lifewatch.eu/srv/api/records/oai:marineinfo.org:id:dataset:1982/formatters/xml?approved=true"],
"sponsor" :[""],
"size" :[""],
"sameAs" :[""],
"publication" :[""],
"provider" :[""],
"position" :[""],
"name" :[""],
"measurementTechnique" :[""],
"material" :[""],
"maintainer" :[""],
"locationCreated" :[""],
"issn" :[""],
"isPartOf" :[""],
"isBasedOn" :[""],
"isAccessibleForFree" :[""],
"includedInDataCatalog" :[""],
"editor" :[""],
"editEIDR" :[""],
"copyrightYear" :[""],
"copyrightNotice" :[""],
"copyrightHolder" :["Flanders Marine Institute", "VLIZ"],
"contributor" :["Flanders Marine Institute", "VLIZ"],
"contentReferenceTime" :[""],
"contentLocation" :[""],
"character" :[""],
"acquireLicensePage" :[""],
"accessModeSufficient" :[""],
"about" :[""],
"rights" :[""],
"relation" :[""],
"qualifiedRelation" :[""],
"qualifiedAttribution" :[""],
"previousVersion" :[""],
"nextVersion" :[""],
"landingPage" :["http://www.emodnet", "biology.eu/portal/index.php?dasid=1982", "", "https://www.emodnet", "biology.eu/toolbox/en/download/occurrence/dataset/1982", "", "https://obis.org/dataset/a9af8063", "840a", "4295", "98d9", "62843f12f0ba", "", "http://www.eurobis.org//imis?dasid=1982"],
"isReferencedBy" :[""],
"hasVersion" :[""],
"hasPolicy" :[""],
"hasCurrentVersion" :[""],
"useConstraints" :[""],
"status" :[""],
"spatialRepresentationType" :[""],
"spatialRepresentationInfo" :[""],
"scope" :[""],
"purpose" :[""],
"otherLocale" :[""],
"metadataProfile" :["Flanders Marine Institute (VLIZ)"],
"metadataLinkage" :[""],
"metadataIdentifier" :[""],
"environmentDescription" :[""],
"distributionInfo" :["http://www.emodnet", "biology.eu/portal/index.php?dasid=1982", "https://www.emodnet", "biology.eu/toolbox/en/download/occurrence/dataset/1982", "https://obis.org/dataset/a9af8063", "840a", "4295", "98d9", "62843f12f0ba", "http://www.eurobis.org//imis?dasid=1982"],
"dataQualityInfo" :[""],
"contentInfo" :[""],
"ResearchInfrastructure" :["LifeWatch"],
"EssentialVariables" :[""],
"potentialTopics" :["marine", "survey", "trawl", "resource", "living", "laboratory", "republic", "technology", "national", "institute", "science", "trawling"]
}