{
"description" :["None"],
"identifier" :["http://www.emodnet", "biology.eu/portal/index.php?dasid=5140", "https://www.emodnet", "biology.eu/toolbox/en/download/occurrence/dataset/5140", "https://obis.org/dataset/19201a58", "d4e4", "42be", "8384", "676b6522443d", "http://www.eurobis.org//imis?dasid=5140"],
"keywords" :[""],
"language" :["English"],
"accessibilitySummary" :[""],
"contact" :[""],
"version" :[""],
"temporalCoverage" :["1872", "01", "01"],
"publisher" :["Flanders Marine Institute", "VLIZ", "Petryashov", "Mysida"],
"spatial" :["Europe"],
"license" :[""],
"citation" :["Petryashov", "V.V.; (2016). Mysida and Lophogastrida distribution data from: Deep", "sea fauna of European seas", "an annotated species check", "list of benthic invertebrates living deeper than 2000 m in the seas bordering Europe."],
"genre" :["order", "order", "http://www.emodnet", "biology.eu/portal/index.php?dasid=5140", "https://www.emodnet", "biology.eu/toolbox/en/download/occurrence/dataset/5140", "https://obis.org/dataset/19201a58", "d4e4", "42be", "8384", "676b6522443d", "http://www.eurobis.org//imis?dasid=5140"],
"creator" :[""],
"modificationDate" :[""],
"distribution" :["http://www.emodnet", "biology.eu/portal/index.php?dasid=5140", "https://www.emodnet", "biology.eu/toolbox/en/download/occurrence/dataset/5140", "https://obis.org/dataset/19201a58", "d4e4", "42be", "8384", "676b6522443d", "http://www.eurobis.org//imis?dasid=5140"],
"image" :[""],
"thumbnailUrl" :[""],
"headline" :["Petryashov", "V.V.; (2016). Mysida and Lophogastrida distribution data from: Deep", "sea fauna of European seas", "an annotated species check", "list of benthic invertebrates living deeper than 2000 m in the seas bordering Europe."],
"abstract" :["An annotated check", "list is given of Mysida and Lophogastrida species occurring deeper than 2000 m in the seas bordering Europe."],
"theme" :["species", "organism", "fungi"],
"dateCreated" :["1872", "01", "01"],
"creditText" :[""],
"datePublished" :["2021", "03", "11T09:28:30"],
"producer" :[""],
"author" :[""],
"spatialCoverage" :["Europe"],
"url" :["https://metadatacatalogue.lifewatch.eu/srv/api/records/oai:marineinfo.org:id:dataset:5140/formatters/xml?approved=true"],
"sponsor" :[""],
"size" :[""],
"sameAs" :[""],
"publication" :[""],
"provider" :[""],
"position" :[""],
"name" :[""],
"measurementTechnique" :[""],
"material" :[""],
"maintainer" :[""],
"locationCreated" :["Europe"],
"issn" :[""],
"isPartOf" :[""],
"isBasedOn" :[""],
"isAccessibleForFree" :[""],
"includedInDataCatalog" :[""],
"editor" :[""],
"editEIDR" :[""],
"copyrightYear" :[""],
"copyrightNotice" :[""],
"copyrightHolder" :["Flanders Marine Institute", "VLIZ"],
"contributor" :["Flanders Marine Institute", "VLIZ"],
"contentReferenceTime" :[""],
"contentLocation" :[""],
"character" :[""],
"acquireLicensePage" :[""],
"accessModeSufficient" :[""],
"about" :[""],
"rights" :[""],
"relation" :[""],
"qualifiedRelation" :[""],
"qualifiedAttribution" :[""],
"previousVersion" :[""],
"nextVersion" :[""],
"landingPage" :["http://www.emodnet", "biology.eu/portal/index.php?dasid=5140", "", "https://www.emodnet", "biology.eu/toolbox/en/download/occurrence/dataset/5140", "", "https://obis.org/dataset/19201a58", "d4e4", "42be", "8384", "676b6522443d", "", "http://www.eurobis.org//imis?dasid=5140"],
"isReferencedBy" :[""],
"hasVersion" :[""],
"hasPolicy" :[""],
"hasCurrentVersion" :[""],
"useConstraints" :[""],
"status" :[""],
"spatialRepresentationType" :[""],
"spatialRepresentationInfo" :[""],
"scope" :[""],
"purpose" :[""],
"otherLocale" :[""],
"metadataProfile" :["Flanders Marine Institute (VLIZ)"],
"metadataLinkage" :[""],
"metadataIdentifier" :[""],
"environmentDescription" :[""],
"distributionInfo" :["http://www.emodnet", "biology.eu/portal/index.php?dasid=5140", "https://www.emodnet", "biology.eu/toolbox/en/download/occurrence/dataset/5140", "https://obis.org/dataset/19201a58", "d4e4", "42be", "8384", "676b6522443d", "http://www.eurobis.org//imis?dasid=5140"],
"dataQualityInfo" :[""],
"contentInfo" :[""],
"ResearchInfrastructure" :["LifeWatch"],
"EssentialVariables" :["Species distributions", "Species abundances", "Physiology", "Taxonomic/phylogenetic diversity", "Ecosystem distribution"],
"potentialTopics" :["deeper", "annotated", "specie", "checklist", "bordering", "given", "occurring", "sea", "from", "fauna", "distribution", "data", "invertebrate", "benthic", "living"]
}