{
"description" :["None"],
"identifier" :["https://www.emodnet", "biology.eu/portal/index.php?dasid=5157", "https://www.emodnet", "biology.eu/toolbox/en/download/occurrence/dataset/5157", "https://www.gbif.org/dataset/df2a965e", "48b6", "4309", "9c6d", "8cb50237001c", "http://ipt.vliz.be/eurobis/resource?r=influence_of_light_on_the_fixation_of_ostrea_edulis_and_crepidula_fornicata_on_oyster_collectors_in_1964", "https://obis.org/dataset/22efe5f4", "e7e0", "468e", "b7bb", "296f393d89f8", "http://www.eurobis.org//imis?dasid=5157"],
"keywords" :["Hard substrates"],
"language" :["English"],
"accessibilitySummary" :[""],
"contact" :["Vlaams Instituut voor de Zee"],
"version" :[""],
"temporalCoverage" :["1964", "08", "20"],
"publisher" :["Vlaams Instituut voor de Zee", "Flanders Marine Institute", "VLIZ", "Bracke E.", "Polk P.", "voor Vergelijkende Ontleedkunde en Systematiek", "Laboratorium voor Systematiek en Ekologie", "RUG", "VUB", "Ostrea"],
"spatial" :["Belgium", "Oostende"],
"license" :[""],
"citation" :["Bracke E.; Polk P.; Laboratorium voor Vergelijkende Ontleedkunde en Systematiek. RUG; Laboratorium voor Systematiek en Ekologie. VUB: Belgium; (2016): Influence of light on the fixation of Ostrea edulis and Crepidula fornicata on oyster collectors in 1964. (http://www.vliz.be/en/imis?module=dataset&dasid=5157) http://dx.doi.org/10.14284/137"],
"genre" :["species", "species", "https://www.emodnet", "biology.eu/portal/index.php?dasid=5157", "https://www.emodnet", "biology.eu/toolbox/en/download/occurrence/dataset/5157", "https://www.gbif.org/dataset/df2a965e", "48b6", "4309", "9c6d", "8cb50237001c", "http://ipt.vliz.be/eurobis/resource?r=influence_of_light_on_the_fixation_of_ostrea_edulis_and_crepidula_fornicata_on_oyster_collectors_in_1964", "https://obis.org/dataset/22efe5f4", "e7e0", "468e", "b7bb", "296f393d89f8", "http://www.eurobis.org//imis?dasid=5157"],
"creator" :["Philip"],
"modificationDate" :[""],
"distribution" :["https://www.emodnet", "biology.eu/portal/index.php?dasid=5157", "https://www.emodnet", "biology.eu/toolbox/en/download/occurrence/dataset/5157", "https://www.gbif.org/dataset/df2a965e", "48b6", "4309", "9c6d", "8cb50237001c", "http://ipt.vliz.be/eurobis/resource?r=influence_of_light_on_the_fixation_of_ostrea_edulis_and_crepidula_fornicata_on_oyster_collectors_in_1964", "https://obis.org/dataset/22efe5f4", "e7e0", "468e", "b7bb", "296f393d89f8", "http://www.eurobis.org//imis?dasid=5157"],
"image" :[""],
"thumbnailUrl" :[""],
"headline" :["Bracke E.; Polk P.; Laboratorium voor Vergelijkende Ontleedkunde en Systematiek. RUG; Laboratorium voor Systematiek en Ekologie. VUB: Belgium; (2016): Influence of light on the fixation of Ostrea edulis and Crepidula fornicata on oyster collectors in 1964. (http://www.vliz.be/en/imis?module=dataset&dasid=5157) http://dx.doi.org/10.14284/137"],
"abstract" :["Counts of fixed <i>Ostrea edulis</i> and <i>Crepidula fornicata</i> species on 4 zones of a tile from an oyster collector in relationship to light intensity. The data were digitized by VLIZ from the original report: Bracke", "E.; Polk", "P. (1969). Contribution à la connaissance de la faune marine de la côte belge: 6. Linfluence de la lumière sur la fixation dOstrea edulis (L) et de Crepidula fornicata (L) sur les collecteurs dhuîtres."],
"theme" :["species"],
"dateCreated" :["1964", "08", "20"],
"creditText" :[""],
"datePublished" :["2021", "03"],
"producer" :[""],
"author" :[""],
"spatialCoverage" :["Belgium", "Oostende"],
"url" :["https://metadatacatalogue.lifewatch.eu/srv/api/records/oai:marineinfo.org:id:dataset:5157/formatters/xml?approved=true"],
"sponsor" :[""],
"size" :[""],
"sameAs" :[""],
"publication" :[""],
"provider" :[""],
"position" :[""],
"name" :[""],
"measurementTechnique" :[""],
"material" :[""],
"maintainer" :[""],
"locationCreated" :["Belgium", "Oostende"],
"issn" :[""],
"isPartOf" :[""],
"isBasedOn" :[""],
"isAccessibleForFree" :[""],
"includedInDataCatalog" :[""],
"editor" :[""],
"editEIDR" :[""],
"copyrightYear" :[""],
"copyrightNotice" :[""],
"copyrightHolder" :["Vlaams Instituut voor de Zee", "Flanders Marine Institute", "VLIZ"],
"contributor" :["Vlaams Instituut voor de Zee", "Flanders Marine Institute", "VLIZ"],
"contentReferenceTime" :[""],
"contentLocation" :[""],
"character" :[""],
"acquireLicensePage" :[""],
"accessModeSufficient" :[""],
"about" :[""],
"rights" :[""],
"relation" :[""],
"qualifiedRelation" :[""],
"qualifiedAttribution" :[""],
"previousVersion" :[""],
"nextVersion" :[""],
"landingPage" :["https://www.emodnet", "biology.eu/portal/index.php?dasid=5157", "", "https://www.emodnet", "biology.eu/toolbox/en/download/occurrence/dataset/5157", "", "https://www.gbif.org/dataset/df2a965e", "48b6", "4309", "9c6d", "8cb50237001c", "", "http://ipt.vliz.be/eurobis/resource?r=influence_of_light_on_the_fixation_of_ostrea_edulis_and_crepidula_fornicata_on_oyster_collectors_in_1964", "", "https://obis.org/dataset/22efe5f4", "e7e0", "468e", "b7bb", "296f393d89f8", "", "http://www.eurobis.org//imis?dasid=5157"],
"isReferencedBy" :["http://www.vliz.be/en/imis?module=dataset&dasid=5157)", "http://dx.doi.org/10.14284/137"],
"hasVersion" :[""],
"hasPolicy" :[""],
"hasCurrentVersion" :[""],
"useConstraints" :[""],
"status" :[""],
"spatialRepresentationType" :[""],
"spatialRepresentationInfo" :[""],
"scope" :[""],
"purpose" :[""],
"otherLocale" :[""],
"metadataProfile" :["Flanders Marine Institute (VLIZ)"],
"metadataLinkage" :[""],
"metadataIdentifier" :[""],
"environmentDescription" :[""],
"distributionInfo" :["https://www.emodnet", "biology.eu/portal/index.php?dasid=5157", "https://www.emodnet", "biology.eu/toolbox/en/download/occurrence/dataset/5157", "https://www.gbif.org/dataset/df2a965e", "48b6", "4309", "9c6d", "8cb50237001c", "http://ipt.vliz.be/eurobis/resource?r=influence_of_light_on_the_fixation_of_ostrea_edulis_and_crepidula_fornicata_on_oyster_collectors_in_1964", "https://obis.org/dataset/22efe5f4", "e7e0", "468e", "b7bb", "296f393d89f8", "http://www.eurobis.org//imis?dasid=5157"],
"dataQualityInfo" :[""],
"contentInfo" :[""],
"ResearchInfrastructure" :["LifeWatch"],
"EssentialVariables" :["Species distributions", "Species abundances", "Taxonomic/phylogenetic diversity"],
"potentialTopics" :["collector", "light", "fixation", "oyster", "influence", "rug", "tile", "original", "intensity", "marine", "relationship", "fixed", "contribution", "data", "zone", "specie", "report", "count", "digitized"]
}