{
"description" :["None"],
"identifier" :["http://www.emodnet", "biology.eu/portal/index.php?dasid=12", "https://www.emodnet", "biology.eu/toolbox/en/download/occurrence/dataset/12", "https://obis.org/dataset/877a23ca", "4950", "4237", "a405", "be49217cfc94", "http://www.eurobis.org//imis?dasid=12"],
"keywords" :["Benthic fauna"],
"language" :["English"],
"accessibilitySummary" :[""],
"contact" :["Sabine"],
"version" :[""],
"temporalCoverage" :["1992", "01", "01"],
"publisher" :["Flanders Marine Institute", "VLIZ", "Dahle S.", "S. Cochrane", "Akvaplan", "niva"],
"spatial" :["Barents Sea"],
"license" :[""],
"citation" :["Dahle S.", "S. Cochrane", "1992: Northern Barents Sea 1992. Akvaplan", "niva", "Norway"],
"genre" :["http://www.emodnet", "biology.eu/portal/index.php?dasid=12", "https://www.emodnet", "biology.eu/toolbox/en/download/occurrence/dataset/12", "https://obis.org/dataset/877a23ca", "4950", "4237", "a405", "be49217cfc94", "http://www.eurobis.org//imis?dasid=12"],
"creator" :["Flanders Marine Institute ("],
"modificationDate" :[""],
"distribution" :["http://www.emodnet", "biology.eu/portal/index.php?dasid=12", "https://www.emodnet", "biology.eu/toolbox/en/download/occurrence/dataset/12", "https://obis.org/dataset/877a23ca", "4950", "4237", "a405", "be49217cfc94", "http://www.eurobis.org//imis?dasid=12"],
"image" :[""],
"thumbnailUrl" :[""],
"headline" :["Dahle S.", "S. Cochrane", "1992: Northern Barents Sea 1992. Akvaplan", "niva", "Norway"],
"abstract" :["Benthic fauna in the Nothern Barents Sea was mapped in July 1992 by Akvaplan", "niva"],
"theme" :["organism", "fungi"],
"dateCreated" :["1992", "01", "01"],
"creditText" :[""],
"datePublished" :["2021", "03", "11T09:48:15"],
"producer" :[""],
"author" :[""],
"spatialCoverage" :["Barents Sea"],
"url" :["https://metadatacatalogue.lifewatch.eu/srv/api/records/oai:marineinfo.org:id:dataset:12/formatters/xml?approved=true"],
"sponsor" :[""],
"size" :[""],
"sameAs" :[""],
"publication" :[""],
"provider" :[""],
"position" :[""],
"name" :[""],
"measurementTechnique" :[""],
"material" :[""],
"maintainer" :[""],
"locationCreated" :["Barents Sea"],
"issn" :[""],
"isPartOf" :[""],
"isBasedOn" :[""],
"isAccessibleForFree" :[""],
"includedInDataCatalog" :[""],
"editor" :[""],
"editEIDR" :[""],
"copyrightYear" :[""],
"copyrightNotice" :[""],
"copyrightHolder" :["Flanders Marine Institute", "VLIZ"],
"contributor" :["Flanders Marine Institute", "VLIZ"],
"contentReferenceTime" :[""],
"contentLocation" :[""],
"character" :[""],
"acquireLicensePage" :[""],
"accessModeSufficient" :[""],
"about" :[""],
"rights" :[""],
"relation" :[""],
"qualifiedRelation" :[""],
"qualifiedAttribution" :[""],
"previousVersion" :[""],
"nextVersion" :[""],
"landingPage" :["http://www.emodnet", "biology.eu/portal/index.php?dasid=12", "", "https://www.emodnet", "biology.eu/toolbox/en/download/occurrence/dataset/12", "", "https://obis.org/dataset/877a23ca", "4950", "4237", "a405", "be49217cfc94", "", "http://www.eurobis.org//imis?dasid=12"],
"isReferencedBy" :[""],
"hasVersion" :[""],
"hasPolicy" :[""],
"hasCurrentVersion" :[""],
"useConstraints" :[""],
"status" :[""],
"spatialRepresentationType" :[""],
"spatialRepresentationInfo" :[""],
"scope" :[""],
"purpose" :[""],
"otherLocale" :[""],
"metadataProfile" :["Flanders Marine Institute (VLIZ)"],
"metadataLinkage" :[""],
"metadataIdentifier" :[""],
"environmentDescription" :[""],
"distributionInfo" :["http://www.emodnet", "biology.eu/portal/index.php?dasid=12", "https://www.emodnet", "biology.eu/toolbox/en/download/occurrence/dataset/12", "https://obis.org/dataset/877a23ca", "4950", "4237", "a405", "be49217cfc94", "http://www.eurobis.org//imis?dasid=12"],
"dataQualityInfo" :[""],
"contentInfo" :[""],
"ResearchInfrastructure" :["LifeWatch"],
"EssentialVariables" :["Physiology"],
"potentialTopics" :["sea", "benthic", "fauna", "mapped", "northern"]
}