{
"description" :["None"],
"identifier" :["http://www.emodnet", "biology.eu/portal/index.php?dasid=4675", "https://www.emodnet", "biology.eu/toolbox/en/download/occurrence/dataset/4675", "https://www.gbif.org/dataset/bc9ae1b5", "b293", "4952", "ae2b", "0ab0f705e06d", "http://ipt.vliz.be/imar/resource.do?r=popa_marine_mammals_sighting_during_fishery_operation_1998_2013", "https://obis.org/dataset/f6095707", "4117", "4580", "ad3e", "e7e6bd20df5a", "http://www.eurobis.org//imis?dasid=4675"],
"keywords" :["Tuna fisheries"],
"language" :["English"],
"accessibilitySummary" :[""],
"contact" :[""],
"version" :[""],
"temporalCoverage" :["1998", "01", "01"],
"publisher" :["Flanders Marine Institute", "VLIZ", "http://dx.doi.org/10.14284/16", "Machete", "M.", "Institute of Marine Research (IMAR", "Department of Oceanography and Fisheries", "University of the Azores", "DOP", "Fisheries Observer Program of the", "Azores"],
"spatial" :[""],
"license" :[""],
"citation" :["Machete", "M.; Institute of Marine Research (IMAR)", "Portugal; Department of Oceanography and Fisheries", "University of the Azores (DOP/UAC)", "Portugal; (2014): POPA", "Fisheries Observer Program of the Azores: Marine mammal sightings in the Azores tuna fishery from 1998 to 2013: while fishing. http://dx.doi.org/10.14284/16"],
"genre" :["class", "http://www.emodnet", "biology.eu/portal/index.php?dasid=4675", "https://www.emodnet", "biology.eu/toolbox/en/download/occurrence/dataset/4675", "https://www.gbif.org/dataset/bc9ae1b5", "b293", "4952", "ae2b", "0ab0f705e06d", "http://ipt.vliz.be/imar/resource.do?r=popa_marine_mammals_sighting_during_fishery_operation_1998_2013", "https://obis.org/dataset/f6095707", "4117", "4580", "ad3e", "e7e6bd20df5a", "http://www.eurobis.org//imis?dasid=4675"],
"creator" :["Flanders Marine Institute ("],
"modificationDate" :[""],
"distribution" :["http://www.emodnet", "biology.eu/portal/index.php?dasid=4675", "https://www.emodnet", "biology.eu/toolbox/en/download/occurrence/dataset/4675", "https://www.gbif.org/dataset/bc9ae1b5", "b293", "4952", "ae2b", "0ab0f705e06d", "http://ipt.vliz.be/imar/resource.do?r=popa_marine_mammals_sighting_during_fishery_operation_1998_2013", "https://obis.org/dataset/f6095707", "4117", "4580", "ad3e", "e7e6bd20df5a", "http://www.eurobis.org//imis?dasid=4675"],
"image" :[""],
"thumbnailUrl" :[""],
"headline" :["Machete", "M.; Institute of Marine Research (IMAR)", "Portugal; Department of Oceanography and Fisheries", "University of the Azores (DOP/UAC)", "Portugal; (2014): POPA", "Fisheries Observer Program of the Azores: Marine mammal sightings in the Azores tuna fishery from 1998 to 2013: while fishing. http://dx.doi.org/10.14284/16"],
"abstract" :["Recorded sightings of marine mammals close to the boat and/or interacting with the fishery", "while tuna fishing."],
"theme" :[""],
"dateCreated" :["1998", "01", "01"],
"creditText" :[""],
"datePublished" :["2021", "03", "11T10:07:36"],
"producer" :[""],
"author" :[""],
"spatialCoverage" :[""],
"url" :["https://metadatacatalogue.lifewatch.eu/srv/api/records/oai:marineinfo.org:id:dataset:4675/formatters/xml?approved=true"],
"sponsor" :[""],
"size" :[""],
"sameAs" :[""],
"publication" :[""],
"provider" :[""],
"position" :[""],
"name" :[""],
"measurementTechnique" :[""],
"material" :[""],
"maintainer" :[""],
"locationCreated" :[""],
"issn" :[""],
"isPartOf" :[""],
"isBasedOn" :[""],
"isAccessibleForFree" :[""],
"includedInDataCatalog" :[""],
"editor" :[""],
"editEIDR" :[""],
"copyrightYear" :[""],
"copyrightNotice" :[""],
"copyrightHolder" :["Flanders Marine Institute", "VLIZ"],
"contributor" :["Flanders Marine Institute", "VLIZ"],
"contentReferenceTime" :[""],
"contentLocation" :[""],
"character" :[""],
"acquireLicensePage" :[""],
"accessModeSufficient" :[""],
"about" :[""],
"rights" :[""],
"relation" :[""],
"qualifiedRelation" :[""],
"qualifiedAttribution" :[""],
"previousVersion" :[""],
"nextVersion" :[""],
"landingPage" :["http://www.emodnet", "biology.eu/portal/index.php?dasid=4675", "", "https://www.emodnet", "biology.eu/toolbox/en/download/occurrence/dataset/4675", "", "https://www.gbif.org/dataset/bc9ae1b5", "b293", "4952", "ae2b", "0ab0f705e06d", "", "http://ipt.vliz.be/imar/resource.do?r=popa_marine_mammals_sighting_during_fishery_operation_1998_2013", "", "https://obis.org/dataset/f6095707", "4117", "4580", "ad3e", "e7e6bd20df5a", "", "http://www.eurobis.org//imis?dasid=4675"],
"isReferencedBy" :["http://dx.doi.org/10.14284/16"],
"hasVersion" :[""],
"hasPolicy" :[""],
"hasCurrentVersion" :[""],
"useConstraints" :[""],
"status" :[""],
"spatialRepresentationType" :[""],
"spatialRepresentationInfo" :[""],
"scope" :[""],
"purpose" :[""],
"otherLocale" :[""],
"metadataProfile" :["Flanders Marine Institute (VLIZ)"],
"metadataLinkage" :[""],
"metadataIdentifier" :[""],
"environmentDescription" :[""],
"distributionInfo" :["http://www.emodnet", "biology.eu/portal/index.php?dasid=4675", "https://www.emodnet", "biology.eu/toolbox/en/download/occurrence/dataset/4675", "https://www.gbif.org/dataset/bc9ae1b5", "b293", "4952", "ae2b", "0ab0f705e06d", "http://ipt.vliz.be/imar/resource.do?r=popa_marine_mammals_sighting_during_fishery_operation_1998_2013", "https://obis.org/dataset/f6095707", "4117", "4580", "ad3e", "e7e6bd20df5a", "http://www.eurobis.org//imis?dasid=4675"],
"dataQualityInfo" :[""],
"contentInfo" :[""],
"ResearchInfrastructure" :["LifeWatch"],
"EssentialVariables" :["Physiology"],
"potentialTopics" :["department", "university", "machete", "institute", "oceanography", "research", "fishery", "marine", "program", "observer", "interacting", "close", "recorded", "boat", "tuna", "fishing", "sighting", "mammal"]
}