{
"description" :["None"],
"identifier" :["http://nodc.ogs.trieste.it/nodc/metadata/doidetails?doi=10.6092/ed5409e9", "48b7", "46c7", "be27", "6fbdb398a4ef", "https://doi.org/10.6092/ed5409e9", "48b7", "46c7", "be27", "6fbdb398a4ef", "http://www.emodnet", "biology.eu/portal/index.php?dasid=5747", "https://www.emodnet", "biology.eu/toolbox/en/download/occurrence/dataset/5747", "http://nodc.ogs.trieste.it/ipt/resource.do?r=po", "ritmare", "phytoplankton", "https://obis.org/dataset/ad51890d", "cf00", "41b7", "b37e", "a100110ec7b1", "http://www.eurobis.org//imis?dasid=5747"],
"keywords" :[""],
"language" :["English"],
"accessibilitySummary" :[""],
"contact" :["Paola"],
"version" :[""],
"temporalCoverage" :["2013", "11", "29"],
"publisher" :["Flanders Marine Institute", "VLIZ", "Fornasaro D.", "Del Negro", "OGS", "Istituto Nazionale di Oceanografia e di Geofisica Sperimentale", "Division of Oceanography"],
"spatial" :["Italy", "Veneto", "Po Delta"],
"license" :[""],
"citation" :["Fornasaro D.", "Del Negro P. (2018): Phytoplankton collected in the Po River Delta", "North Adriatic Sea (RITMARE Project) 2013", "2014. OGS (Istituto Nazionale di Oceanografia e di Geofisica Sperimentale)", "Division of Oceanography. https://doi.org/10.6092/ed5409e9", "48b7", "46c7", "be27", "6fbdb398a4ef"],
"genre" :["phylum", "genus", "class", "class", "class", "http://nodc.ogs.trieste.it/nodc/metadata/doidetails?doi=10.6092/ed5409e9", "48b7", "46c7", "be27", "6fbdb398a4ef", "https://doi.org/10.6092/ed5409e9", "48b7", "46c7", "be27", "6fbdb398a4ef", "http://www.emodnet", "biology.eu/portal/index.php?dasid=5747", "https://www.emodnet", "biology.eu/toolbox/en/download/occurrence/dataset/5747", "http://nodc.ogs.trieste.it/ipt/resource.do?r=po", "ritmare", "phytoplankton", "https://obis.org/dataset/ad51890d", "cf00", "41b7", "b37e", "a100110ec7b1", "http://www.eurobis.org//imis?dasid=5747"],
"creator" :[""],
"modificationDate" :[""],
"distribution" :["http://nodc.ogs.trieste.it/nodc/metadata/doidetails?doi=10.6092/ed5409e9", "48b7", "46c7", "be27", "6fbdb398a4ef", "https://doi.org/10.6092/ed5409e9", "48b7", "46c7", "be27", "6fbdb398a4ef", "http://www.emodnet", "biology.eu/portal/index.php?dasid=5747", "https://www.emodnet", "biology.eu/toolbox/en/download/occurrence/dataset/5747", "http://nodc.ogs.trieste.it/ipt/resource.do?r=po", "ritmare", "phytoplankton", "https://obis.org/dataset/ad51890d", "cf00", "41b7", "b37e", "a100110ec7b1", "http://www.eurobis.org//imis?dasid=5747"],
"image" :[""],
"thumbnailUrl" :[""],
"headline" :["Fornasaro D.", "Del Negro P. (2018): Phytoplankton collected in the Po River Delta", "North Adriatic Sea (RITMARE Project) 2013", "2014. OGS (Istituto Nazionale di Oceanografia e di Geofisica Sperimentale)", "Division of Oceanography. https://doi.org/10.6092/ed5409e9", "48b7", "46c7", "be27", "6fbdb398a4ef"],
"abstract" :["Phytoplankton collected in the Po Delta", "North Adriatic Sea in the framework of the Italian Flagship Project RITMARE. 2013", "2014", ""],
"theme" :[""],
"dateCreated" :["2013", "11", "29"],
"creditText" :[""],
"datePublished" :["2021", "03", "11T09:57:58"],
"producer" :[""],
"author" :[""],
"spatialCoverage" :["Italy", "Veneto", "Po Delta"],
"url" :["https://metadatacatalogue.lifewatch.eu/srv/api/records/oai:marineinfo.org:id:dataset:5747/formatters/xml?approved=true"],
"sponsor" :[""],
"size" :[""],
"sameAs" :[""],
"publication" :[""],
"provider" :[""],
"position" :[""],
"name" :[""],
"measurementTechnique" :[""],
"material" :[""],
"maintainer" :[""],
"locationCreated" :["Italy", "Veneto", "Po Delta"],
"issn" :[""],
"isPartOf" :[""],
"isBasedOn" :[""],
"isAccessibleForFree" :[""],
"includedInDataCatalog" :[""],
"editor" :[""],
"editEIDR" :[""],
"copyrightYear" :[""],
"copyrightNotice" :[""],
"copyrightHolder" :["Flanders Marine Institute", "VLIZ"],
"contributor" :["Flanders Marine Institute", "VLIZ"],
"contentReferenceTime" :[""],
"contentLocation" :[""],
"character" :[""],
"acquireLicensePage" :[""],
"accessModeSufficient" :[""],
"about" :[""],
"rights" :[""],
"relation" :[""],
"qualifiedRelation" :[""],
"qualifiedAttribution" :[""],
"previousVersion" :[""],
"nextVersion" :[""],
"landingPage" :["http://nodc.ogs.trieste.it/nodc/metadata/doidetails?doi=10.6092/ed5409e9", "48b7", "46c7", "be27", "6fbdb398a4ef", "", "https://doi.org/10.6092/ed5409e9", "48b7", "46c7", "be27", "6fbdb398a4ef", "", "http://www.emodnet", "biology.eu/portal/index.php?dasid=5747", "", "https://www.emodnet", "biology.eu/toolbox/en/download/occurrence/dataset/5747", "", "http://nodc.ogs.trieste.it/ipt/resource.do?r=po", "ritmare", "phytoplankton", "", "https://obis.org/dataset/ad51890d", "cf00", "41b7", "b37e", "a100110ec7b1", "", "http://www.eurobis.org//imis?dasid=5747"],
"isReferencedBy" :["https://doi.org/10.6092/ed5409e9", "48b7", "46c7", "be27", "6fbdb398a4ef"],
"hasVersion" :[""],
"hasPolicy" :[""],
"hasCurrentVersion" :[""],
"useConstraints" :[""],
"status" :[""],
"spatialRepresentationType" :[""],
"spatialRepresentationInfo" :[""],
"scope" :[""],
"purpose" :[""],
"otherLocale" :[""],
"metadataProfile" :["Flanders Marine Institute (VLIZ)"],
"metadataLinkage" :[""],
"metadataIdentifier" :[""],
"environmentDescription" :[""],
"distributionInfo" :["http://nodc.ogs.trieste.it/nodc/metadata/doidetails?doi=10.6092/ed5409e9", "48b7", "46c7", "be27", "6fbdb398a4ef", "https://doi.org/10.6092/ed5409e9", "48b7", "46c7", "be27", "6fbdb398a4ef", "http://www.emodnet", "biology.eu/portal/index.php?dasid=5747", "https://www.emodnet", "biology.eu/toolbox/en/download/occurrence/dataset/5747", "http://nodc.ogs.trieste.it/ipt/resource.do?r=po", "ritmare", "phytoplankton", "https://obis.org/dataset/ad51890d", "cf00", "41b7", "b37e", "a100110ec7b1", "http://www.eurobis.org//imis?dasid=5747"],
"dataQualityInfo" :[""],
"contentInfo" :[""],
"ResearchInfrastructure" :["LifeWatch"],
"EssentialVariables" :["Physiology"],
"potentialTopics" :["collected", "phytoplankton", "sea", "delta", "north", "project", "flagship", "framework", "river", "oceanography", "del", "division", "negro"]
}