{
"description" :["None"],
"identifier" :["https://www.emodnet", "biology.eu/portal/index.php?dasid=4600", "https://www.emodnet", "biology.eu/toolbox/en/download/occurrence/dataset/4600", "https://www.gbif.org/dataset/23a554c4", "a5ba", "4600", "aa2c", "fb44035b7f65", "http://ipt.vliz.be/eurobis/resource?r=meiobenthos_arctic_1991", "https://obis.org/dataset/feb3d6a4", "39b2", "4d91", "85eb", "e7e98782c80a", "http://www.eurobis.org//imis?dasid=4600"],
"keywords" :["Community composition"],
"language" :["English"],
"accessibilitySummary" :[""],
"contact" :["Vlaams Instituut voor de Zee"],
"version" :[""],
"temporalCoverage" :["1991", "08", "31"],
"publisher" :["Vlaams Instituut voor de Zee", "Flanders Marine Institute", "VLIZ", "Jivaluk J.", "Vinckx M.", "Applied Marine Ecology Post Graduate Program", "VUB", "Marine Biology Section", "Zoology Institute"],
"spatial" :[""],
"license" :[""],
"citation" :["Jivaluk J.; Vinckx M.; Fundamental and Applied Marine Ecology Post Graduate Program (FAME). VUB; Marine Biology Section", "Zoology Institute. Ugent: Belgium; (2016): Comparative study of the meiobenthos in the Arctic region in 1991. (http://www.vliz.be/en/imis?module=dataset&dasid=4600) http://dx.doi.org/10.14284/236"],
"genre" :["tribe", "genus", "genus", "genus", "genus", "class", "genus", "family", "genus", "genus", "family", "phylum", "subclass", "subphylum", "genus", "genus", "genus", "genus", "genus", "genus", "genus", "genus", "genus", "genus", "phylum", "class", "genus", "genus", "order", "genus", "genus", "genus", "genus", "phylum", "genus", "genus", "genus", "genus", "genus", "genus", "genus", "phylum", "genus", "genus", "class", "family", "genus", "genus", "genus", "subgenus", "class", "genus", "genus", "genus", "genus", "genus", "genus", "phylum", "genus", "genus", "genus", "phylum", "genus", "genus", "genus", "class", "genus", "genus", "https://www.emodnet", "biology.eu/portal/index.php?dasid=4600", "https://www.emodnet", "biology.eu/toolbox/en/download/occurrence/dataset/4600", "https://www.gbif.org/dataset/23a554c4", "a5ba", "4600", "aa2c", "fb44035b7f65", "http://ipt.vliz.be/eurobis/resource?r=meiobenthos_arctic_1991", "https://obis.org/dataset/feb3d6a4", "39b2", "4d91", "85eb", "e7e98782c80a", "http://www.eurobis.org//imis?dasid=4600"],
"creator" :["Jutamas"],
"modificationDate" :[""],
"distribution" :["https://www.emodnet", "biology.eu/portal/index.php?dasid=4600", "https://www.emodnet", "biology.eu/toolbox/en/download/occurrence/dataset/4600", "https://www.gbif.org/dataset/23a554c4", "a5ba", "4600", "aa2c", "fb44035b7f65", "http://ipt.vliz.be/eurobis/resource?r=meiobenthos_arctic_1991", "https://obis.org/dataset/feb3d6a4", "39b2", "4d91", "85eb", "e7e98782c80a", "http://www.eurobis.org//imis?dasid=4600"],
"image" :[""],
"thumbnailUrl" :[""],
"headline" :["Jivaluk J.; Vinckx M.; Fundamental and Applied Marine Ecology Post Graduate Program (FAME). VUB; Marine Biology Section", "Zoology Institute. Ugent: Belgium; (2016): Comparative study of the meiobenthos in the Arctic region in 1991. (http://www.vliz.be/en/imis?module=dataset&dasid=4600) http://dx.doi.org/10.14284/236"],
"abstract" :["Study on meiobenthos and nematode communities (counts", "density", "biomass", "genus composition) collected in the Arctic Ocean in August and September 1991. The data were digitized by VLIZ from the original report: Jivaluk", "J. (1993). Comparative study of the meiobenthos in the Arctic region. MSc Thesis. RUG: Gent. 135 pp."],
"theme" :["species"],
"dateCreated" :["1991", "08", "31"],
"creditText" :[""],
"datePublished" :["2021", "03", "11T10:13:43"],
"producer" :[""],
"author" :[""],
"spatialCoverage" :[""],
"url" :["https://metadatacatalogue.lifewatch.eu/srv/api/records/oai:marineinfo.org:id:dataset:4600/formatters/xml?approved=true"],
"sponsor" :[""],
"size" :[""],
"sameAs" :[""],
"publication" :[""],
"provider" :[""],
"position" :[""],
"name" :[""],
"measurementTechnique" :[""],
"material" :[""],
"maintainer" :[""],
"locationCreated" :[""],
"issn" :[""],
"isPartOf" :[""],
"isBasedOn" :[""],
"isAccessibleForFree" :[""],
"includedInDataCatalog" :[""],
"editor" :[""],
"editEIDR" :[""],
"copyrightYear" :[""],
"copyrightNotice" :[""],
"copyrightHolder" :["Vlaams Instituut voor de Zee", "Flanders Marine Institute", "VLIZ"],
"contributor" :["Vlaams Instituut voor de Zee", "Flanders Marine Institute", "VLIZ"],
"contentReferenceTime" :[""],
"contentLocation" :[""],
"character" :[""],
"acquireLicensePage" :[""],
"accessModeSufficient" :[""],
"about" :[""],
"rights" :[""],
"relation" :[""],
"qualifiedRelation" :[""],
"qualifiedAttribution" :[""],
"previousVersion" :[""],
"nextVersion" :[""],
"landingPage" :["https://www.emodnet", "biology.eu/portal/index.php?dasid=4600", "", "https://www.emodnet", "biology.eu/toolbox/en/download/occurrence/dataset/4600", "", "https://www.gbif.org/dataset/23a554c4", "a5ba", "4600", "aa2c", "fb44035b7f65", "", "http://ipt.vliz.be/eurobis/resource?r=meiobenthos_arctic_1991", "", "https://obis.org/dataset/feb3d6a4", "39b2", "4d91", "85eb", "e7e98782c80a", "", "http://www.eurobis.org//imis?dasid=4600"],
"isReferencedBy" :["http://www.vliz.be/en/imis?module=dataset&dasid=4600)", "http://dx.doi.org/10.14284/236"],
"hasVersion" :[""],
"hasPolicy" :[""],
"hasCurrentVersion" :[""],
"useConstraints" :[""],
"status" :[""],
"spatialRepresentationType" :[""],
"spatialRepresentationInfo" :[""],
"scope" :[""],
"purpose" :[""],
"otherLocale" :[""],
"metadataProfile" :["Flanders Marine Institute (VLIZ)"],
"metadataLinkage" :[""],
"metadataIdentifier" :[""],
"environmentDescription" :[""],
"distributionInfo" :["https://www.emodnet", "biology.eu/portal/index.php?dasid=4600", "https://www.emodnet", "biology.eu/toolbox/en/download/occurrence/dataset/4600", "https://www.gbif.org/dataset/23a554c4", "a5ba", "4600", "aa2c", "fb44035b7f65", "http://ipt.vliz.be/eurobis/resource?r=meiobenthos_arctic_1991", "https://obis.org/dataset/feb3d6a4", "39b2", "4d91", "85eb", "e7e98782c80a", "http://www.eurobis.org//imis?dasid=4600"],
"dataQualityInfo" :[""],
"contentInfo" :[""],
"ResearchInfrastructure" :["LifeWatch"],
"EssentialVariables" :["Species distributions", "Species abundances", "Physiology", "Community abundance", "Taxonomic/phylogenetic diversity"],
"potentialTopics" :["marine", "region", "comparative", "arctic", "study", "program", "fame", "institute", "post", "biology", "count", "digitized", "august", "report", "ocean", "data", "biomass", "collected", "gent", "composition", "community", "genus"]
}