{
"description" :["None"],
"identifier" :["http://nodc.ogs.trieste.it/nodc/metadata/doidetails?doi=10.6092/8ba429c3", "88ca", "48c0", "a2aa", "66e56c931428", "https://doi.org/10.6092/8ba429c3", "88ca", "48c0", "a2aa", "66e56c931428", "http://www.emodnet", "biology.eu/portal/index.php?dasid=5748", "http://www.emodnet", "biology.eu/toolbox/en/download/occurrence/dataset/5748", "https://obis.org/dataset/a9703223", "de3f", "43ac", "a717", "bc386cbb79fd", "http://www.eurobis.org//imis?dasid=5748"],
"keywords" :[""],
"language" :["English"],
"accessibilitySummary" :[""],
"contact" :[""],
"version" :[""],
"temporalCoverage" :["2013", "02", "01"],
"publisher" :["Flanders Marine Institute", "VLIZ", "Cerino F"],
"spatial" :["South East Adriatic Sea"],
"license" :[""],
"citation" :["Cerino F", "Civitarese G (2018): Phytoplankton in the South Adriatic Sea (MEDGES Experiment) 2013. https://doi.org/10.6092/8ba429c3", "88ca", "48c0", "a2aa", "66e56c931428"],
"genre" :["phylum", "genus", "class", "class", "class", "http://nodc.ogs.trieste.it/nodc/metadata/doidetails?doi=10.6092/8ba429c3", "88ca", "48c0", "a2aa", "66e56c931428", "https://doi.org/10.6092/8ba429c3", "88ca", "48c0", "a2aa", "66e56c931428", "http://www.emodnet", "biology.eu/portal/index.php?dasid=5748", "http://www.emodnet", "biology.eu/toolbox/en/download/occurrence/dataset/5748", "https://obis.org/dataset/a9703223", "de3f", "43ac", "a717", "bc386cbb79fd", "http://www.eurobis.org//imis?dasid=5748"],
"creator" :["Flanders Marine Institute ("],
"modificationDate" :[""],
"distribution" :["http://nodc.ogs.trieste.it/nodc/metadata/doidetails?doi=10.6092/8ba429c3", "88ca", "48c0", "a2aa", "66e56c931428", "https://doi.org/10.6092/8ba429c3", "88ca", "48c0", "a2aa", "66e56c931428", "http://www.emodnet", "biology.eu/portal/index.php?dasid=5748", "http://www.emodnet", "biology.eu/toolbox/en/download/occurrence/dataset/5748", "https://obis.org/dataset/a9703223", "de3f", "43ac", "a717", "bc386cbb79fd", "http://www.eurobis.org//imis?dasid=5748"],
"image" :[""],
"thumbnailUrl" :[""],
"headline" :["Cerino F", "Civitarese G (2018): Phytoplankton in the South Adriatic Sea (MEDGES Experiment) 2013. https://doi.org/10.6092/8ba429c3", "88ca", "48c0", "a2aa", "66e56c931428"],
"abstract" :["Phytoplankton collected in the South Adriatic Sea during a cruise in February 2013", "as part of MEDGES experiment in the framework of the Italian project RITMARE", "La Ricerca Italiana per il MARE"],
"theme" :[""],
"dateCreated" :["2013", "02", "01"],
"creditText" :[""],
"datePublished" :["2021", "03", "11T09:58:13"],
"producer" :[""],
"author" :[""],
"spatialCoverage" :["South East Adriatic Sea"],
"url" :["https://metadatacatalogue.lifewatch.eu/srv/api/records/oai:marineinfo.org:id:dataset:5748/formatters/xml?approved=true"],
"sponsor" :[""],
"size" :[""],
"sameAs" :[""],
"publication" :[""],
"provider" :[""],
"position" :[""],
"name" :[""],
"measurementTechnique" :[""],
"material" :[""],
"maintainer" :[""],
"locationCreated" :["South East Adriatic Sea"],
"issn" :[""],
"isPartOf" :[""],
"isBasedOn" :[""],
"isAccessibleForFree" :[""],
"includedInDataCatalog" :[""],
"editor" :[""],
"editEIDR" :[""],
"copyrightYear" :[""],
"copyrightNotice" :[""],
"copyrightHolder" :["Flanders Marine Institute", "VLIZ"],
"contributor" :["Flanders Marine Institute", "VLIZ"],
"contentReferenceTime" :[""],
"contentLocation" :[""],
"character" :[""],
"acquireLicensePage" :[""],
"accessModeSufficient" :[""],
"about" :[""],
"rights" :[""],
"relation" :[""],
"qualifiedRelation" :[""],
"qualifiedAttribution" :[""],
"previousVersion" :[""],
"nextVersion" :[""],
"landingPage" :["http://nodc.ogs.trieste.it/nodc/metadata/doidetails?doi=10.6092/8ba429c3", "88ca", "48c0", "a2aa", "66e56c931428", "", "https://doi.org/10.6092/8ba429c3", "88ca", "48c0", "a2aa", "66e56c931428", "", "http://www.emodnet", "biology.eu/portal/index.php?dasid=5748", "", "http://www.emodnet", "biology.eu/toolbox/en/download/occurrence/dataset/5748", "", "https://obis.org/dataset/a9703223", "de3f", "43ac", "a717", "bc386cbb79fd", "", "http://www.eurobis.org//imis?dasid=5748"],
"isReferencedBy" :["https://doi.org/10.6092/8ba429c3", "88ca", "48c0", "a2aa", "66e56c931428"],
"hasVersion" :[""],
"hasPolicy" :[""],
"hasCurrentVersion" :[""],
"useConstraints" :[""],
"status" :[""],
"spatialRepresentationType" :[""],
"spatialRepresentationInfo" :[""],
"scope" :[""],
"purpose" :[""],
"otherLocale" :[""],
"metadataProfile" :["Flanders Marine Institute (VLIZ)"],
"metadataLinkage" :[""],
"metadataIdentifier" :[""],
"environmentDescription" :[""],
"distributionInfo" :["http://nodc.ogs.trieste.it/nodc/metadata/doidetails?doi=10.6092/8ba429c3", "88ca", "48c0", "a2aa", "66e56c931428", "https://doi.org/10.6092/8ba429c3", "88ca", "48c0", "a2aa", "66e56c931428", "http://www.emodnet", "biology.eu/portal/index.php?dasid=5748", "http://www.emodnet", "biology.eu/toolbox/en/download/occurrence/dataset/5748", "https://obis.org/dataset/a9703223", "de3f", "43ac", "a717", "bc386cbb79fd", "http://www.eurobis.org//imis?dasid=5748"],
"dataQualityInfo" :[""],
"contentInfo" :[""],
"ResearchInfrastructure" :["LifeWatch"],
"EssentialVariables" :[""],
"potentialTopics" :["sea", "south", "phytoplankton", "experiment", "collected", "framework", "project", "per", "mare", "part", "cruise"]
}