{
"description" :["None"],
"identifier" :["http://www.emodnet", "biology.eu/portal/index.php?dasid=2828", "https://www.emodnet", "biology.eu/toolbox/en/download/occurrence/dataset/2828", "http://ipt.env.duke.edu/resource?r=zd_343", "https://obis.org/dataset/dc5e998b", "8b88", "495b", "9901", "6de1c6831d86", "http://seamap.env.duke.edu/datasets/detail/343", "http://www.eurobis.org//imis?dasid=2828"],
"keywords" :[""],
"language" :["English"],
"accessibilitySummary" :[""],
"contact" :["Anna"],
"version" :[""],
"temporalCoverage" :["2001", "01", "01"],
"publisher" :["https://www.emodnet", "biology.eu/toolbox/en/download/occurrence/dataset/2828", "https://obis.org/dataset/dc5e998b", "8b88", "495b", "9901", "6de1c6831d86", "Flanders Marine Institute", "VLIZ"],
"spatial" :[""],
"license" :[""],
"citation" :["None"],
"genre" :["species", "http://www.emodnet", "biology.eu/portal/index.php?dasid=2828", "https://www.emodnet", "biology.eu/toolbox/en/download/occurrence/dataset/2828", "http://ipt.env.duke.edu/resource?r=zd_343", "https://obis.org/dataset/dc5e998b", "8b88", "495b", "9901", "6de1c6831d86", "http://seamap.env.duke.edu/datasets/detail/343", "http://www.eurobis.org//imis?dasid=2828"],
"creator" :["Flanders Marine Institute ("],
"modificationDate" :[""],
"distribution" :["http://www.emodnet", "biology.eu/portal/index.php?dasid=2828", "https://www.emodnet", "biology.eu/toolbox/en/download/occurrence/dataset/2828", "http://ipt.env.duke.edu/resource?r=zd_343", "https://obis.org/dataset/dc5e998b", "8b88", "495b", "9901", "6de1c6831d86", "http://seamap.env.duke.edu/datasets/detail/343", "http://www.eurobis.org//imis?dasid=2828"],
"image" :[""],
"thumbnailUrl" :[""],
"headline" :["None"],
"abstract" :["Boat", "based acoustic surveys for harbor porpoises in the Baltic Sea during the summers of 2001 and 2002."],
"theme" :[""],
"dateCreated" :["2001", "01", "01"],
"creditText" :[""],
"datePublished" :["2021", "03", "11T09:50:04"],
"producer" :[""],
"author" :[""],
"spatialCoverage" :[""],
"url" :["https://metadatacatalogue.lifewatch.eu/srv/api/records/oai:marineinfo.org:id:dataset:2828/formatters/xml?approved=true"],
"sponsor" :[""],
"size" :[""],
"sameAs" :[""],
"publication" :[""],
"provider" :[""],
"position" :[""],
"name" :[""],
"measurementTechnique" :[""],
"material" :[""],
"maintainer" :[""],
"locationCreated" :[""],
"issn" :[""],
"isPartOf" :[""],
"isBasedOn" :[""],
"isAccessibleForFree" :[""],
"includedInDataCatalog" :[""],
"editor" :[""],
"editEIDR" :[""],
"copyrightYear" :[""],
"copyrightNotice" :[""],
"copyrightHolder" :["Flanders Marine Institute", "VLIZ"],
"contributor" :["Flanders Marine Institute", "VLIZ"],
"contentReferenceTime" :[""],
"contentLocation" :[""],
"character" :[""],
"acquireLicensePage" :[""],
"accessModeSufficient" :[""],
"about" :[""],
"rights" :[""],
"relation" :[""],
"qualifiedRelation" :[""],
"qualifiedAttribution" :[""],
"previousVersion" :[""],
"nextVersion" :[""],
"landingPage" :["http://www.emodnet", "biology.eu/portal/index.php?dasid=2828", "", "https://www.emodnet", "biology.eu/toolbox/en/download/occurrence/dataset/2828", "", "http://ipt.env.duke.edu/resource?r=zd_343", "", "https://obis.org/dataset/dc5e998b", "8b88", "495b", "9901", "6de1c6831d86", "", "http://seamap.env.duke.edu/datasets/detail/343", "", "http://www.eurobis.org//imis?dasid=2828"],
"isReferencedBy" :[""],
"hasVersion" :[""],
"hasPolicy" :[""],
"hasCurrentVersion" :[""],
"useConstraints" :[""],
"status" :[""],
"spatialRepresentationType" :[""],
"spatialRepresentationInfo" :[""],
"scope" :[""],
"purpose" :[""],
"otherLocale" :[""],
"metadataProfile" :["Flanders Marine Institute (VLIZ)"],
"metadataLinkage" :[""],
"metadataIdentifier" :[""],
"environmentDescription" :[""],
"distributionInfo" :["http://www.emodnet", "biology.eu/portal/index.php?dasid=2828", "https://www.emodnet", "biology.eu/toolbox/en/download/occurrence/dataset/2828", "http://ipt.env.duke.edu/resource?r=zd_343", "https://obis.org/dataset/dc5e998b", "8b88", "495b", "9901", "6de1c6831d86", "http://seamap.env.duke.edu/datasets/detail/343", "http://www.eurobis.org//imis?dasid=2828"],
"dataQualityInfo" :[""],
"contentInfo" :[""],
"ResearchInfrastructure" :["LifeWatch"],
"EssentialVariables" :[""],
"potentialTopics" :["sea", "summer", "harbor", "survey", "acoustic", "porpoise", "none"]
}