{
"description" :["None"],
"identifier" :["https://doi.org/10.6092/001y", "7x62", "http://www.emodnet", "biology.eu/portal/index.php?dasid=6136", "http://www.emodnet", "biology.eu/toolbox/en/download/occurrence/dataset/6136", "http://nodc.ogs.trieste.it/ipt/resource?r=zooplankton_medges", "https://obis.org/dataset/a7a946da", "3764", "43c4", "a84a", "ffe8df855b37", "http://www.eurobis.org//imis?dasid=6136"],
"keywords" :[""],
"language" :["English"],
"accessibilitySummary" :[""],
"contact" :["Giuseppe"],
"version" :[""],
"temporalCoverage" :["2013", "03", "22"],
"publisher" :["Flanders Marine Institute", "VLIZ", "Mesozooplankton", "https://doi.org/10.6092/001y", "7x62", "OGS", "Istituto Nazionale di Oceanografia e di Geofisica Sperimentale", "Division of Oceanography"],
"spatial" :["South East Adriatic Sea"],
"license" :[""],
"citation" :["De Olazabal A.", "& Civitarese G (2018): Mesozooplankton in the South Adriatic Sea (MEDGES Experiment) in March 2013. OGS (Istituto Nazionale di Oceanografia e di Geofisica Sperimentale)", "Division of Oceanography. Italy. https://doi.org/10.6092/001y", "7x62"],
"genre" :["https://doi.org/10.6092/001y", "7x62", "http://www.emodnet", "biology.eu/portal/index.php?dasid=6136", "http://www.emodnet", "biology.eu/toolbox/en/download/occurrence/dataset/6136", "http://nodc.ogs.trieste.it/ipt/resource?r=zooplankton_medges", "https://obis.org/dataset/a7a946da", "3764", "43c4", "a84a", "ffe8df855b37", "http://www.eurobis.org//imis?dasid=6136"],
"creator" :["Flanders Marine Institute ("],
"modificationDate" :[""],
"distribution" :["https://doi.org/10.6092/001y", "7x62", "http://www.emodnet", "biology.eu/portal/index.php?dasid=6136", "http://www.emodnet", "biology.eu/toolbox/en/download/occurrence/dataset/6136", "http://nodc.ogs.trieste.it/ipt/resource?r=zooplankton_medges", "https://obis.org/dataset/a7a946da", "3764", "43c4", "a84a", "ffe8df855b37", "http://www.eurobis.org//imis?dasid=6136"],
"image" :[""],
"thumbnailUrl" :[""],
"headline" :["De Olazabal A.", "& Civitarese G (2018): Mesozooplankton in the South Adriatic Sea (MEDGES Experiment) in March 2013. OGS (Istituto Nazionale di Oceanografia e di Geofisica Sperimentale)", "Division of Oceanography. Italy. https://doi.org/10.6092/001y", "7x62"],
"abstract" :["Mesozooplankton collected in the South Adriatic Sea during a cruise in March 2013", "as part of MEDGES experiment in the framework of the Italian project RITMARE", "La Ricerca ITaliana per il MARE"],
"theme" :[""],
"dateCreated" :["2013", "03", "22"],
"creditText" :[""],
"datePublished" :["2021", "03", "11T09:46:58"],
"producer" :[""],
"author" :[""],
"spatialCoverage" :["South East Adriatic Sea"],
"url" :["https://metadatacatalogue.lifewatch.eu/srv/api/records/oai:marineinfo.org:id:dataset:6136/formatters/xml?approved=true"],
"sponsor" :[""],
"size" :[""],
"sameAs" :[""],
"publication" :[""],
"provider" :[""],
"position" :[""],
"name" :[""],
"measurementTechnique" :[""],
"material" :[""],
"maintainer" :[""],
"locationCreated" :["South East Adriatic Sea"],
"issn" :[""],
"isPartOf" :[""],
"isBasedOn" :[""],
"isAccessibleForFree" :[""],
"includedInDataCatalog" :[""],
"editor" :[""],
"editEIDR" :[""],
"copyrightYear" :[""],
"copyrightNotice" :[""],
"copyrightHolder" :["Flanders Marine Institute", "VLIZ"],
"contributor" :["Flanders Marine Institute", "VLIZ"],
"contentReferenceTime" :[""],
"contentLocation" :[""],
"character" :[""],
"acquireLicensePage" :[""],
"accessModeSufficient" :[""],
"about" :[""],
"rights" :[""],
"relation" :[""],
"qualifiedRelation" :[""],
"qualifiedAttribution" :[""],
"previousVersion" :[""],
"nextVersion" :[""],
"landingPage" :["https://doi.org/10.6092/001y", "7x62", "", "http://www.emodnet", "biology.eu/portal/index.php?dasid=6136", "", "http://www.emodnet", "biology.eu/toolbox/en/download/occurrence/dataset/6136", "", "http://nodc.ogs.trieste.it/ipt/resource?r=zooplankton_medges", "", "https://obis.org/dataset/a7a946da", "3764", "43c4", "a84a", "ffe8df855b37", "", "http://www.eurobis.org//imis?dasid=6136"],
"isReferencedBy" :["https://doi.org/10.6092/001y", "7x62"],
"hasVersion" :[""],
"hasPolicy" :[""],
"hasCurrentVersion" :[""],
"useConstraints" :[""],
"status" :[""],
"spatialRepresentationType" :[""],
"spatialRepresentationInfo" :[""],
"scope" :[""],
"purpose" :[""],
"otherLocale" :[""],
"metadataProfile" :["Flanders Marine Institute (VLIZ)"],
"metadataLinkage" :[""],
"metadataIdentifier" :[""],
"environmentDescription" :[""],
"distributionInfo" :["https://doi.org/10.6092/001y", "7x62", "http://www.emodnet", "biology.eu/portal/index.php?dasid=6136", "http://www.emodnet", "biology.eu/toolbox/en/download/occurrence/dataset/6136", "http://nodc.ogs.trieste.it/ipt/resource?r=zooplankton_medges", "https://obis.org/dataset/a7a946da", "3764", "43c4", "a84a", "ffe8df855b37", "http://www.eurobis.org//imis?dasid=6136"],
"dataQualityInfo" :[""],
"contentInfo" :[""],
"ResearchInfrastructure" :["LifeWatch"],
"EssentialVariables" :["Physiology"],
"potentialTopics" :["march", "sea", "experiment", "south", "division", "oceanography", "cruise", "part", "framework", "project", "mare", "per", "collected"]
}