{
"description" :["None"],
"identifier" :["https://www.emodnet", "biology.eu/portal/index.php?dasid=5991", "https://www.emodnet", "biology.eu/toolbox/en/download/occurrence/dataset/5991", "http://ipt.naturalsciences.be/resource?r=be_rbins_invertebrates_mollusca", "https://obis.org/dataset/f68aab55", "9261", "49fa", "8bf9", "e6fe6fa7661b", "http://www.eurobis.org//imis?dasid=5991"],
"keywords" :["Molluscan fauna"],
"language" :["English"],
"accessibilitySummary" :[""],
"contact" :["Flanders Marine Institute ("],
"version" :[""],
"temporalCoverage" :["1763", "01", "01"],
"publisher" :["Flanders Marine Institute", "VLIZ", "Samyn", "Semal", "Royal Belgian Institute of Natural Sciences Mollusca"],
"spatial" :[""],
"license" :[""],
"citation" :["Samyn", "Y.", "Semal", "P. (2020) Royal Belgian Institute of Natural Sciences Mollusca collection"],
"genre" :["phylum", "phylum", "phylum", "phylum", "phylum", "https://www.emodnet", "biology.eu/portal/index.php?dasid=5991", "https://www.emodnet", "biology.eu/toolbox/en/download/occurrence/dataset/5991", "http://ipt.naturalsciences.be/resource?r=be_rbins_invertebrates_mollusca", "https://obis.org/dataset/f68aab55", "9261", "49fa", "8bf9", "e6fe6fa7661b", "http://www.eurobis.org//imis?dasid=5991"],
"creator" :[""],
"modificationDate" :[""],
"distribution" :["https://www.emodnet", "biology.eu/portal/index.php?dasid=5991", "https://www.emodnet", "biology.eu/toolbox/en/download/occurrence/dataset/5991", "http://ipt.naturalsciences.be/resource?r=be_rbins_invertebrates_mollusca", "https://obis.org/dataset/f68aab55", "9261", "49fa", "8bf9", "e6fe6fa7661b", "http://www.eurobis.org//imis?dasid=5991"],
"image" :[""],
"thumbnailUrl" :[""],
"headline" :["Samyn", "Y.", "Semal", "P. (2020) Royal Belgian Institute of Natural Sciences Mollusca collection"],
"abstract" :["The Royal Belgian Institute of Natural Sciences Mollusca collection contains 55526 digitised specimens over 1702 taxa (mostly species). This dataset only contains the marine species of the collection. The following classes are included: Articulata Huxley", "1869", "Bivalvia", "Bivalvia Linnaeus", "1758", "Cephalopoda Cuvier", "1797", "Gastropoda Cuvier", "1797", "Heliozoa", "Hydrozoa Owen", "1843", "Insecta Linnaeus", "1758", "Malacostraca Latreille", "1802", "Maxillopoda Dahl", "1956", "Monoplacophora", "Polychaeta", "Polyplacophora Gray", "1821", "Scaphopoda Bronn", "1862."],
"theme" :["species"],
"dateCreated" :["1763", "01", "01"],
"creditText" :[""],
"datePublished" :["2021", "03", "11T09:58:44"],
"producer" :[""],
"author" :[""],
"spatialCoverage" :[""],
"url" :["https://metadatacatalogue.lifewatch.eu/srv/api/records/oai:marineinfo.org:id:dataset:5991/formatters/xml?approved=true"],
"sponsor" :[""],
"size" :[""],
"sameAs" :[""],
"publication" :[""],
"provider" :[""],
"position" :[""],
"name" :[""],
"measurementTechnique" :[""],
"material" :[""],
"maintainer" :[""],
"locationCreated" :[""],
"issn" :[""],
"isPartOf" :[""],
"isBasedOn" :[""],
"isAccessibleForFree" :[""],
"includedInDataCatalog" :[""],
"editor" :[""],
"editEIDR" :[""],
"copyrightYear" :[""],
"copyrightNotice" :[""],
"copyrightHolder" :["Flanders Marine Institute", "VLIZ"],
"contributor" :["Flanders Marine Institute", "VLIZ"],
"contentReferenceTime" :[""],
"contentLocation" :[""],
"character" :[""],
"acquireLicensePage" :[""],
"accessModeSufficient" :[""],
"about" :[""],
"rights" :[""],
"relation" :[""],
"qualifiedRelation" :[""],
"qualifiedAttribution" :[""],
"previousVersion" :[""],
"nextVersion" :[""],
"landingPage" :["https://www.emodnet", "biology.eu/portal/index.php?dasid=5991", "", "https://www.emodnet", "biology.eu/toolbox/en/download/occurrence/dataset/5991", "", "http://ipt.naturalsciences.be/resource?r=be_rbins_invertebrates_mollusca", "", "https://obis.org/dataset/f68aab55", "9261", "49fa", "8bf9", "e6fe6fa7661b", "", "http://www.eurobis.org//imis?dasid=5991"],
"isReferencedBy" :[""],
"hasVersion" :[""],
"hasPolicy" :[""],
"hasCurrentVersion" :[""],
"useConstraints" :[""],
"status" :[""],
"spatialRepresentationType" :[""],
"spatialRepresentationInfo" :[""],
"scope" :[""],
"purpose" :[""],
"otherLocale" :[""],
"metadataProfile" :["Flanders Marine Institute (VLIZ)"],
"metadataLinkage" :[""],
"metadataIdentifier" :[""],
"environmentDescription" :[""],
"distributionInfo" :["https://www.emodnet", "biology.eu/portal/index.php?dasid=5991", "https://www.emodnet", "biology.eu/toolbox/en/download/occurrence/dataset/5991", "http://ipt.naturalsciences.be/resource?r=be_rbins_invertebrates_mollusca", "https://obis.org/dataset/f68aab55", "9261", "49fa", "8bf9", "e6fe6fa7661b", "http://www.eurobis.org//imis?dasid=5991"],
"dataQualityInfo" :[""],
"contentInfo" :[""],
"ResearchInfrastructure" :["LifeWatch"],
"EssentialVariables" :["Species distributions", "Species abundances", "Taxonomic/phylogenetic diversity"],
"potentialTopics" :["institute", "royal", "science", "natural", "collection", "contains", "specie", "taxon", "included", "dahl", "gray", "following", "class", "mostly", "specimen", "marine"]
}