{
"description" :["None"],
"identifier" :["http://www.emodnet", "biology.eu/portal/index.php?dasid=6021", "http://www.emodnet", "biology.eu/toolbox/en/download/occurrence/dataset/6021", "https://obis.org/dataset/c28a98ea", "84bc", "4930", "8d82", "778ed7402269", "http://www.eurobis.org//imis?dasid=6021"],
"keywords" :[""],
"language" :["English"],
"accessibilitySummary" :[""],
"contact" :[""],
"version" :[""],
"temporalCoverage" :["1994", "01", "01"],
"publisher" :["Flanders Marine Institute", "VLIZ", "Estonian Marine Institute", "University of Tartu and Marine Systems Institute", "Tallinn University of Technology"],
"spatial" :["Finland Gulf"],
"license" :[""],
"citation" :["Estonian Marine Institute", "University of Tartu and Marine Systems Institute", "Tallinn University of Technology (2019): Phytoplankton composition", "biomass and abundance in Estonian territorial waters 1993", "2016"],
"genre" :["class", "class", "class", "phylum", "class", "class", "class", "class", "genus", "class", "class", "http://www.emodnet", "biology.eu/portal/index.php?dasid=6021", "http://www.emodnet", "biology.eu/toolbox/en/download/occurrence/dataset/6021", "https://obis.org/dataset/c28a98ea", "84bc", "4930", "8d82", "778ed7402269", "http://www.eurobis.org//imis?dasid=6021"],
"creator" :["Flanders Marine Institute ("],
"modificationDate" :[""],
"distribution" :["http://www.emodnet", "biology.eu/portal/index.php?dasid=6021", "http://www.emodnet", "biology.eu/toolbox/en/download/occurrence/dataset/6021", "https://obis.org/dataset/c28a98ea", "84bc", "4930", "8d82", "778ed7402269", "http://www.eurobis.org//imis?dasid=6021"],
"image" :[""],
"thumbnailUrl" :[""],
"headline" :["Estonian Marine Institute", "University of Tartu and Marine Systems Institute", "Tallinn University of Technology (2019): Phytoplankton composition", "biomass and abundance in Estonian territorial waters 1993", "2016"],
"abstract" :["The dataset contains abundance and biomass for different taxonomical units of phytoplankton (from phylum to species", "according to identification accuracy) sampled from Estonian open and coastal waters in the Baltic Sea. Samples are collected with Ferrybox method (sampling depth appr. 5m) or by pooling samples from discrete depths (1", "5 and 10m) in national monitoring stations. Phytoplankton identification and enumeration was carried out using microscopy", "biomass calculations were done using volume formulas provided by HELCOM", "PEG (phytoplankton expert group) and published in http://www.ices.dk/marine", "data/data", "portals/Pages/DOME.aspx (PEG BIOVOLUME)."],
"theme" :["species"],
"dateCreated" :["1994", "01", "01"],
"creditText" :[""],
"datePublished" :["2021", "03", "11T09:23:51"],
"producer" :[""],
"author" :[""],
"spatialCoverage" :["Finland Gulf"],
"url" :["https://metadatacatalogue.lifewatch.eu/srv/api/records/oai:marineinfo.org:id:dataset:6021/formatters/xml?approved=true"],
"sponsor" :[""],
"size" :[""],
"sameAs" :[""],
"publication" :[""],
"provider" :[""],
"position" :[""],
"name" :[""],
"measurementTechnique" :[""],
"material" :[""],
"maintainer" :[""],
"locationCreated" :["Finland Gulf"],
"issn" :[""],
"isPartOf" :[""],
"isBasedOn" :[""],
"isAccessibleForFree" :[""],
"includedInDataCatalog" :[""],
"editor" :[""],
"editEIDR" :[""],
"copyrightYear" :[""],
"copyrightNotice" :[""],
"copyrightHolder" :["Flanders Marine Institute", "VLIZ"],
"contributor" :["Flanders Marine Institute", "VLIZ"],
"contentReferenceTime" :[""],
"contentLocation" :[""],
"character" :[""],
"acquireLicensePage" :[""],
"accessModeSufficient" :[""],
"about" :[""],
"rights" :[""],
"relation" :[""],
"qualifiedRelation" :[""],
"qualifiedAttribution" :[""],
"previousVersion" :[""],
"nextVersion" :[""],
"landingPage" :["http://www.emodnet", "biology.eu/portal/index.php?dasid=6021", "", "http://www.emodnet", "biology.eu/toolbox/en/download/occurrence/dataset/6021", "", "https://obis.org/dataset/c28a98ea", "84bc", "4930", "8d82", "778ed7402269", "", "http://www.eurobis.org//imis?dasid=6021"],
"isReferencedBy" :[""],
"hasVersion" :[""],
"hasPolicy" :[""],
"hasCurrentVersion" :[""],
"useConstraints" :[""],
"status" :[""],
"spatialRepresentationType" :[""],
"spatialRepresentationInfo" :[""],
"scope" :[""],
"purpose" :[""],
"otherLocale" :[""],
"metadataProfile" :["Flanders Marine Institute (VLIZ)"],
"metadataLinkage" :[""],
"metadataIdentifier" :[""],
"environmentDescription" :[""],
"distributionInfo" :["http://www.emodnet", "biology.eu/portal/index.php?dasid=6021", "http://www.emodnet", "biology.eu/toolbox/en/download/occurrence/dataset/6021", "https://obis.org/dataset/c28a98ea", "84bc", "4930", "8d82", "778ed7402269", "http://www.eurobis.org//imis?dasid=6021"],
"dataQualityInfo" :[""],
"contentInfo" :[""],
"ResearchInfrastructure" :["LifeWatch"],
"EssentialVariables" :["Species distributions", "Species abundances", "Community abundance", "Taxonomic/phylogenetic diversity"],
"potentialTopics" :["phytoplankton", "biomass", "abundance", "water", "university", "composition", "marine", "territorial", "institute", "technology", "sample", "depth", "using", "identification", "specie", "provided", "microscopy", "published", "system"]
}