{
"description" :["None"],
"identifier" :["http://www.emodnet", "biology.eu/portal/index.php?dasid=627", "https://www.emodnet", "biology.eu/toolbox/en/download/occurrence/dataset/627", "https://obis.org/dataset/369bd2a2", "2b27", "4d36", "877e", "1f03606f4b5d", "http://www.eurobis.org//imis?dasid=627"],
"keywords" :[""],
"language" :["English"],
"accessibilitySummary" :[""],
"contact" :["Alexei"],
"version" :[""],
"temporalCoverage" :["1993", "06", "12"],
"publisher" :["http://www.emodnet", "biology.eu/portal/index.php?dasid=627", "Flanders Marine Institute", "VLIZ", "Petrov A. & N. Revkov", "Sevastopol", "Institute of Biology"],
"spatial" :[""],
"license" :[""],
"citation" :["Petrov A. & N. Revkov", "1993: Strelbay", "Black Sea” dataset – IBSS", "Sevastopol. Institute of Biology of the Southern Seas (IBSS)", "Ukraine"],
"genre" :["phylum", "class", "subphylum", "phylum", "phylum", "phylum", "http://www.emodnet", "biology.eu/portal/index.php?dasid=627", "https://www.emodnet", "biology.eu/toolbox/en/download/occurrence/dataset/627", "https://obis.org/dataset/369bd2a2", "2b27", "4d36", "877e", "1f03606f4b5d", "http://www.eurobis.org//imis?dasid=627"],
"creator" :["Nikolai"],
"modificationDate" :[""],
"distribution" :["http://www.emodnet", "biology.eu/portal/index.php?dasid=627", "https://www.emodnet", "biology.eu/toolbox/en/download/occurrence/dataset/627", "https://obis.org/dataset/369bd2a2", "2b27", "4d36", "877e", "1f03606f4b5d", "http://www.eurobis.org//imis?dasid=627"],
"image" :[""],
"thumbnailUrl" :[""],
"headline" :["Petrov A. & N. Revkov", "1993: Strelbay", "Black Sea” dataset – IBSS", "Sevastopol. Institute of Biology of the Southern Seas (IBSS)", "Ukraine"],
"abstract" :["The original dataset objective was the investigation of macrozoobenthos assemblages structure and condition under persistent technogenic impact"],
"theme" :[""],
"dateCreated" :["1993", "06", "12"],
"creditText" :[""],
"datePublished" :["2021", "03", "11T10:03:04"],
"producer" :[""],
"author" :[""],
"spatialCoverage" :[""],
"url" :["https://metadatacatalogue.lifewatch.eu/srv/api/records/oai:marineinfo.org:id:dataset:627/formatters/xml?approved=true"],
"sponsor" :[""],
"size" :[""],
"sameAs" :[""],
"publication" :[""],
"provider" :[""],
"position" :[""],
"name" :[""],
"measurementTechnique" :[""],
"material" :[""],
"maintainer" :[""],
"locationCreated" :[""],
"issn" :[""],
"isPartOf" :[""],
"isBasedOn" :[""],
"isAccessibleForFree" :[""],
"includedInDataCatalog" :[""],
"editor" :[""],
"editEIDR" :[""],
"copyrightYear" :[""],
"copyrightNotice" :[""],
"copyrightHolder" :["Flanders Marine Institute", "VLIZ"],
"contributor" :["Flanders Marine Institute", "VLIZ"],
"contentReferenceTime" :[""],
"contentLocation" :[""],
"character" :[""],
"acquireLicensePage" :[""],
"accessModeSufficient" :[""],
"about" :[""],
"rights" :[""],
"relation" :[""],
"qualifiedRelation" :[""],
"qualifiedAttribution" :[""],
"previousVersion" :[""],
"nextVersion" :[""],
"landingPage" :["http://www.emodnet", "biology.eu/portal/index.php?dasid=627", "", "https://www.emodnet", "biology.eu/toolbox/en/download/occurrence/dataset/627", "", "https://obis.org/dataset/369bd2a2", "2b27", "4d36", "877e", "1f03606f4b5d", "", "http://www.eurobis.org//imis?dasid=627"],
"isReferencedBy" :[""],
"hasVersion" :[""],
"hasPolicy" :[""],
"hasCurrentVersion" :[""],
"useConstraints" :[""],
"status" :[""],
"spatialRepresentationType" :[""],
"spatialRepresentationInfo" :[""],
"scope" :[""],
"purpose" :[""],
"otherLocale" :[""],
"metadataProfile" :["Flanders Marine Institute (VLIZ)"],
"metadataLinkage" :[""],
"metadataIdentifier" :[""],
"environmentDescription" :[""],
"distributionInfo" :["http://www.emodnet", "biology.eu/portal/index.php?dasid=627", "https://www.emodnet", "biology.eu/toolbox/en/download/occurrence/dataset/627", "https://obis.org/dataset/369bd2a2", "2b27", "4d36", "877e", "1f03606f4b5d", "http://www.eurobis.org//imis?dasid=627"],
"dataQualityInfo" :[""],
"contentInfo" :[""],
"ResearchInfrastructure" :["LifeWatch"],
"EssentialVariables" :["Physiology"],
"potentialTopics" :["southern", "biology", "institute", "sea", "original", "investigation", "structure", "assemblage", "condition", "impact", "persistent", "objective"]
}