{
"description" :["None"],
"identifier" :["http://www.emodnet", "biology.eu/portal/index.php?dasid=4040", "https://www.emodnet", "biology.eu/toolbox/en/download/occurrence/dataset/4040", "http://mda.vliz.be/mda/directlink.php?fid=VLIZ_00000308_1358848279", "https://obis.org/dataset/ea2e6813", "2342", "4791", "8931", "527a6d79de28", "http://www.eurobis.org//imis?dasid=4040"],
"keywords" :[""],
"language" :["English"],
"accessibilitySummary" :[""],
"contact" :[""],
"version" :[""],
"temporalCoverage" :["1987", "03", "17"],
"publisher" :["Flanders Marine Institute", "VLIZ", "IBSS", "Institute of Biology of the Southern Seas", "the National Academy of Sciences of Ukraine"],
"spatial" :["Black Sea"],
"license" :[""],
"citation" :["IBSS. 1987", "1990. Phytoplankton monitoring data from a polygon near Belbek River (Black Sea) from 1987 to 1990. Institute of Biology of the Southern Seas of the National Academy of Sciences of Ukraine."],
"genre" :["kingdom", "kingdom", "kingdom", "http://www.emodnet", "biology.eu/portal/index.php?dasid=4040", "https://www.emodnet", "biology.eu/toolbox/en/download/occurrence/dataset/4040", "http://mda.vliz.be/mda/directlink.php?fid=VLIZ_00000308_1358848279", "https://obis.org/dataset/ea2e6813", "2342", "4791", "8931", "527a6d79de28", "http://www.eurobis.org//imis?dasid=4040"],
"creator" :[""],
"modificationDate" :[""],
"distribution" :["http://www.emodnet", "biology.eu/portal/index.php?dasid=4040", "https://www.emodnet", "biology.eu/toolbox/en/download/occurrence/dataset/4040", "http://mda.vliz.be/mda/directlink.php?fid=VLIZ_00000308_1358848279", "https://obis.org/dataset/ea2e6813", "2342", "4791", "8931", "527a6d79de28", "http://www.eurobis.org//imis?dasid=4040"],
"image" :[""],
"thumbnailUrl" :[""],
"headline" :["IBSS. 1987", "1990. Phytoplankton monitoring data from a polygon near Belbek River (Black Sea) from 1987 to 1990. Institute of Biology of the Southern Seas of the National Academy of Sciences of Ukraine."],
"abstract" :["The data were collected by the IBSS staff during a monitoring campaign near Belbek River (Black Sea) from 1987 to 1990. This dataset contains abundance (individuals per liter) and biomass (mg/m³) data for phytoplankton taxa. No additional metadata is available."],
"theme" :[""],
"dateCreated" :["1987", "03", "17"],
"creditText" :[""],
"datePublished" :["2021", "03"],
"producer" :[""],
"author" :[""],
"spatialCoverage" :["Black Sea"],
"url" :["https://metadatacatalogue.lifewatch.eu/srv/api/records/oai:marineinfo.org:id:dataset:4040/formatters/xml?approved=true"],
"sponsor" :[""],
"size" :[""],
"sameAs" :[""],
"publication" :[""],
"provider" :[""],
"position" :[""],
"name" :[""],
"measurementTechnique" :[""],
"material" :[""],
"maintainer" :[""],
"locationCreated" :["Black Sea"],
"issn" :[""],
"isPartOf" :[""],
"isBasedOn" :[""],
"isAccessibleForFree" :[""],
"includedInDataCatalog" :[""],
"editor" :[""],
"editEIDR" :[""],
"copyrightYear" :[""],
"copyrightNotice" :[""],
"copyrightHolder" :["Flanders Marine Institute", "VLIZ"],
"contributor" :["Flanders Marine Institute", "VLIZ"],
"contentReferenceTime" :[""],
"contentLocation" :[""],
"character" :[""],
"acquireLicensePage" :[""],
"accessModeSufficient" :[""],
"about" :[""],
"rights" :[""],
"relation" :[""],
"qualifiedRelation" :[""],
"qualifiedAttribution" :[""],
"previousVersion" :[""],
"nextVersion" :[""],
"landingPage" :["http://www.emodnet", "biology.eu/portal/index.php?dasid=4040", "", "https://www.emodnet", "biology.eu/toolbox/en/download/occurrence/dataset/4040", "", "http://mda.vliz.be/mda/directlink.php?fid=VLIZ_00000308_1358848279", "", "https://obis.org/dataset/ea2e6813", "2342", "4791", "8931", "527a6d79de28", "", "http://www.eurobis.org//imis?dasid=4040"],
"isReferencedBy" :[""],
"hasVersion" :[""],
"hasPolicy" :[""],
"hasCurrentVersion" :[""],
"useConstraints" :[""],
"status" :[""],
"spatialRepresentationType" :[""],
"spatialRepresentationInfo" :[""],
"scope" :[""],
"purpose" :[""],
"otherLocale" :[""],
"metadataProfile" :["Flanders Marine Institute (VLIZ)"],
"metadataLinkage" :[""],
"metadataIdentifier" :[""],
"environmentDescription" :[""],
"distributionInfo" :["http://www.emodnet", "biology.eu/portal/index.php?dasid=4040", "https://www.emodnet", "biology.eu/toolbox/en/download/occurrence/dataset/4040", "http://mda.vliz.be/mda/directlink.php?fid=VLIZ_00000308_1358848279", "https://obis.org/dataset/ea2e6813", "2342", "4791", "8931", "527a6d79de28", "http://www.eurobis.org//imis?dasid=4040"],
"dataQualityInfo" :[""],
"contentInfo" :[""],
"ResearchInfrastructure" :["LifeWatch"],
"EssentialVariables" :["Physiology", "Community abundance"],
"potentialTopics" :["sea", "black", "data", "river", "biology", "monitoring", "phytoplankton", "near", "institute", "national", "polygon", "academy", "southern", "contains", "available", "campaign", "abundance"]
}