{
"description" :["None"],
"identifier" :["http://www.vliz.be/projects/bewremabi", "http://www.emodnet", "biology.eu/portal/index.php?dasid=932", "https://www.emodnet", "biology.eu/toolbox/en/download/occurrence/dataset/932", "http://mda.vliz.be/mda/directlink.php?fid=VLIZ_00000321_1360578770", "http://mda.vliz.be/mda/directlink.php?fid=VLIZ_00000321_1360579125", "http://mda.vliz.be/mda/directlink.php?fid=VLIZ_00000321_1360579167", "http://mda.vliz.be/mda/directlink.php?fid=VLIZ_00000321_1360579214", "http://mda.vliz.be/mda/directlink.php?fid=VLIZ_00000321_1360579274", "https://obis.org/dataset/812dc3ff", "645a", "465e", "81db", "b99a5a882237", "http://www.vliz.be/vmdcdata/imers/?results&Das=932", "http://www.eurobis.org//imis?dasid=932"],
"keywords" :["Biodiversity"],
"language" :["English"],
"accessibilitySummary" :[""],
"contact" :[""],
"version" :[""],
"temporalCoverage" :["2004", "04", "02", "2004", "08", "11", "2004", "09", "16", "2004", "10", "08", "2005", "05", "03", "2005", "05", "18", "2005", "06", "03", "2005", "11", "24", "2006", "03", "08", "2006", "05", "11"],
"publisher" :["http://www.emodnet", "biology.eu/portal/index.php?dasid=932", "http://mda.vliz.be/mda/directlink.php?fid=VLIZ_00000321_1360578770", "Flanders Marine Institute", "VLIZ"],
"spatial" :["Belgium"],
"license" :[""],
"citation" :["None"],
"genre" :["http://www.vliz.be/projects/bewremabi", "http://www.emodnet", "biology.eu/portal/index.php?dasid=932", "https://www.emodnet", "biology.eu/toolbox/en/download/occurrence/dataset/932", "http://mda.vliz.be/mda/directlink.php?fid=VLIZ_00000321_1360578770", "http://mda.vliz.be/mda/directlink.php?fid=VLIZ_00000321_1360579125", "http://mda.vliz.be/mda/directlink.php?fid=VLIZ_00000321_1360579167", "http://mda.vliz.be/mda/directlink.php?fid=VLIZ_00000321_1360579214", "http://mda.vliz.be/mda/directlink.php?fid=VLIZ_00000321_1360579274", "https://obis.org/dataset/812dc3ff", "645a", "465e", "81db", "b99a5a882237", "http://www.vliz.be/vmdcdata/imers/?results&Das=932", "http://www.eurobis.org//imis?dasid=932"],
"creator" :[""],
"modificationDate" :[""],
"distribution" :["http://www.vliz.be/projects/bewremabi", "http://www.emodnet", "biology.eu/portal/index.php?dasid=932", "https://www.emodnet", "biology.eu/toolbox/en/download/occurrence/dataset/932", "http://mda.vliz.be/mda/directlink.php?fid=VLIZ_00000321_1360578770", "http://mda.vliz.be/mda/directlink.php?fid=VLIZ_00000321_1360579125", "http://mda.vliz.be/mda/directlink.php?fid=VLIZ_00000321_1360579167", "http://mda.vliz.be/mda/directlink.php?fid=VLIZ_00000321_1360579214", "http://mda.vliz.be/mda/directlink.php?fid=VLIZ_00000321_1360579274", "https://obis.org/dataset/812dc3ff", "645a", "465e", "81db", "b99a5a882237", "http://www.vliz.be/vmdcdata/imers/?results&Das=932", "http://www.eurobis.org//imis?dasid=932"],
"image" :[""],
"thumbnailUrl" :[""],
"headline" :["None"],
"abstract" :["Data was gathered during BEWREMABI project (part of SPSD", "II federal science policy programme) sampling campaigns. Macrofauna was sampled in the vicinity of shipwrecks using macrofauna core + scuba."],
"theme" :["biodiversity"],
"dateCreated" :["2004", "04", "02", "2004", "08", "11", "2004", "09", "16", "2005", "05", "03", "2005", "05", "18", "2005", "06", "03", "2005", "11", "24", "2006", "03", "08", "2006", "05", "11"],
"creditText" :[""],
"datePublished" :["2021", "03", "11T09:53:59"],
"producer" :[""],
"author" :[""],
"spatialCoverage" :["Belgium"],
"url" :["https://metadatacatalogue.lifewatch.eu/srv/api/records/oai:marineinfo.org:id:dataset:932/formatters/xml?approved=true"],
"sponsor" :[""],
"size" :[""],
"sameAs" :[""],
"publication" :[""],
"provider" :[""],
"position" :[""],
"name" :[""],
"measurementTechnique" :[""],
"material" :[""],
"maintainer" :[""],
"locationCreated" :["Belgium"],
"issn" :[""],
"isPartOf" :[""],
"isBasedOn" :[""],
"isAccessibleForFree" :[""],
"includedInDataCatalog" :[""],
"editor" :[""],
"editEIDR" :[""],
"copyrightYear" :[""],
"copyrightNotice" :[""],
"copyrightHolder" :["Flanders Marine Institute", "VLIZ"],
"contributor" :["Flanders Marine Institute", "VLIZ"],
"contentReferenceTime" :[""],
"contentLocation" :[""],
"character" :[""],
"acquireLicensePage" :[""],
"accessModeSufficient" :[""],
"about" :[""],
"rights" :[""],
"relation" :[""],
"qualifiedRelation" :[""],
"qualifiedAttribution" :[""],
"previousVersion" :[""],
"nextVersion" :[""],
"landingPage" :["http://www.vliz.be/projects/bewremabi", "", "http://www.emodnet", "biology.eu/portal/index.php?dasid=932", "", "https://www.emodnet", "biology.eu/toolbox/en/download/occurrence/dataset/932", "", "http://mda.vliz.be/mda/directlink.php?fid=VLIZ_00000321_1360578770", "", "http://mda.vliz.be/mda/directlink.php?fid=VLIZ_00000321_1360579125", "", "http://mda.vliz.be/mda/directlink.php?fid=VLIZ_00000321_1360579167", "", "http://mda.vliz.be/mda/directlink.php?fid=VLIZ_00000321_1360579214", "", "http://mda.vliz.be/mda/directlink.php?fid=VLIZ_00000321_1360579274", "", "https://obis.org/dataset/812dc3ff", "645a", "465e", "81db", "b99a5a882237", "", "http://www.vliz.be/vmdcdata/imers/?results&Das=932", "", "http://www.eurobis.org//imis?dasid=932"],
"isReferencedBy" :[""],
"hasVersion" :[""],
"hasPolicy" :[""],
"hasCurrentVersion" :[""],
"useConstraints" :[""],
"status" :[""],
"spatialRepresentationType" :[""],
"spatialRepresentationInfo" :[""],
"scope" :[""],
"purpose" :[""],
"otherLocale" :[""],
"metadataProfile" :["Flanders Marine Institute (VLIZ)"],
"metadataLinkage" :[""],
"metadataIdentifier" :[""],
"environmentDescription" :[""],
"distributionInfo" :["http://www.vliz.be/projects/bewremabi", "http://www.emodnet", "biology.eu/portal/index.php?dasid=932", "https://www.emodnet", "biology.eu/toolbox/en/download/occurrence/dataset/932", "http://mda.vliz.be/mda/directlink.php?fid=VLIZ_00000321_1360578770", "http://mda.vliz.be/mda/directlink.php?fid=VLIZ_00000321_1360579125", "http://mda.vliz.be/mda/directlink.php?fid=VLIZ_00000321_1360579167", "http://mda.vliz.be/mda/directlink.php?fid=VLIZ_00000321_1360579214", "http://mda.vliz.be/mda/directlink.php?fid=VLIZ_00000321_1360579274", "https://obis.org/dataset/812dc3ff", "645a", "465e", "81db", "b99a5a882237", "http://www.vliz.be/vmdcdata/imers/?results&Das=932", "http://www.eurobis.org//imis?dasid=932"],
"dataQualityInfo" :[""],
"contentInfo" :[""],
"ResearchInfrastructure" :["LifeWatch"],
"EssentialVariables" :[""],
"potentialTopics" :["shipwreck", "vicinity", "marine", "biodiversity", "using", "core", "policy", "federal", "data", "scuba", "none", "part", "project", "science", "sampling", "gathered", "sampled", "campaign"]
}