{
"description" :["None"],
"identifier" :["http://archive.nbuv.gov.ua/portal/Natural/uazh/2004_2/n2_119.pdf", "http://www.emodnet", "biology.eu/portal/index.php?dasid=4363", "https://www.emodnet", "biology.eu/toolbox/en/download/occurrence/dataset/4363", "http://mda.vliz.be/mda/directlink.php?fid=VLIZ_00000308_1380623455", "https://obis.org/dataset/086b3f21", "f424", "42bc", "9dd4", "5a9fc18f802f", "http://repository.ibss.org.ua/dspace/handle/99011/207", "http://www.eurobis.org//imis?dasid=4363"],
"keywords" :[""],
"language" :["English"],
"accessibilitySummary" :[""],
"contact" :[""],
"version" :[""],
"temporalCoverage" :["2002", "03", "09"],
"publisher" :["http://repository.ibss.org.ua/dspace/handle/99011/207", "Flanders Marine Institute", "VLIZ", "Gavrilova", "Microzooplankton", "Ukrainian Antarctic Expedition", "IBSS"],
"spatial" :["Antarctica", "Bransfield Strait"],
"license" :[""],
"citation" :["Gavrilova  N. (2002). Microzooplankton data (Tintinnida) collected during 7", "th Ukrainian Antarctic Expedition (March", "2002) on board of R/V Horizont (Bransfield Strait). Dataset published in electronic format by IBSS in 2013."],
"genre" :["http://archive.nbuv.gov.ua/portal/Natural/uazh/2004_2/n2_119.pdf", "http://www.emodnet", "biology.eu/portal/index.php?dasid=4363", "https://www.emodnet", "biology.eu/toolbox/en/download/occurrence/dataset/4363", "http://mda.vliz.be/mda/directlink.php?fid=VLIZ_00000308_1380623455", "https://obis.org/dataset/086b3f21", "f424", "42bc", "9dd4", "5a9fc18f802f", "http://repository.ibss.org.ua/dspace/handle/99011/207", "http://www.eurobis.org//imis?dasid=4363"],
"creator" :["Nelly"],
"modificationDate" :[""],
"distribution" :["http://archive.nbuv.gov.ua/portal/Natural/uazh/2004_2/n2_119.pdf", "http://www.emodnet", "biology.eu/portal/index.php?dasid=4363", "https://www.emodnet", "biology.eu/toolbox/en/download/occurrence/dataset/4363", "http://mda.vliz.be/mda/directlink.php?fid=VLIZ_00000308_1380623455", "https://obis.org/dataset/086b3f21", "f424", "42bc", "9dd4", "5a9fc18f802f", "http://repository.ibss.org.ua/dspace/handle/99011/207", "http://www.eurobis.org//imis?dasid=4363"],
"image" :[""],
"thumbnailUrl" :[""],
"headline" :["Gavrilova  N. (2002). Microzooplankton data (Tintinnida) collected during 7", "th Ukrainian Antarctic Expedition (March", "2002) on board of R/V Horizont (Bransfield Strait). Dataset published in electronic format by IBSS in 2013."],
"abstract" :["Dataset includes zooplankton data (limited to order Tintinnida Kofoid and Campbel", "1929) collected during 7", "th Ukrainian Antarctic Expedition (March", "2002) on board of R/V Horizont (Bransfield Strait)."],
"theme" :[""],
"dateCreated" :["2002", "03", "09"],
"creditText" :[""],
"datePublished" :["2021", "03"],
"producer" :[""],
"author" :[""],
"spatialCoverage" :["Antarctica", "Bransfield Strait"],
"url" :["https://metadatacatalogue.lifewatch.eu/srv/api/records/oai:marineinfo.org:id:dataset:4363/formatters/xml?approved=true"],
"sponsor" :[""],
"size" :[""],
"sameAs" :[""],
"publication" :[""],
"provider" :[""],
"position" :[""],
"name" :[""],
"measurementTechnique" :[""],
"material" :[""],
"maintainer" :[""],
"locationCreated" :["Antarctica", "Bransfield Strait"],
"issn" :[""],
"isPartOf" :[""],
"isBasedOn" :[""],
"isAccessibleForFree" :[""],
"includedInDataCatalog" :[""],
"editor" :[""],
"editEIDR" :[""],
"copyrightYear" :[""],
"copyrightNotice" :[""],
"copyrightHolder" :["Flanders Marine Institute", "VLIZ"],
"contributor" :["Flanders Marine Institute", "VLIZ"],
"contentReferenceTime" :[""],
"contentLocation" :[""],
"character" :[""],
"acquireLicensePage" :[""],
"accessModeSufficient" :[""],
"about" :[""],
"rights" :[""],
"relation" :[""],
"qualifiedRelation" :[""],
"qualifiedAttribution" :[""],
"previousVersion" :[""],
"nextVersion" :[""],
"landingPage" :["http://archive.nbuv.gov.ua/portal/Natural/uazh/2004_2/n2_119.pdf", "", "http://www.emodnet", "biology.eu/portal/index.php?dasid=4363", "", "https://www.emodnet", "biology.eu/toolbox/en/download/occurrence/dataset/4363", "", "http://mda.vliz.be/mda/directlink.php?fid=VLIZ_00000308_1380623455", "", "https://obis.org/dataset/086b3f21", "f424", "42bc", "9dd4", "5a9fc18f802f", "", "http://repository.ibss.org.ua/dspace/handle/99011/207", "", "http://www.eurobis.org//imis?dasid=4363"],
"isReferencedBy" :[""],
"hasVersion" :[""],
"hasPolicy" :[""],
"hasCurrentVersion" :[""],
"useConstraints" :[""],
"status" :[""],
"spatialRepresentationType" :[""],
"spatialRepresentationInfo" :[""],
"scope" :[""],
"purpose" :[""],
"otherLocale" :[""],
"metadataProfile" :["Flanders Marine Institute (VLIZ)"],
"metadataLinkage" :[""],
"metadataIdentifier" :[""],
"environmentDescription" :[""],
"distributionInfo" :["http://archive.nbuv.gov.ua/portal/Natural/uazh/2004_2/n2_119.pdf", "http://www.emodnet", "biology.eu/portal/index.php?dasid=4363", "https://www.emodnet", "biology.eu/toolbox/en/download/occurrence/dataset/4363", "http://mda.vliz.be/mda/directlink.php?fid=VLIZ_00000308_1380623455", "https://obis.org/dataset/086b3f21", "f424", "42bc", "9dd4", "5a9fc18f802f", "http://repository.ibss.org.ua/dspace/handle/99011/207", "http://www.eurobis.org//imis?dasid=4363"],
"dataQualityInfo" :[""],
"contentInfo" :[""],
"ResearchInfrastructure" :["LifeWatch"],
"EssentialVariables" :[""],
"potentialTopics" :["antarctic", "expedition", "board", "collected", "strait", "march", "data", "electronic", "format", "published", "zooplankton", "includes", "limited", "order"]
}