{
"description" :["None"],
"identifier" :["http://www.emodnet", "biology.eu/portal/index.php?dasid=5729", "http://www.emodnet", "biology.eu/toolbox/en/download/occurrence/dataset/5729", "http://gbif.imr.no/ipt/resource?r=imr_shrimp", "https://obis.org/dataset/1f80810b", "54d9", "4b5e", "bd63", "3fb9736c2f46", "http://www.eurobis.org//imis?dasid=5729"],
"keywords" :[""],
"language" :["English"],
"accessibilitySummary" :[""],
"contact" :["Flanders Marine Institute ("],
"version" :[""],
"temporalCoverage" :["1984", "01", "01"],
"publisher" :["Flanders Marine Institute", "VLIZ", "Søvik", "Guldborg", "Thangstad", "Trude Hauge", "the Norwegian Deep"],
"spatial" :["North Sea"],
"license" :[""],
"citation" :["Søvik", "Guldborg; Thangstad", "Trude Hauge (2018): Northern shrimp (Pandalus borealis) in the Norwegian Deep and Skagerrak", "1984", "2017"],
"genre" :["species", "http://www.emodnet", "biology.eu/portal/index.php?dasid=5729", "http://www.emodnet", "biology.eu/toolbox/en/download/occurrence/dataset/5729", "http://gbif.imr.no/ipt/resource?r=imr_shrimp", "https://obis.org/dataset/1f80810b", "54d9", "4b5e", "bd63", "3fb9736c2f46", "http://www.eurobis.org//imis?dasid=5729"],
"creator" :["Trude Hauge"],
"modificationDate" :[""],
"distribution" :["http://www.emodnet", "biology.eu/portal/index.php?dasid=5729", "http://www.emodnet", "biology.eu/toolbox/en/download/occurrence/dataset/5729", "http://gbif.imr.no/ipt/resource?r=imr_shrimp", "https://obis.org/dataset/1f80810b", "54d9", "4b5e", "bd63", "3fb9736c2f46", "http://www.eurobis.org//imis?dasid=5729"],
"image" :[""],
"thumbnailUrl" :[""],
"headline" :["Søvik", "Guldborg; Thangstad", "Trude Hauge (2018): Northern shrimp (Pandalus borealis) in the Norwegian Deep and Skagerrak", "1984", "2017"],
"abstract" :["The survey data consist of: 1) one time series from 1984", "2002 (October/November) using R/V Michael Sars and the Campelen", "trawl; 2) a point estimate for 2003 (October) as R/V Michael Sars was taken out of service and substituted with R/V Håkon Mosby", "whose winches at that time were not powerful enough for the Campelen", "trawl", "resulting in the survey being conducted with the Shrimp trawl 1420; 3) a start of a potential new time series as the survey in both 2004 and 2005 was conducted in May/June with R/V Håkon Mosby using the standard Campelen trawl; and 4) one time series from 2006 until present (January/February)", "using R/V Håkon Mosby and the Campelen trawl. From 2017 R/V Håkon Mosby has been substituted with R/V Kristine Bonnevie. In 2016", "there were technical problems with the survey trawl (unequal wire lengths of the trawl gear) and this year’s data are considered to be non", "representative of the stock status."],
"theme" :[""],
"dateCreated" :[""],
"creditText" :[""],
"datePublished" :["2021", "03", "11T10:01:57"],
"producer" :[""],
"author" :[""],
"spatialCoverage" :["North Sea"],
"url" :["https://metadatacatalogue.lifewatch.eu/srv/api/records/oai:marineinfo.org:id:dataset:5729/formatters/xml?approved=true"],
"sponsor" :[""],
"size" :[""],
"sameAs" :[""],
"publication" :[""],
"provider" :[""],
"position" :[""],
"name" :[""],
"measurementTechnique" :[""],
"material" :[""],
"maintainer" :[""],
"locationCreated" :["North Sea"],
"issn" :[""],
"isPartOf" :[""],
"isBasedOn" :[""],
"isAccessibleForFree" :[""],
"includedInDataCatalog" :[""],
"editor" :[""],
"editEIDR" :[""],
"copyrightYear" :[""],
"copyrightNotice" :[""],
"copyrightHolder" :["Flanders Marine Institute", "VLIZ"],
"contributor" :["Flanders Marine Institute", "VLIZ"],
"contentReferenceTime" :[""],
"contentLocation" :[""],
"character" :[""],
"acquireLicensePage" :[""],
"accessModeSufficient" :[""],
"about" :[""],
"rights" :[""],
"relation" :[""],
"qualifiedRelation" :[""],
"qualifiedAttribution" :[""],
"previousVersion" :[""],
"nextVersion" :[""],
"landingPage" :["http://www.emodnet", "biology.eu/portal/index.php?dasid=5729", "", "http://www.emodnet", "biology.eu/toolbox/en/download/occurrence/dataset/5729", "", "http://gbif.imr.no/ipt/resource?r=imr_shrimp", "", "https://obis.org/dataset/1f80810b", "54d9", "4b5e", "bd63", "3fb9736c2f46", "", "http://www.eurobis.org//imis?dasid=5729"],
"isReferencedBy" :[""],
"hasVersion" :[""],
"hasPolicy" :[""],
"hasCurrentVersion" :[""],
"useConstraints" :[""],
"status" :[""],
"spatialRepresentationType" :[""],
"spatialRepresentationInfo" :[""],
"scope" :[""],
"purpose" :[""],
"otherLocale" :[""],
"metadataProfile" :["Flanders Marine Institute (VLIZ)"],
"metadataLinkage" :[""],
"metadataIdentifier" :[""],
"environmentDescription" :[""],
"distributionInfo" :["http://www.emodnet", "biology.eu/portal/index.php?dasid=5729", "http://www.emodnet", "biology.eu/toolbox/en/download/occurrence/dataset/5729", "http://gbif.imr.no/ipt/resource?r=imr_shrimp", "https://obis.org/dataset/1f80810b", "54d9", "4b5e", "bd63", "3fb9736c2f46", "http://www.eurobis.org//imis?dasid=5729"],
"dataQualityInfo" :[""],
"contentInfo" :[""],
"ResearchInfrastructure" :["LifeWatch"],
"EssentialVariables" :[""],
"potentialTopics" :["shrimp", "northern", "deep", "time", "trawl", "survey", "using", "one", "data", "conducted", "series", "substituted", "service"]
}