{
"description" :["None"],
"identifier" :["https://www.emodnet", "biology.eu/portal/index.php?dasid=5161", "https://www.emodnet", "biology.eu/toolbox/en/download/occurrence/dataset/5161", "https://www.gbif.org/dataset/bcac3656", "d9c1", "4b91", "a2a1", "7320a84df798", "http://ipt.vliz.be/eurobis/resource?r=ornithological_observations_in_the_southeast_of_the_north_sea_between_june_1971_and_january_1972", "https://obis.org/dataset/f0fe4815", "0d3d", "4035", "936a", "28dc1f097135", "http://www.eurobis.org//imis?dasid=5161"],
"keywords" :[""],
"language" :["English"],
"accessibilitySummary" :[""],
"contact" :["Vlaams Instituut voor de Zee"],
"version" :[""],
"temporalCoverage" :["1971", "06", "24"],
"publisher" :["Vlaams Instituut voor de Zee", "Flanders Marine Institute", "VLIZ", "Joiris C.", "Laboratorium voor Ekologie", "VUB"],
"spatial" :["North Sea"],
"license" :[""],
"citation" :["Joiris C.; Laboratorium voor Ekologie en Systematiek. VUB: Belgium; (2016): Ornithological observations in the southeast of the North Sea between June 1971 and January 1972. (http://www.vliz.be/en/imis?module=dataset&dasid=5161) http://dx.doi.org/10.14284/136"],
"genre" :["class", "https://www.emodnet", "biology.eu/portal/index.php?dasid=5161", "https://www.emodnet", "biology.eu/toolbox/en/download/occurrence/dataset/5161", "https://www.gbif.org/dataset/bcac3656", "d9c1", "4b91", "a2a1", "7320a84df798", "http://ipt.vliz.be/eurobis/resource?r=ornithological_observations_in_the_southeast_of_the_north_sea_between_june_1971_and_january_1972", "https://obis.org/dataset/f0fe4815", "0d3d", "4035", "936a", "28dc1f097135", "http://www.eurobis.org//imis?dasid=5161"],
"creator" :["Claude"],
"modificationDate" :[""],
"distribution" :["https://www.emodnet", "biology.eu/portal/index.php?dasid=5161", "https://www.emodnet", "biology.eu/toolbox/en/download/occurrence/dataset/5161", "https://www.gbif.org/dataset/bcac3656", "d9c1", "4b91", "a2a1", "7320a84df798", "http://ipt.vliz.be/eurobis/resource?r=ornithological_observations_in_the_southeast_of_the_north_sea_between_june_1971_and_january_1972", "https://obis.org/dataset/f0fe4815", "0d3d", "4035", "936a", "28dc1f097135", "http://www.eurobis.org//imis?dasid=5161"],
"image" :[""],
"thumbnailUrl" :[""],
"headline" :["Joiris C.; Laboratorium voor Ekologie en Systematiek. VUB: Belgium; (2016): Ornithological observations in the southeast of the North Sea between June 1971 and January 1972. (http://www.vliz.be/en/imis?module=dataset&dasid=5161) http://dx.doi.org/10.14284/136"],
"abstract" :["Counts of marine bird species observed during three oceanographic cruises in the South", "eastern part of the North Sea on board of the A962 Mechelen between June 1971 and January 1972. The data were digitized by VLIZ from the original report: Joiris", "C. (1972). Observations ornithologiques réalisées dans le sud", "est de la Mer du Nord entre juin 1971 et janvier 1972: 1. Oiseaux marins."],
"theme" :["species"],
"dateCreated" :["1971", "06", "24"],
"creditText" :[""],
"datePublished" :["2021", "03"],
"producer" :[""],
"author" :[""],
"spatialCoverage" :["North Sea"],
"url" :["https://metadatacatalogue.lifewatch.eu/srv/api/records/oai:marineinfo.org:id:dataset:5161/formatters/xml?approved=true"],
"sponsor" :[""],
"size" :[""],
"sameAs" :[""],
"publication" :[""],
"provider" :[""],
"position" :[""],
"name" :[""],
"measurementTechnique" :[""],
"material" :[""],
"maintainer" :[""],
"locationCreated" :["North Sea"],
"issn" :[""],
"isPartOf" :[""],
"isBasedOn" :[""],
"isAccessibleForFree" :[""],
"includedInDataCatalog" :[""],
"editor" :[""],
"editEIDR" :[""],
"copyrightYear" :[""],
"copyrightNotice" :[""],
"copyrightHolder" :["Vlaams Instituut voor de Zee", "Flanders Marine Institute", "VLIZ"],
"contributor" :["Vlaams Instituut voor de Zee", "Flanders Marine Institute", "VLIZ"],
"contentReferenceTime" :[""],
"contentLocation" :[""],
"character" :[""],
"acquireLicensePage" :[""],
"accessModeSufficient" :[""],
"about" :[""],
"rights" :[""],
"relation" :[""],
"qualifiedRelation" :[""],
"qualifiedAttribution" :[""],
"previousVersion" :[""],
"nextVersion" :[""],
"landingPage" :["https://www.emodnet", "biology.eu/portal/index.php?dasid=5161", "", "https://www.emodnet", "biology.eu/toolbox/en/download/occurrence/dataset/5161", "", "https://www.gbif.org/dataset/bcac3656", "d9c1", "4b91", "a2a1", "7320a84df798", "", "http://ipt.vliz.be/eurobis/resource?r=ornithological_observations_in_the_southeast_of_the_north_sea_between_june_1971_and_january_1972", "", "https://obis.org/dataset/f0fe4815", "0d3d", "4035", "936a", "28dc1f097135", "", "http://www.eurobis.org//imis?dasid=5161"],
"isReferencedBy" :["http://www.vliz.be/en/imis?module=dataset&dasid=5161)", "http://dx.doi.org/10.14284/136"],
"hasVersion" :[""],
"hasPolicy" :[""],
"hasCurrentVersion" :[""],
"useConstraints" :[""],
"status" :[""],
"spatialRepresentationType" :[""],
"spatialRepresentationInfo" :[""],
"scope" :[""],
"purpose" :[""],
"otherLocale" :[""],
"metadataProfile" :["Flanders Marine Institute (VLIZ)"],
"metadataLinkage" :[""],
"metadataIdentifier" :[""],
"environmentDescription" :[""],
"distributionInfo" :["https://www.emodnet", "biology.eu/portal/index.php?dasid=5161", "https://www.emodnet", "biology.eu/toolbox/en/download/occurrence/dataset/5161", "https://www.gbif.org/dataset/bcac3656", "d9c1", "4b91", "a2a1", "7320a84df798", "http://ipt.vliz.be/eurobis/resource?r=ornithological_observations_in_the_southeast_of_the_north_sea_between_june_1971_and_january_1972", "https://obis.org/dataset/f0fe4815", "0d3d", "4035", "936a", "28dc1f097135", "http://www.eurobis.org//imis?dasid=5161"],
"dataQualityInfo" :[""],
"contentInfo" :[""],
"ResearchInfrastructure" :["LifeWatch"],
"EssentialVariables" :["Species distributions", "Species abundances", "Taxonomic/phylogenetic diversity"],
"potentialTopics" :["part", "southeastern", "observed", "original", "count", "digitized", "three", "cruise", "oceanographic", "report", "north", "sea", "observation", "southeast", "ornithological", "specie", "data", "board", "bird", "marine"]
}