{
"description" :["None"],
"identifier" :["https://www.emodnet", "biology.eu/portal/index.php?dasid=5986", "https://www.emodnet", "biology.eu/toolbox/en/download/occurrence/dataset/5986", "http://ipt.naturalsciences.be/resource?r=be_rbins_invertebrates_crustacea", "https://obis.org/dataset/0912e81c", "c5ac", "4a53", "b719", "a9ae6535f895", "http://www.eurobis.org//imis?dasid=5986"],
"keywords" :["Crustacean"],
"language" :["English"],
"accessibilitySummary" :[""],
"contact" :["Flanders Marine Institute ("],
"version" :[""],
"temporalCoverage" :["1800", "10", "14"],
"publisher" :["Flanders Marine Institute", "VLIZ", "Meurisse", "Semal", "Royal Belgian Institute of Natural Sciences Crustacea"],
"spatial" :[""],
"license" :[""],
"citation" :["Meurisse", "L.", "Semal", "P. (2020) Royal Belgian Institute of Natural Sciences Crustacea collection"],
"genre" :["phylum", "phylum", "phylum", "phylum", "phylum", "phylum", "https://www.emodnet", "biology.eu/portal/index.php?dasid=5986", "https://www.emodnet", "biology.eu/toolbox/en/download/occurrence/dataset/5986", "http://ipt.naturalsciences.be/resource?r=be_rbins_invertebrates_crustacea", "https://obis.org/dataset/0912e81c", "c5ac", "4a53", "b719", "a9ae6535f895", "http://www.eurobis.org//imis?dasid=5986"],
"creator" :["Linda"],
"modificationDate" :[""],
"distribution" :["https://www.emodnet", "biology.eu/portal/index.php?dasid=5986", "https://www.emodnet", "biology.eu/toolbox/en/download/occurrence/dataset/5986", "http://ipt.naturalsciences.be/resource?r=be_rbins_invertebrates_crustacea", "https://obis.org/dataset/0912e81c", "c5ac", "4a53", "b719", "a9ae6535f895", "http://www.eurobis.org//imis?dasid=5986"],
"image" :[""],
"thumbnailUrl" :[""],
"headline" :["Meurisse", "L.", "Semal", "P. (2020) Royal Belgian Institute of Natural Sciences Crustacea collection"],
"abstract" :["The Royal Belgian Institute of Natural Sciences Crustacea collection contains 30806 digitised specimens over 1411 taxa (mostly species). This dataset only contains the marine species of the collection. The following classes are included: Arachnida", "Branchiopoda Latreille", "1817", "Clitellata", "Gastropoda Cuvier", "1797", "Hydrozoa Owen", "1843", "Ichthyostraca Zrzavy et al.", "1997", "Insecta Linnaeus", "1758", "Malacostraca Latreille", "1802", "Maxillopoda Dahl", "1956", "Merostomata", "Ostracoda indet.", "Ostracoda Latreille", "1802", "Pycnogonida Latreille", "1810", "Secernentea", "Sipunculidea."],
"theme" :["species"],
"dateCreated" :["1800", "10", "14"],
"creditText" :[""],
"datePublished" :["2021", "03", "11T09:58:34"],
"producer" :[""],
"author" :[""],
"spatialCoverage" :[""],
"url" :["https://metadatacatalogue.lifewatch.eu/srv/api/records/oai:marineinfo.org:id:dataset:5986/formatters/xml?approved=true"],
"sponsor" :[""],
"size" :[""],
"sameAs" :[""],
"publication" :[""],
"provider" :[""],
"position" :[""],
"name" :[""],
"measurementTechnique" :[""],
"material" :[""],
"maintainer" :[""],
"locationCreated" :[""],
"issn" :[""],
"isPartOf" :[""],
"isBasedOn" :[""],
"isAccessibleForFree" :[""],
"includedInDataCatalog" :[""],
"editor" :[""],
"editEIDR" :[""],
"copyrightYear" :[""],
"copyrightNotice" :[""],
"copyrightHolder" :["Flanders Marine Institute", "VLIZ"],
"contributor" :["Flanders Marine Institute", "VLIZ"],
"contentReferenceTime" :[""],
"contentLocation" :[""],
"character" :[""],
"acquireLicensePage" :[""],
"accessModeSufficient" :[""],
"about" :[""],
"rights" :[""],
"relation" :[""],
"qualifiedRelation" :[""],
"qualifiedAttribution" :[""],
"previousVersion" :[""],
"nextVersion" :[""],
"landingPage" :["https://www.emodnet", "biology.eu/portal/index.php?dasid=5986", "", "https://www.emodnet", "biology.eu/toolbox/en/download/occurrence/dataset/5986", "", "http://ipt.naturalsciences.be/resource?r=be_rbins_invertebrates_crustacea", "", "https://obis.org/dataset/0912e81c", "c5ac", "4a53", "b719", "a9ae6535f895", "", "http://www.eurobis.org//imis?dasid=5986"],
"isReferencedBy" :[""],
"hasVersion" :[""],
"hasPolicy" :[""],
"hasCurrentVersion" :[""],
"useConstraints" :[""],
"status" :[""],
"spatialRepresentationType" :[""],
"spatialRepresentationInfo" :[""],
"scope" :[""],
"purpose" :[""],
"otherLocale" :[""],
"metadataProfile" :["Flanders Marine Institute (VLIZ)"],
"metadataLinkage" :[""],
"metadataIdentifier" :[""],
"environmentDescription" :[""],
"distributionInfo" :["https://www.emodnet", "biology.eu/portal/index.php?dasid=5986", "https://www.emodnet", "biology.eu/toolbox/en/download/occurrence/dataset/5986", "http://ipt.naturalsciences.be/resource?r=be_rbins_invertebrates_crustacea", "https://obis.org/dataset/0912e81c", "c5ac", "4a53", "b719", "a9ae6535f895", "http://www.eurobis.org//imis?dasid=5986"],
"dataQualityInfo" :[""],
"contentInfo" :[""],
"ResearchInfrastructure" :["LifeWatch"],
"EssentialVariables" :["Species distributions", "Species abundances", "Taxonomic/phylogenetic diversity"],
"potentialTopics" :["collection", "specie", "contains", "mostly", "taxon", "specimen", "marine", "dahl", "class", "included", "science", "institute", "natural", "royal", "following"]
}