{
"description" :["None"],
"identifier" :["https://dx.doi.org/10.15468/1w5yeb", "https://www.emodnet", "biology.eu/portal/index.php?dasid=5530", "https://www.emodnet", "biology.eu/toolbox/en/download/occurrence/dataset/5530", "http://www.gbif.org/dataset/7677de14", "fdde", "44fa", "b673", "d335c571b084", "http://ipt.medobis.eu/resource?r=egyptexpeditiontanaidaceaisopoda", "https://obis.org/dataset/83b20488", "0f08", "40ab", "8d7b", "db32216cd80d", "http://www.eurobis.org//imis?dasid=5530"],
"keywords" :["Data"],
"language" :["English"],
"accessibilitySummary" :[""],
"contact" :[""],
"version" :[""],
"temporalCoverage" :["1933", "08", "29"],
"publisher" :["Flanders Marine Institute", "VLIZ", "Evangelia Avramidou", "Irini Tsikopoulou", "Isopoda", "Stamatina Nikolopoulou", "XXI Tanaidacea", "Hydrobiology", "Fisheries Directorate"],
"spatial" :["Egypt", "Alexandria"],
"license" :[""],
"citation" :["Stamatina Nikolopoulou", "Evangelia Avramidou and Irini Tsikopoulou (2016). Digitation of The fishery grounds near Alexandria. XXI Tanaidacea and Isopoda. Notes and Memoirs No 35. Hydrobiology and Fisheries Directorate", "1940", "Egypt https://dx.doi.org/10.15468/1w5yeb"],
"genre" :["order", "order", "https://dx.doi.org/10.15468/1w5yeb", "https://www.emodnet", "biology.eu/portal/index.php?dasid=5530", "https://www.emodnet", "biology.eu/toolbox/en/download/occurrence/dataset/5530", "http://www.gbif.org/dataset/7677de14", "fdde", "44fa", "b673", "d335c571b084", "http://ipt.medobis.eu/resource?r=egyptexpeditiontanaidaceaisopoda", "https://obis.org/dataset/83b20488", "0f08", "40ab", "8d7b", "db32216cd80d", "http://www.eurobis.org//imis?dasid=5530"],
"creator" :[""],
"modificationDate" :[""],
"distribution" :["https://dx.doi.org/10.15468/1w5yeb", "https://www.emodnet", "biology.eu/portal/index.php?dasid=5530", "https://www.emodnet", "biology.eu/toolbox/en/download/occurrence/dataset/5530", "http://www.gbif.org/dataset/7677de14", "fdde", "44fa", "b673", "d335c571b084", "http://ipt.medobis.eu/resource?r=egyptexpeditiontanaidaceaisopoda", "https://obis.org/dataset/83b20488", "0f08", "40ab", "8d7b", "db32216cd80d", "http://www.eurobis.org//imis?dasid=5530"],
"image" :[""],
"thumbnailUrl" :[""],
"headline" :["Stamatina Nikolopoulou", "Evangelia Avramidou and Irini Tsikopoulou (2016). Digitation of The fishery grounds near Alexandria. XXI Tanaidacea and Isopoda. Notes and Memoirs No 35. Hydrobiology and Fisheries Directorate", "1940", "Egypt https://dx.doi.org/10.15468/1w5yeb"],
"abstract" :["This is a historical dataset that was published in 1940 by H.J. Larwood and concerns of the faunistic report on the Tanaids and Isopods collected during the floristical and faunistical survey of Adolf Steuer on the coasts near Alexandria mainly with the vessel “El Hoot”."],
"theme" :[""],
"dateCreated" :["1933", "08", "29"],
"creditText" :[""],
"datePublished" :["2021", "03", "11T10:08:25"],
"producer" :[""],
"author" :[""],
"spatialCoverage" :["Egypt", "Alexandria"],
"url" :["https://metadatacatalogue.lifewatch.eu/srv/api/records/oai:marineinfo.org:id:dataset:5530/formatters/xml?approved=true"],
"sponsor" :[""],
"size" :[""],
"sameAs" :[""],
"publication" :[""],
"provider" :[""],
"position" :[""],
"name" :[""],
"measurementTechnique" :[""],
"material" :[""],
"maintainer" :[""],
"locationCreated" :["Egypt", "Alexandria"],
"issn" :[""],
"isPartOf" :[""],
"isBasedOn" :[""],
"isAccessibleForFree" :[""],
"includedInDataCatalog" :[""],
"editor" :[""],
"editEIDR" :[""],
"copyrightYear" :[""],
"copyrightNotice" :[""],
"copyrightHolder" :["Flanders Marine Institute", "VLIZ"],
"contributor" :["Flanders Marine Institute", "VLIZ"],
"contentReferenceTime" :[""],
"contentLocation" :[""],
"character" :[""],
"acquireLicensePage" :[""],
"accessModeSufficient" :[""],
"about" :[""],
"rights" :[""],
"relation" :[""],
"qualifiedRelation" :[""],
"qualifiedAttribution" :[""],
"previousVersion" :[""],
"nextVersion" :[""],
"landingPage" :["https://dx.doi.org/10.15468/1w5yeb", "", "https://www.emodnet", "biology.eu/portal/index.php?dasid=5530", "", "https://www.emodnet", "biology.eu/toolbox/en/download/occurrence/dataset/5530", "", "http://www.gbif.org/dataset/7677de14", "fdde", "44fa", "b673", "d335c571b084", "", "http://ipt.medobis.eu/resource?r=egyptexpeditiontanaidaceaisopoda", "", "https://obis.org/dataset/83b20488", "0f08", "40ab", "8d7b", "db32216cd80d", "", "http://www.eurobis.org//imis?dasid=5530"],
"isReferencedBy" :["https://dx.doi.org/10.15468/1w5yeb"],
"hasVersion" :[""],
"hasPolicy" :[""],
"hasCurrentVersion" :[""],
"useConstraints" :[""],
"status" :[""],
"spatialRepresentationType" :[""],
"spatialRepresentationInfo" :[""],
"scope" :[""],
"purpose" :[""],
"otherLocale" :[""],
"metadataProfile" :["Flanders Marine Institute (VLIZ)"],
"metadataLinkage" :[""],
"metadataIdentifier" :[""],
"environmentDescription" :[""],
"distributionInfo" :["https://dx.doi.org/10.15468/1w5yeb", "https://www.emodnet", "biology.eu/portal/index.php?dasid=5530", "https://www.emodnet", "biology.eu/toolbox/en/download/occurrence/dataset/5530", "http://www.gbif.org/dataset/7677de14", "fdde", "44fa", "b673", "d335c571b084", "http://ipt.medobis.eu/resource?r=egyptexpeditiontanaidaceaisopoda", "https://obis.org/dataset/83b20488", "0f08", "40ab", "8d7b", "db32216cd80d", "http://www.eurobis.org//imis?dasid=5530"],
"dataQualityInfo" :[""],
"contentInfo" :[""],
"ResearchInfrastructure" :["LifeWatch"],
"EssentialVariables" :[""],
"potentialTopics" :["near", "note", "memoir", "ground", "xxi", "fishery", "directorate", "historical", "survey", "mainly", "faunistic", "isopod", "concern", "report", "coast", "vessel", "collected", "published"]
}