{
"description" :["None"],
"identifier" :["http://www.emodnet", "biology.eu/portal/index.php?dasid=4679", "https://www.emodnet", "biology.eu/toolbox/en/download/occurrence/dataset/4679", "https://www.gbif.org/dataset/c25f5a6a", "5c8c", "4310", "ac09", "26120b91858e", "http://ipt.vliz.be/imar/resource.do?r=popa_birds_sightings_while_live_bait_fishing_1998_2013", "https://obis.org/dataset/2b7c7bc2", "cdff", "46fd", "82d3", "008cdea03408", "http://www.eurobis.org//imis?dasid=4679"],
"keywords" :["Tuna fisheries"],
"language" :["English"],
"accessibilitySummary" :[""],
"contact" :[""],
"version" :[""],
"temporalCoverage" :["1998", "01", "01"],
"publisher" :["http://ipt.vliz.be/imar/resource.do?r=popa_birds_sightings_while_live_bait_fishing_1998_2013", "Flanders Marine Institute", "VLIZ", "Machete", "M.", "Institute of Marine Research (IMAR", "Department of Oceanography and Fisheries", "University of the Azores", "DOP", "Fisheries Observer Program of the Azores"],
"spatial" :[""],
"license" :[""],
"citation" :["Machete", "M.; Institute of Marine Research (IMAR)", "Portugal; Department of Oceanography and Fisheries", "University of the Azores (DOP/UAC)", "Portugal; (2014): POPA", "Fisheries Observer Program of the Azores: Seabird sightings in the Azores tuna fishery from 1998 to 2013: during the capture of live bait. http://dx.doi.org/10.14284/10"],
"genre" :["class", "http://www.emodnet", "biology.eu/portal/index.php?dasid=4679", "https://www.emodnet", "biology.eu/toolbox/en/download/occurrence/dataset/4679", "https://www.gbif.org/dataset/c25f5a6a", "5c8c", "4310", "ac09", "26120b91858e", "http://ipt.vliz.be/imar/resource.do?r=popa_birds_sightings_while_live_bait_fishing_1998_2013", "https://obis.org/dataset/2b7c7bc2", "cdff", "46fd", "82d3", "008cdea03408", "http://www.eurobis.org//imis?dasid=4679"],
"creator" :["Flanders Marine Institute ("],
"modificationDate" :[""],
"distribution" :["http://www.emodnet", "biology.eu/portal/index.php?dasid=4679", "https://www.emodnet", "biology.eu/toolbox/en/download/occurrence/dataset/4679", "https://www.gbif.org/dataset/c25f5a6a", "5c8c", "4310", "ac09", "26120b91858e", "http://ipt.vliz.be/imar/resource.do?r=popa_birds_sightings_while_live_bait_fishing_1998_2013", "https://obis.org/dataset/2b7c7bc2", "cdff", "46fd", "82d3", "008cdea03408", "http://www.eurobis.org//imis?dasid=4679"],
"image" :[""],
"thumbnailUrl" :[""],
"headline" :["Machete", "M.; Institute of Marine Research (IMAR)", "Portugal; Department of Oceanography and Fisheries", "University of the Azores (DOP/UAC)", "Portugal; (2014): POPA", "Fisheries Observer Program of the Azores: Seabird sightings in the Azores tuna fishery from 1998 to 2013: during the capture of live bait. http://dx.doi.org/10.14284/10"],
"abstract" :["Recorded sightings of seabirds close to and/or interacting with the boat", "while capturing the live bait."],
"theme" :["habitat"],
"dateCreated" :["1998", "01", "01"],
"creditText" :[""],
"datePublished" :["2021", "03"],
"producer" :[""],
"author" :[""],
"spatialCoverage" :[""],
"url" :["https://metadatacatalogue.lifewatch.eu/srv/api/records/oai:marineinfo.org:id:dataset:4679/formatters/xml?approved=true"],
"sponsor" :[""],
"size" :[""],
"sameAs" :[""],
"publication" :[""],
"provider" :[""],
"position" :[""],
"name" :[""],
"measurementTechnique" :[""],
"material" :[""],
"maintainer" :[""],
"locationCreated" :[""],
"issn" :[""],
"isPartOf" :[""],
"isBasedOn" :[""],
"isAccessibleForFree" :[""],
"includedInDataCatalog" :[""],
"editor" :[""],
"editEIDR" :[""],
"copyrightYear" :[""],
"copyrightNotice" :[""],
"copyrightHolder" :["Flanders Marine Institute", "VLIZ"],
"contributor" :["Flanders Marine Institute", "VLIZ"],
"contentReferenceTime" :[""],
"contentLocation" :[""],
"character" :[""],
"acquireLicensePage" :[""],
"accessModeSufficient" :[""],
"about" :[""],
"rights" :[""],
"relation" :[""],
"qualifiedRelation" :[""],
"qualifiedAttribution" :[""],
"previousVersion" :[""],
"nextVersion" :[""],
"landingPage" :["http://www.emodnet", "biology.eu/portal/index.php?dasid=4679", "", "https://www.emodnet", "biology.eu/toolbox/en/download/occurrence/dataset/4679", "", "https://www.gbif.org/dataset/c25f5a6a", "5c8c", "4310", "ac09", "26120b91858e", "", "http://ipt.vliz.be/imar/resource.do?r=popa_birds_sightings_while_live_bait_fishing_1998_2013", "", "https://obis.org/dataset/2b7c7bc2", "cdff", "46fd", "82d3", "008cdea03408", "", "http://www.eurobis.org//imis?dasid=4679"],
"isReferencedBy" :["http://dx.doi.org/10.14284/10"],
"hasVersion" :[""],
"hasPolicy" :[""],
"hasCurrentVersion" :[""],
"useConstraints" :[""],
"status" :[""],
"spatialRepresentationType" :[""],
"spatialRepresentationInfo" :[""],
"scope" :[""],
"purpose" :[""],
"otherLocale" :[""],
"metadataProfile" :["Flanders Marine Institute (VLIZ)"],
"metadataLinkage" :[""],
"metadataIdentifier" :[""],
"environmentDescription" :[""],
"distributionInfo" :["http://www.emodnet", "biology.eu/portal/index.php?dasid=4679", "https://www.emodnet", "biology.eu/toolbox/en/download/occurrence/dataset/4679", "https://www.gbif.org/dataset/c25f5a6a", "5c8c", "4310", "ac09", "26120b91858e", "http://ipt.vliz.be/imar/resource.do?r=popa_birds_sightings_while_live_bait_fishing_1998_2013", "https://obis.org/dataset/2b7c7bc2", "cdff", "46fd", "82d3", "008cdea03408", "http://www.eurobis.org//imis?dasid=4679"],
"dataQualityInfo" :[""],
"contentInfo" :[""],
"ResearchInfrastructure" :["LifeWatch"],
"EssentialVariables" :["Phenology", "Ecosystem phenology"],
"potentialTopics" :["fishery", "live", "seabird", "sighting", "bait", "capture", "department", "program", "observer", "university", "close", "capturing", "recorded", "interacting", "boat", "tuna", "institute"]
}