{
"description" :["None"],
"identifier" :["https://dx.doi.org/10.15468/sgfkx5", "https://www.emodnet", "biology.eu/portal/index.php?dasid=5522", "https://www.emodnet", "biology.eu/toolbox/en/download/occurrence/dataset/5522", "http://www.gbif.org/dataset/740af3ba", "80c8", "42fd", "a424", "6e34513fa754", "http://ipt.medobis.eu/resource?r=egyptexpeditioncumaceastomatopodaleptostacaea", "https://obis.org/dataset/0f51da36", "df48", "4bbe", "abe8", "d67413f12115", "http://www.eurobis.org//imis?dasid=5522"],
"keywords" :["Data"],
"language" :["English"],
"accessibilitySummary" :[""],
"contact" :[""],
"version" :[""],
"temporalCoverage" :["1933", "05", "15"],
"publisher" :["http://ipt.medobis.eu/resource?r=egyptexpeditioncumaceastomatopodaleptostacaea", "https://obis.org/dataset/0f51da36", "df48", "4bbe", "abe8", "d67413f12115", "Flanders Marine Institute", "VLIZ", "Evangelia Avramidou", "Irini Tsikopoulou", "XVI Cumacea", "Stamatina Nikolopoulou", "Stomatopoda", "Leptostraca", "Hydrobiology", "Fisheries Directorate"],
"spatial" :["Egypt", "Alexandria"],
"license" :[""],
"citation" :["Stamatina Nikolopoulou", "Evangelia Avramidou and Irini Tsikopoulou (2016). Digitization of The fishery grounds near Alexandria. XVI Cumacea", "Stomatopoda", "Leptostraca. Notes and Memoirs No 26. Hydrobiology and Fisheries Directorate", "1938", "Egypt https://dx.doi.org/10.15468/sgfkx5"],
"genre" :["order", "order", "order", "https://dx.doi.org/10.15468/sgfkx5", "https://www.emodnet", "biology.eu/portal/index.php?dasid=5522", "https://www.emodnet", "biology.eu/toolbox/en/download/occurrence/dataset/5522", "http://www.gbif.org/dataset/740af3ba", "80c8", "42fd", "a424", "6e34513fa754", "http://ipt.medobis.eu/resource?r=egyptexpeditioncumaceastomatopodaleptostacaea", "https://obis.org/dataset/0f51da36", "df48", "4bbe", "abe8", "d67413f12115", "http://www.eurobis.org//imis?dasid=5522"],
"creator" :[""],
"modificationDate" :[""],
"distribution" :["https://dx.doi.org/10.15468/sgfkx5", "https://www.emodnet", "biology.eu/portal/index.php?dasid=5522", "https://www.emodnet", "biology.eu/toolbox/en/download/occurrence/dataset/5522", "http://www.gbif.org/dataset/740af3ba", "80c8", "42fd", "a424", "6e34513fa754", "http://ipt.medobis.eu/resource?r=egyptexpeditioncumaceastomatopodaleptostacaea", "https://obis.org/dataset/0f51da36", "df48", "4bbe", "abe8", "d67413f12115", "http://www.eurobis.org//imis?dasid=5522"],
"image" :[""],
"thumbnailUrl" :[""],
"headline" :["Stamatina Nikolopoulou", "Evangelia Avramidou and Irini Tsikopoulou (2016). Digitization of The fishery grounds near Alexandria. XVI Cumacea", "Stomatopoda", "Leptostraca. Notes and Memoirs No 26. Hydrobiology and Fisheries Directorate", "1938", "Egypt https://dx.doi.org/10.15468/sgfkx5"],
"abstract" :["This is a historical dataset that was published in 1938 by A. Steuer and concerns of the faunistic report on the Cumacea", "Stomatopoda and Leptostracacollected during the floristical and faunistical survey of himshelf on the coasts near Alexandria mainly with the vessel “El Hoot”."],
"theme" :[""],
"dateCreated" :["1933", "05", "15"],
"creditText" :[""],
"datePublished" :["2021", "03", "11T10:07:37"],
"producer" :[""],
"author" :[""],
"spatialCoverage" :["Egypt", "Alexandria"],
"url" :["https://metadatacatalogue.lifewatch.eu/srv/api/records/oai:marineinfo.org:id:dataset:5522/formatters/xml?approved=true"],
"sponsor" :[""],
"size" :[""],
"sameAs" :[""],
"publication" :[""],
"provider" :[""],
"position" :[""],
"name" :[""],
"measurementTechnique" :[""],
"material" :[""],
"maintainer" :[""],
"locationCreated" :["Egypt", "Alexandria"],
"issn" :[""],
"isPartOf" :[""],
"isBasedOn" :[""],
"isAccessibleForFree" :[""],
"includedInDataCatalog" :[""],
"editor" :[""],
"editEIDR" :[""],
"copyrightYear" :[""],
"copyrightNotice" :[""],
"copyrightHolder" :["Flanders Marine Institute", "VLIZ"],
"contributor" :["Flanders Marine Institute", "VLIZ"],
"contentReferenceTime" :[""],
"contentLocation" :[""],
"character" :[""],
"acquireLicensePage" :[""],
"accessModeSufficient" :[""],
"about" :[""],
"rights" :[""],
"relation" :[""],
"qualifiedRelation" :[""],
"qualifiedAttribution" :[""],
"previousVersion" :[""],
"nextVersion" :[""],
"landingPage" :["https://dx.doi.org/10.15468/sgfkx5", "", "https://www.emodnet", "biology.eu/portal/index.php?dasid=5522", "", "https://www.emodnet", "biology.eu/toolbox/en/download/occurrence/dataset/5522", "", "http://www.gbif.org/dataset/740af3ba", "80c8", "42fd", "a424", "6e34513fa754", "", "http://ipt.medobis.eu/resource?r=egyptexpeditioncumaceastomatopodaleptostacaea", "", "https://obis.org/dataset/0f51da36", "df48", "4bbe", "abe8", "d67413f12115", "", "http://www.eurobis.org//imis?dasid=5522"],
"isReferencedBy" :["https://dx.doi.org/10.15468/sgfkx5"],
"hasVersion" :[""],
"hasPolicy" :[""],
"hasCurrentVersion" :[""],
"useConstraints" :[""],
"status" :[""],
"spatialRepresentationType" :[""],
"spatialRepresentationInfo" :[""],
"scope" :[""],
"purpose" :[""],
"otherLocale" :[""],
"metadataProfile" :["Flanders Marine Institute (VLIZ)"],
"metadataLinkage" :[""],
"metadataIdentifier" :[""],
"environmentDescription" :[""],
"distributionInfo" :["https://dx.doi.org/10.15468/sgfkx5", "https://www.emodnet", "biology.eu/portal/index.php?dasid=5522", "https://www.emodnet", "biology.eu/toolbox/en/download/occurrence/dataset/5522", "http://www.gbif.org/dataset/740af3ba", "80c8", "42fd", "a424", "6e34513fa754", "http://ipt.medobis.eu/resource?r=egyptexpeditioncumaceastomatopodaleptostacaea", "https://obis.org/dataset/0f51da36", "df48", "4bbe", "abe8", "d67413f12115", "http://www.eurobis.org//imis?dasid=5522"],
"dataQualityInfo" :[""],
"contentInfo" :[""],
"ResearchInfrastructure" :["LifeWatch"],
"EssentialVariables" :[""],
"potentialTopics" :["near", "fishery", "xvi", "note", "memoir", "ground", "directorate", "digitization", "faunistic", "concern", "historical", "survey", "coast", "mainly", "published", "vessel", "report"]
}