{
"description" :["None"],
"identifier" :["http://www.emodnet", "biology.eu/portal/index.php?dasid=4606", "https://www.emodnet", "biology.eu/toolbox/en/download/occurrence/dataset/4606", "https://www.gbif.org/dataset/9c8c249c", "9426", "4a03", "a5bc", "9150966b3c2c", "http://mda.vliz.be/mda/directlink.php?fid=VLIZ_00000398_1435305860", "http://mda.vliz.be/mda/directlink.php?fid=VLIZ_00000398_1435313480", "https://obis.org/dataset/2e3d797b", "69db", "4e5d", "b4a9", "9e1f8d8dbc70", "http://www.eurobis.org//imis?dasid=4606"],
"keywords" :[""],
"language" :["English"],
"accessibilitySummary" :[""],
"contact" :["Sonja"],
"version" :[""],
"temporalCoverage" :["2004", "03", "01"],
"publisher" :["Flanders Marine Institute", "VLIZ", "I. balthica", "I. chelipes"],
"spatial" :[""],
"license" :[""],
"citation" :["Leidenberger", "S. (2014). Observations of three Idotea species (I. balthica", "I. chelipes and I. granulosa) in Northern Europe", "including the Baltic Sea.", "field data. http://dx.doi.org/10.14284/8"],
"genre" :["genus", "http://www.emodnet", "biology.eu/portal/index.php?dasid=4606", "https://www.emodnet", "biology.eu/toolbox/en/download/occurrence/dataset/4606", "https://www.gbif.org/dataset/9c8c249c", "9426", "4a03", "a5bc", "9150966b3c2c", "http://mda.vliz.be/mda/directlink.php?fid=VLIZ_00000398_1435305860", "http://mda.vliz.be/mda/directlink.php?fid=VLIZ_00000398_1435313480", "https://obis.org/dataset/2e3d797b", "69db", "4e5d", "b4a9", "9e1f8d8dbc70", "http://www.eurobis.org//imis?dasid=4606"],
"creator" :["Sonja"],
"modificationDate" :[""],
"distribution" :["http://www.emodnet", "biology.eu/portal/index.php?dasid=4606", "https://www.emodnet", "biology.eu/toolbox/en/download/occurrence/dataset/4606", "https://www.gbif.org/dataset/9c8c249c", "9426", "4a03", "a5bc", "9150966b3c2c", "http://mda.vliz.be/mda/directlink.php?fid=VLIZ_00000398_1435305860", "http://mda.vliz.be/mda/directlink.php?fid=VLIZ_00000398_1435313480", "https://obis.org/dataset/2e3d797b", "69db", "4e5d", "b4a9", "9e1f8d8dbc70", "http://www.eurobis.org//imis?dasid=4606"],
"image" :[""],
"thumbnailUrl" :[""],
"headline" :["Leidenberger", "S. (2014). Observations of three Idotea species (I. balthica", "I. chelipes and I. granulosa) in Northern Europe", "including the Baltic Sea.", "field data. http://dx.doi.org/10.14284/8"],
"abstract" :["Observation data of occurrence of three Idotea species collected from own field sampling in Northern Europe."],
"theme" :["species"],
"dateCreated" :["2004", "03", "01"],
"creditText" :[""],
"datePublished" :["2021", "03", "11T10:13:51"],
"producer" :[""],
"author" :[""],
"spatialCoverage" :[""],
"url" :["https://metadatacatalogue.lifewatch.eu/srv/api/records/oai:marineinfo.org:id:dataset:4606/formatters/xml?approved=true"],
"sponsor" :[""],
"size" :[""],
"sameAs" :[""],
"publication" :[""],
"provider" :[""],
"position" :[""],
"name" :[""],
"measurementTechnique" :[""],
"material" :[""],
"maintainer" :[""],
"locationCreated" :[""],
"issn" :[""],
"isPartOf" :[""],
"isBasedOn" :[""],
"isAccessibleForFree" :[""],
"includedInDataCatalog" :[""],
"editor" :[""],
"editEIDR" :[""],
"copyrightYear" :[""],
"copyrightNotice" :[""],
"copyrightHolder" :["Flanders Marine Institute", "VLIZ"],
"contributor" :["Flanders Marine Institute", "VLIZ"],
"contentReferenceTime" :[""],
"contentLocation" :[""],
"character" :[""],
"acquireLicensePage" :[""],
"accessModeSufficient" :[""],
"about" :[""],
"rights" :[""],
"relation" :[""],
"qualifiedRelation" :[""],
"qualifiedAttribution" :[""],
"previousVersion" :[""],
"nextVersion" :[""],
"landingPage" :["http://www.emodnet", "biology.eu/portal/index.php?dasid=4606", "", "https://www.emodnet", "biology.eu/toolbox/en/download/occurrence/dataset/4606", "", "https://www.gbif.org/dataset/9c8c249c", "9426", "4a03", "a5bc", "9150966b3c2c", "", "http://mda.vliz.be/mda/directlink.php?fid=VLIZ_00000398_1435305860", "", "http://mda.vliz.be/mda/directlink.php?fid=VLIZ_00000398_1435313480", "", "https://obis.org/dataset/2e3d797b", "69db", "4e5d", "b4a9", "9e1f8d8dbc70", "", "http://www.eurobis.org//imis?dasid=4606"],
"isReferencedBy" :["http://dx.doi.org/10.14284/8"],
"hasVersion" :[""],
"hasPolicy" :[""],
"hasCurrentVersion" :[""],
"useConstraints" :[""],
"status" :[""],
"spatialRepresentationType" :[""],
"spatialRepresentationInfo" :[""],
"scope" :[""],
"purpose" :[""],
"otherLocale" :[""],
"metadataProfile" :["Flanders Marine Institute (VLIZ)"],
"metadataLinkage" :[""],
"metadataIdentifier" :[""],
"environmentDescription" :[""],
"distributionInfo" :["http://www.emodnet", "biology.eu/portal/index.php?dasid=4606", "https://www.emodnet", "biology.eu/toolbox/en/download/occurrence/dataset/4606", "https://www.gbif.org/dataset/9c8c249c", "9426", "4a03", "a5bc", "9150966b3c2c", "http://mda.vliz.be/mda/directlink.php?fid=VLIZ_00000398_1435305860", "http://mda.vliz.be/mda/directlink.php?fid=VLIZ_00000398_1435313480", "https://obis.org/dataset/2e3d797b", "69db", "4e5d", "b4a9", "9e1f8d8dbc70", "http://www.eurobis.org//imis?dasid=4606"],
"dataQualityInfo" :[""],
"contentInfo" :[""],
"ResearchInfrastructure" :["LifeWatch"],
"EssentialVariables" :["Species distributions", "Species abundances", "Taxonomic/phylogenetic diversity"],
"potentialTopics" :["field", "specie", "observation", "northern", "data", "sea", "three", "including", "sampling", "collected", "occurrence"]
}