{
"description" :["None"],
"identifier" :["https://www.emodnet", "biology.eu/portal/index.php?dasid=5984", "https://www.emodnet", "biology.eu/toolbox/en/download/occurrence/dataset/5984", "http://ipt.naturalsciences.be/resource?r=be_rbins_invertebrates_cheliceratamarine", "https://obis.org/dataset/d8634135", "090e", "455b", "8d98", "c319bfd7aaed", "http://www.eurobis.org//imis?dasid=5984"],
"keywords" :[""],
"language" :["English"],
"accessibilitySummary" :[""],
"contact" :["Flanders Marine Institute ("],
"version" :[""],
"temporalCoverage" :["1800", "01", "01"],
"publisher" :["https://obis.org/dataset/d8634135", "090e", "455b", "8d98", "c319bfd7aaed", "Flanders Marine Institute", "VLIZ", "Samyn", "Semal", "Chelicerata", "Royal Belgian Institute of Natural Sciences"],
"spatial" :[""],
"license" :[""],
"citation" :["Samyn", "Y.", "Semal", "P. (2020) Royal Belgian Institute of Natural Sciences marine Chelicerata collection"],
"genre" :["class", "class", "class", "https://www.emodnet", "biology.eu/portal/index.php?dasid=5984", "https://www.emodnet", "biology.eu/toolbox/en/download/occurrence/dataset/5984", "http://ipt.naturalsciences.be/resource?r=be_rbins_invertebrates_cheliceratamarine", "https://obis.org/dataset/d8634135", "090e", "455b", "8d98", "c319bfd7aaed", "http://www.eurobis.org//imis?dasid=5984"],
"creator" :[""],
"modificationDate" :[""],
"distribution" :["https://www.emodnet", "biology.eu/portal/index.php?dasid=5984", "https://www.emodnet", "biology.eu/toolbox/en/download/occurrence/dataset/5984", "http://ipt.naturalsciences.be/resource?r=be_rbins_invertebrates_cheliceratamarine", "https://obis.org/dataset/d8634135", "090e", "455b", "8d98", "c319bfd7aaed", "http://www.eurobis.org//imis?dasid=5984"],
"image" :[""],
"thumbnailUrl" :[""],
"headline" :["Samyn", "Y.", "Semal", "P. (2020) Royal Belgian Institute of Natural Sciences marine Chelicerata collection"],
"abstract" :["The Royal Belgian Institute of Natural Sciences Marine Chelicerata Collection contains 443 digitised specimens over 30 taxa (mostly species). This dataset only contains the marine species of the collection. The following classes are included: Malacostraca Latreille", "1802", "Merostomata", "Pycnogonida Latreille", "1810."],
"theme" :["species"],
"dateCreated" :["1800", "01", "01"],
"creditText" :[""],
"datePublished" :["2021", "03", "11T09:58:25"],
"producer" :[""],
"author" :[""],
"spatialCoverage" :[""],
"url" :["https://metadatacatalogue.lifewatch.eu/srv/api/records/oai:marineinfo.org:id:dataset:5984/formatters/xml?approved=true"],
"sponsor" :[""],
"size" :[""],
"sameAs" :[""],
"publication" :[""],
"provider" :[""],
"position" :[""],
"name" :[""],
"measurementTechnique" :[""],
"material" :[""],
"maintainer" :[""],
"locationCreated" :[""],
"issn" :[""],
"isPartOf" :[""],
"isBasedOn" :[""],
"isAccessibleForFree" :[""],
"includedInDataCatalog" :[""],
"editor" :[""],
"editEIDR" :[""],
"copyrightYear" :[""],
"copyrightNotice" :[""],
"copyrightHolder" :["Flanders Marine Institute", "VLIZ"],
"contributor" :["Flanders Marine Institute", "VLIZ"],
"contentReferenceTime" :[""],
"contentLocation" :[""],
"character" :[""],
"acquireLicensePage" :[""],
"accessModeSufficient" :[""],
"about" :[""],
"rights" :[""],
"relation" :[""],
"qualifiedRelation" :[""],
"qualifiedAttribution" :[""],
"previousVersion" :[""],
"nextVersion" :[""],
"landingPage" :["https://www.emodnet", "biology.eu/portal/index.php?dasid=5984", "", "https://www.emodnet", "biology.eu/toolbox/en/download/occurrence/dataset/5984", "", "http://ipt.naturalsciences.be/resource?r=be_rbins_invertebrates_cheliceratamarine", "", "https://obis.org/dataset/d8634135", "090e", "455b", "8d98", "c319bfd7aaed", "", "http://www.eurobis.org//imis?dasid=5984"],
"isReferencedBy" :[""],
"hasVersion" :[""],
"hasPolicy" :[""],
"hasCurrentVersion" :[""],
"useConstraints" :[""],
"status" :[""],
"spatialRepresentationType" :[""],
"spatialRepresentationInfo" :[""],
"scope" :[""],
"purpose" :[""],
"otherLocale" :[""],
"metadataProfile" :["Flanders Marine Institute (VLIZ)"],
"metadataLinkage" :[""],
"metadataIdentifier" :[""],
"environmentDescription" :[""],
"distributionInfo" :["https://www.emodnet", "biology.eu/portal/index.php?dasid=5984", "https://www.emodnet", "biology.eu/toolbox/en/download/occurrence/dataset/5984", "http://ipt.naturalsciences.be/resource?r=be_rbins_invertebrates_cheliceratamarine", "https://obis.org/dataset/d8634135", "090e", "455b", "8d98", "c319bfd7aaed", "http://www.eurobis.org//imis?dasid=5984"],
"dataQualityInfo" :[""],
"contentInfo" :[""],
"ResearchInfrastructure" :["LifeWatch"],
"EssentialVariables" :["Species distributions", "Species abundances", "Taxonomic/phylogenetic diversity"],
"potentialTopics" :["collection", "marine", "royal", "science", "institute", "natural", "contains", "specie", "included", "following", "specimen", "mostly", "class"]
}