{
"description" :["None"],
"identifier" :["http://www.emodnet", "biology.eu/portal/index.php?dasid=2968", "https://www.emodnet", "biology.eu/toolbox/en/download/occurrence/dataset/2968", "http://mda.vliz.be/mda/directlink.php?fid=VLIZ_00000105_1350982017", "https://obis.org/dataset/4fa60baf", "1e04", "420f", "a958", "a3cf63893380", "http://www.eurobis.org//imis?dasid=2968"],
"keywords" :["Inshore waters"],
"language" :["English"],
"accessibilitySummary" :[""],
"contact" :[""],
"version" :[""],
"temporalCoverage" :["2000", "01", "26"],
"publisher" :["Flanders Marine Institute", "VLIZ", "Finenko", "G.; Datsyk", "Anninsky", "Romanova", "macrozooplankton", "Abolmasova", "Institute of Biology of the Southern Seas NASU"],
"spatial" :["Ukraine"],
"license" :[""],
"citation" :["Finenko", "G.; Abolmasova", "G.; Datsyk", "N.; Anninsky", "B.; Romanova", "Z. (2012). Gelatinous macrozooplankton  abundance and biomass in Sevastopol Bay and inshore waters  off the Crimean Coasts of the Black Sea. Institute of Biology of the Southern Seas NASU."],
"genre" :["species", "species", "species", "species", "species", "http://www.emodnet", "biology.eu/portal/index.php?dasid=2968", "https://www.emodnet", "biology.eu/toolbox/en/download/occurrence/dataset/2968", "http://mda.vliz.be/mda/directlink.php?fid=VLIZ_00000105_1350982017", "https://obis.org/dataset/4fa60baf", "1e04", "420f", "a958", "a3cf63893380", "http://www.eurobis.org//imis?dasid=2968"],
"creator" :["Zinaida"],
"modificationDate" :[""],
"distribution" :["http://www.emodnet", "biology.eu/portal/index.php?dasid=2968", "https://www.emodnet", "biology.eu/toolbox/en/download/occurrence/dataset/2968", "http://mda.vliz.be/mda/directlink.php?fid=VLIZ_00000105_1350982017", "https://obis.org/dataset/4fa60baf", "1e04", "420f", "a958", "a3cf63893380", "http://www.eurobis.org//imis?dasid=2968"],
"image" :[""],
"thumbnailUrl" :[""],
"headline" :["Finenko", "G.; Abolmasova", "G.; Datsyk", "N.; Anninsky", "B.; Romanova", "Z. (2012). Gelatinous macrozooplankton  abundance and biomass in Sevastopol Bay and inshore waters  off the Crimean Coasts of the Black Sea. Institute of Biology of the Southern Seas NASU."],
"abstract" :["The dataset contains the monitoring data on abundance and biomass of four gelatinous zooplankton species (<i>Mnemiopsis leidyi", "Beroe ovata", "Aurelia aurita", "Pleurobrachia pileus</i>) from January 2000 to December 2011 in Sevastopol Bay and inshore waters off the Crimean coast (about 2500 records). Gelatinous zooplankton was collected at 5 stations in Sevastopol Bay and 3 stations in inshore waters near Sevastopol."],
"theme" :[""],
"dateCreated" :["2000", "01", "26"],
"creditText" :[""],
"datePublished" :["2021", "03", "11T09:24:23"],
"producer" :[""],
"author" :[""],
"spatialCoverage" :["Ukraine"],
"url" :["https://metadatacatalogue.lifewatch.eu/srv/api/records/oai:marineinfo.org:id:dataset:2968/formatters/xml?approved=true"],
"sponsor" :[""],
"size" :[""],
"sameAs" :[""],
"publication" :[""],
"provider" :[""],
"position" :[""],
"name" :[""],
"measurementTechnique" :[""],
"material" :[""],
"maintainer" :[""],
"locationCreated" :["Ukraine"],
"issn" :[""],
"isPartOf" :[""],
"isBasedOn" :[""],
"isAccessibleForFree" :[""],
"includedInDataCatalog" :[""],
"editor" :[""],
"editEIDR" :[""],
"copyrightYear" :[""],
"copyrightNotice" :[""],
"copyrightHolder" :["Flanders Marine Institute", "VLIZ"],
"contributor" :["Flanders Marine Institute", "VLIZ"],
"contentReferenceTime" :[""],
"contentLocation" :[""],
"character" :[""],
"acquireLicensePage" :[""],
"accessModeSufficient" :[""],
"about" :[""],
"rights" :[""],
"relation" :[""],
"qualifiedRelation" :[""],
"qualifiedAttribution" :[""],
"previousVersion" :[""],
"nextVersion" :[""],
"landingPage" :["http://www.emodnet", "biology.eu/portal/index.php?dasid=2968", "", "https://www.emodnet", "biology.eu/toolbox/en/download/occurrence/dataset/2968", "", "http://mda.vliz.be/mda/directlink.php?fid=VLIZ_00000105_1350982017", "", "https://obis.org/dataset/4fa60baf", "1e04", "420f", "a958", "a3cf63893380", "", "http://www.eurobis.org//imis?dasid=2968"],
"isReferencedBy" :[""],
"hasVersion" :[""],
"hasPolicy" :[""],
"hasCurrentVersion" :[""],
"useConstraints" :[""],
"status" :[""],
"spatialRepresentationType" :[""],
"spatialRepresentationInfo" :[""],
"scope" :[""],
"purpose" :[""],
"otherLocale" :[""],
"metadataProfile" :["Flanders Marine Institute (VLIZ)"],
"metadataLinkage" :[""],
"metadataIdentifier" :[""],
"environmentDescription" :[""],
"distributionInfo" :["http://www.emodnet", "biology.eu/portal/index.php?dasid=2968", "https://www.emodnet", "biology.eu/toolbox/en/download/occurrence/dataset/2968", "http://mda.vliz.be/mda/directlink.php?fid=VLIZ_00000105_1350982017", "https://obis.org/dataset/4fa60baf", "1e04", "420f", "a958", "a3cf63893380", "http://www.eurobis.org//imis?dasid=2968"],
"dataQualityInfo" :[""],
"contentInfo" :[""],
"ResearchInfrastructure" :["LifeWatch"],
"EssentialVariables" :["Physiology", "Community abundance"],
"potentialTopics" :["sea", "coast", "abundance", "biomass", "inshore", "water", "black", "bay", "gelatinous", "biology", "zooplankton", "station", "monitoring", "record", "collected", "contains"]
}