{
"description" :["None"],
"identifier" :["https://www.emodnet", "biology.eu/portal/index.php?dasid=6380", "https://www.emodnet", "biology.eu/toolbox/en/download/occurrence/dataset/6380", "http://ipt.vliz.be/eurobis/resource?r=seawatch", "b", "https://obis.org/dataset/23c06d38", "07cb", "40a6", "aa00", "b878f1bcae94", "http://www.eurobis.org//imis?dasid=6380"],
"keywords" :["Aantal schelpkokerwormen"],
"language" :["English"],
"accessibilitySummary" :[""],
"contact" :[""],
"version" :[""],
"temporalCoverage" :["2014", "06", "25"],
"publisher" :["Vlaams Instituut voor de Zee", "Flanders Marine Institute", "VLIZ", "Seys", "Vanhaecke", "Van Landschoot", "Berkers", "M.; Balcaen", "Vanden Eede", "Willaert", "Nelen", "Quartier", "Marine Data Archive"],
"spatial" :["Belgium"],
"license" :[""],
"citation" :["Seys", "J.; Pint", "S.; Vervaele", "K.; Vanhaecke", "P.; Van Landschoot", "W.; Saevels", "M.; Goossens", "H.; Berkers", "M.; Balcaen", "R.; Coppens", "S.; Vanden Eede", "S.; Fabrice", "A.; Willaert", "M.; Nelen", "L.; Colpaert", "N.; Quartier", "M.; Verbeke", "D.; Flanders Marine Institute (VLIZ): Belgium; (2020): SeaWatch", "B: citizens monitoring the Belgian North Sea from the beach (2014", "2018). Marine Data Archive. http://dx.doi.org/10.14284/401"],
"genre" :["species", "species", "species", "species", "species", "genus", "species", "genus", "family", "genus", "species", "species", "species", "species", "species", "species", "species", "species", "species", "species", "species", "species", "species", "species", "Corbicula", "species", "species", "species", "species", "species", "species", "species", "species", "species", "species", "species", "species", "genus", "species", "species", "genus", "species", "species", "species", "species", "species", "species", "species", "species", "species", "species", "species", "species", "genus", "species", "species", "species", "species", "genus", "species", "species", "species", "species", "species", "family", "species", "genus", "species", "species", "genus", "species", "species", "species", "species", "order", "genus", "species", "family", "species", "species", "species", "species", "species", "class", "species", "species", "species", "species", "species", "species", "species", "species", "species", "genus", "species", "species", "https://www.emodnet", "biology.eu/portal/index.php?dasid=6380", "https://www.emodnet", "biology.eu/toolbox/en/download/occurrence/dataset/6380", "http://ipt.vliz.be/eurobis/resource?r=seawatch", "b", "https://obis.org/dataset/23c06d38", "07cb", "40a6", "aa00", "b878f1bcae94", "http://www.eurobis.org//imis?dasid=6380"],
"creator" :[""],
"modificationDate" :[""],
"distribution" :["https://www.emodnet", "biology.eu/portal/index.php?dasid=6380", "https://www.emodnet", "biology.eu/toolbox/en/download/occurrence/dataset/6380", "http://ipt.vliz.be/eurobis/resource?r=seawatch", "b", "https://obis.org/dataset/23c06d38", "07cb", "40a6", "aa00", "b878f1bcae94", "http://www.eurobis.org//imis?dasid=6380"],
"image" :[""],
"thumbnailUrl" :[""],
"headline" :["Seys", "J.; Pint", "S.; Vervaele", "K.; Vanhaecke", "P.; Van Landschoot", "W.; Saevels", "M.; Goossens", "H.; Berkers", "M.; Balcaen", "R.; Coppens", "S.; Vanden Eede", "S.; Fabrice", "A.; Willaert", "M.; Nelen", "L.; Colpaert", "N.; Quartier", "M.; Verbeke", "D.; Flanders Marine Institute (VLIZ): Belgium; (2020): SeaWatch", "B: citizens monitoring the Belgian North Sea from the beach (2014", "2018). Marine Data Archive. http://dx.doi.org/10.14284/401"],
"abstract" :["SeaWatch", "B dataset (in Dutch) for the period of June 2014 to June 2018."],
"theme" :[""],
"dateCreated" :["2014", "06", "25"],
"creditText" :[""],
"datePublished" :["2021", "03"],
"producer" :[""],
"author" :[""],
"spatialCoverage" :["Belgium"],
"url" :["https://metadatacatalogue.lifewatch.eu/srv/api/records/oai:marineinfo.org:id:dataset:6380/formatters/xml?approved=true"],
"sponsor" :[""],
"size" :[""],
"sameAs" :[""],
"publication" :[""],
"provider" :[""],
"position" :[""],
"name" :[""],
"measurementTechnique" :[""],
"material" :[""],
"maintainer" :[""],
"locationCreated" :["Belgium"],
"issn" :[""],
"isPartOf" :[""],
"isBasedOn" :[""],
"isAccessibleForFree" :[""],
"includedInDataCatalog" :[""],
"editor" :[""],
"editEIDR" :[""],
"copyrightYear" :[""],
"copyrightNotice" :[""],
"copyrightHolder" :["Vlaams Instituut voor de Zee", "Flanders Marine Institute", "VLIZ"],
"contributor" :["Vlaams Instituut voor de Zee", "Flanders Marine Institute", "VLIZ"],
"contentReferenceTime" :[""],
"contentLocation" :[""],
"character" :[""],
"acquireLicensePage" :[""],
"accessModeSufficient" :[""],
"about" :[""],
"rights" :[""],
"relation" :[""],
"qualifiedRelation" :[""],
"qualifiedAttribution" :[""],
"previousVersion" :[""],
"nextVersion" :[""],
"landingPage" :["https://www.emodnet", "biology.eu/portal/index.php?dasid=6380", "", "https://www.emodnet", "biology.eu/toolbox/en/download/occurrence/dataset/6380", "", "http://ipt.vliz.be/eurobis/resource?r=seawatch", "b", "", "https://obis.org/dataset/23c06d38", "07cb", "40a6", "aa00", "b878f1bcae94", "", "http://www.eurobis.org//imis?dasid=6380"],
"isReferencedBy" :["http://dx.doi.org/10.14284/401"],
"hasVersion" :[""],
"hasPolicy" :[""],
"hasCurrentVersion" :[""],
"useConstraints" :[""],
"status" :[""],
"spatialRepresentationType" :[""],
"spatialRepresentationInfo" :[""],
"scope" :[""],
"purpose" :[""],
"otherLocale" :[""],
"metadataProfile" :["Flanders Marine Institute (VLIZ)"],
"metadataLinkage" :[""],
"metadataIdentifier" :[""],
"environmentDescription" :[""],
"distributionInfo" :["https://www.emodnet", "biology.eu/portal/index.php?dasid=6380", "https://www.emodnet", "biology.eu/toolbox/en/download/occurrence/dataset/6380", "http://ipt.vliz.be/eurobis/resource?r=seawatch", "b", "https://obis.org/dataset/23c06d38", "07cb", "40a6", "aa00", "b878f1bcae94", "http://www.eurobis.org//imis?dasid=6380"],
"dataQualityInfo" :[""],
"contentInfo" :[""],
"ResearchInfrastructure" :["LifeWatch"],
"EssentialVariables" :[""],
"potentialTopics" :["period", "dutch", "marine", "north", "beach", "sea", "citizen", "monitoring", "data", "institute", "archive", "van", "pint"]
}