{
"description" :["None"],
"identifier" :["http://www.emodnet", "biology.eu/portal/index.php?dasid=4454", "https://www.emodnet", "biology.eu/toolbox/en/download/occurrence/dataset/4454", "https://www.gbif.org/dataset/68ce269d", "4a2d", "4a49", "9555", "36f01aa66bf9", "http://ipt.vliz.be/eurobis/resource.do?r=macro_wfd", "https://obis.org/dataset/42d933bd", "8c8d", "464c", "b827", "d04e9031ed92", "http://www.eurobis.org//imis?dasid=4454"],
"keywords" :["Indicators"],
"language" :["English"],
"accessibilitySummary" :[""],
"contact" :["Kristian", "Kris"],
"version" :[""],
"temporalCoverage" :["2007", "12", "01"],
"publisher" :["Flanders Marine Institute", "VLIZ", "Bio", "Macrobenthos", "Institute of Agricultural and Fisheries", "ILVO"],
"spatial" :["the North Sea"],
"license" :[""],
"citation" :["Bio", "environmental research group; Institute of Agricultural and Fisheries research (ILVO)", "Belgium; (2015): Macrobenthos monitoring in function of the Water Framework Directive in the period 2007", "2009 http://dx.doi.org/10.14284/52"],
"genre" :["http://www.emodnet", "biology.eu/portal/index.php?dasid=4454", "https://www.emodnet", "biology.eu/toolbox/en/download/occurrence/dataset/4454", "https://www.gbif.org/dataset/68ce269d", "4a2d", "4a49", "9555", "36f01aa66bf9", "http://ipt.vliz.be/eurobis/resource.do?r=macro_wfd", "https://obis.org/dataset/42d933bd", "8c8d", "464c", "b827", "d04e9031ed92", "http://www.eurobis.org//imis?dasid=4454"],
"creator" :["Flanders Marine Institute ("],
"modificationDate" :[""],
"distribution" :["http://www.emodnet", "biology.eu/portal/index.php?dasid=4454", "https://www.emodnet", "biology.eu/toolbox/en/download/occurrence/dataset/4454", "https://www.gbif.org/dataset/68ce269d", "4a2d", "4a49", "9555", "36f01aa66bf9", "http://ipt.vliz.be/eurobis/resource.do?r=macro_wfd", "https://obis.org/dataset/42d933bd", "8c8d", "464c", "b827", "d04e9031ed92", "http://www.eurobis.org//imis?dasid=4454"],
"image" :[""],
"thumbnailUrl" :[""],
"headline" :["Bio", "environmental research group; Institute of Agricultural and Fisheries research (ILVO)", "Belgium; (2015): Macrobenthos monitoring in function of the Water Framework Directive in the period 2007", "2009 http://dx.doi.org/10.14284/52"],
"abstract" :["Macrobenthos monitoring in function of the Water Framework Directive"],
"theme" :[""],
"dateCreated" :["2007", "12", "01"],
"creditText" :[""],
"datePublished" :["2021", "03", "11T10:03:30"],
"producer" :[""],
"author" :[""],
"spatialCoverage" :["the North Sea"],
"url" :["https://metadatacatalogue.lifewatch.eu/srv/api/records/oai:marineinfo.org:id:dataset:4454/formatters/xml?approved=true"],
"sponsor" :[""],
"size" :[""],
"sameAs" :[""],
"publication" :[""],
"provider" :[""],
"position" :[""],
"name" :[""],
"measurementTechnique" :[""],
"material" :[""],
"maintainer" :[""],
"locationCreated" :["the North Sea"],
"issn" :[""],
"isPartOf" :[""],
"isBasedOn" :[""],
"isAccessibleForFree" :[""],
"includedInDataCatalog" :[""],
"editor" :[""],
"editEIDR" :[""],
"copyrightYear" :[""],
"copyrightNotice" :[""],
"copyrightHolder" :["Flanders Marine Institute", "VLIZ"],
"contributor" :["Flanders Marine Institute", "VLIZ"],
"contentReferenceTime" :[""],
"contentLocation" :[""],
"character" :[""],
"acquireLicensePage" :[""],
"accessModeSufficient" :[""],
"about" :[""],
"rights" :[""],
"relation" :[""],
"qualifiedRelation" :[""],
"qualifiedAttribution" :[""],
"previousVersion" :[""],
"nextVersion" :[""],
"landingPage" :["http://www.emodnet", "biology.eu/portal/index.php?dasid=4454", "", "https://www.emodnet", "biology.eu/toolbox/en/download/occurrence/dataset/4454", "", "https://www.gbif.org/dataset/68ce269d", "4a2d", "4a49", "9555", "36f01aa66bf9", "", "http://ipt.vliz.be/eurobis/resource.do?r=macro_wfd", "", "https://obis.org/dataset/42d933bd", "8c8d", "464c", "b827", "d04e9031ed92", "", "http://www.eurobis.org//imis?dasid=4454"],
"isReferencedBy" :["http://dx.doi.org/10.14284/52"],
"hasVersion" :[""],
"hasPolicy" :[""],
"hasCurrentVersion" :[""],
"useConstraints" :[""],
"status" :[""],
"spatialRepresentationType" :[""],
"spatialRepresentationInfo" :[""],
"scope" :[""],
"purpose" :[""],
"otherLocale" :[""],
"metadataProfile" :["Flanders Marine Institute (VLIZ)"],
"metadataLinkage" :[""],
"metadataIdentifier" :[""],
"environmentDescription" :[""],
"distributionInfo" :["http://www.emodnet", "biology.eu/portal/index.php?dasid=4454", "https://www.emodnet", "biology.eu/toolbox/en/download/occurrence/dataset/4454", "https://www.gbif.org/dataset/68ce269d", "4a2d", "4a49", "9555", "36f01aa66bf9", "http://ipt.vliz.be/eurobis/resource.do?r=macro_wfd", "https://obis.org/dataset/42d933bd", "8c8d", "464c", "b827", "d04e9031ed92", "http://www.eurobis.org//imis?dasid=4454"],
"dataQualityInfo" :[""],
"contentInfo" :[""],
"ResearchInfrastructure" :["LifeWatch"],
"EssentialVariables" :[""],
"potentialTopics" :["function", "monitoring", "directive", "framework", "water", "period", "group", "fishery", "agricultural", "institute", "research"]
}