{
"description" :["None"],
"identifier" :["http://www.emodnet", "biology.eu/portal/index.php?dasid=5144", "https://www.emodnet", "biology.eu/toolbox/en/download/occurrence/dataset/5144", "https://obis.org/dataset/0001aa41", "e3e4", "40a0", "9193", "9a5c81c627bf", "http://www.eurobis.org//imis?dasid=5144"],
"keywords" :[""],
"language" :["English"],
"accessibilitySummary" :[""],
"contact" :["Nataliya"],
"version" :[""],
"temporalCoverage" :["1872", "01", "01"],
"publisher" :["Flanders Marine Institute", "VLIZ", "Budaeva", "N.E.", "Jirkov", "I.A."],
"spatial" :["Europe"],
"license" :[""],
"citation" :["Budaeva", "N.E.; Jirkov", "I.A.; Savilova", "T.A.; Paterson", "G.L.J.; (2017). Polychaeta distribution data from: Deep", "sea fauna of European seas", "an annotated species check", "list of benthic invertebrates living deeper than 2000 m in the seas bordering Europe."],
"genre" :["class", "http://www.emodnet", "biology.eu/portal/index.php?dasid=5144", "https://www.emodnet", "biology.eu/toolbox/en/download/occurrence/dataset/5144", "https://obis.org/dataset/0001aa41", "e3e4", "40a0", "9193", "9a5c81c627bf", "http://www.eurobis.org//imis?dasid=5144"],
"creator" :[""],
"modificationDate" :[""],
"distribution" :["http://www.emodnet", "biology.eu/portal/index.php?dasid=5144", "https://www.emodnet", "biology.eu/toolbox/en/download/occurrence/dataset/5144", "https://obis.org/dataset/0001aa41", "e3e4", "40a0", "9193", "9a5c81c627bf", "http://www.eurobis.org//imis?dasid=5144"],
"image" :[""],
"thumbnailUrl" :[""],
"headline" :["Budaeva", "N.E.; Jirkov", "I.A.; Savilova", "T.A.; Paterson", "G.L.J.; (2017). Polychaeta distribution data from: Deep", "sea fauna of European seas", "an annotated species check", "list of benthic invertebrates living deeper than 2000 m in the seas bordering Europe."],
"abstract" :["An annotated check", "list is given of Polychaeta species occurring deeper than 2000 m in the seas bordering Europe."],
"theme" :["species", "organism", "fungi"],
"dateCreated" :["1872", "01", "01"],
"creditText" :[""],
"datePublished" :["2021", "03", "11T09:28:23"],
"producer" :[""],
"author" :[""],
"spatialCoverage" :["Europe"],
"url" :["https://metadatacatalogue.lifewatch.eu/srv/api/records/oai:marineinfo.org:id:dataset:5144/formatters/xml?approved=true"],
"sponsor" :[""],
"size" :[""],
"sameAs" :[""],
"publication" :[""],
"provider" :[""],
"position" :[""],
"name" :[""],
"measurementTechnique" :[""],
"material" :[""],
"maintainer" :[""],
"locationCreated" :["Europe"],
"issn" :[""],
"isPartOf" :[""],
"isBasedOn" :[""],
"isAccessibleForFree" :[""],
"includedInDataCatalog" :[""],
"editor" :[""],
"editEIDR" :[""],
"copyrightYear" :[""],
"copyrightNotice" :[""],
"copyrightHolder" :["Flanders Marine Institute", "VLIZ"],
"contributor" :["Flanders Marine Institute", "VLIZ"],
"contentReferenceTime" :[""],
"contentLocation" :[""],
"character" :[""],
"acquireLicensePage" :[""],
"accessModeSufficient" :[""],
"about" :[""],
"rights" :[""],
"relation" :[""],
"qualifiedRelation" :[""],
"qualifiedAttribution" :[""],
"previousVersion" :[""],
"nextVersion" :[""],
"landingPage" :["http://www.emodnet", "biology.eu/portal/index.php?dasid=5144", "", "https://www.emodnet", "biology.eu/toolbox/en/download/occurrence/dataset/5144", "", "https://obis.org/dataset/0001aa41", "e3e4", "40a0", "9193", "9a5c81c627bf", "", "http://www.eurobis.org//imis?dasid=5144"],
"isReferencedBy" :[""],
"hasVersion" :[""],
"hasPolicy" :[""],
"hasCurrentVersion" :[""],
"useConstraints" :[""],
"status" :[""],
"spatialRepresentationType" :[""],
"spatialRepresentationInfo" :[""],
"scope" :[""],
"purpose" :[""],
"otherLocale" :[""],
"metadataProfile" :["Flanders Marine Institute (VLIZ)"],
"metadataLinkage" :[""],
"metadataIdentifier" :[""],
"environmentDescription" :[""],
"distributionInfo" :["http://www.emodnet", "biology.eu/portal/index.php?dasid=5144", "https://www.emodnet", "biology.eu/toolbox/en/download/occurrence/dataset/5144", "https://obis.org/dataset/0001aa41", "e3e4", "40a0", "9193", "9a5c81c627bf", "http://www.eurobis.org//imis?dasid=5144"],
"dataQualityInfo" :[""],
"contentInfo" :[""],
"ResearchInfrastructure" :["LifeWatch"],
"EssentialVariables" :["Species distributions", "Species abundances", "Physiology", "Taxonomic/phylogenetic diversity", "Ecosystem distribution"],
"potentialTopics" :["sea", "distribution", "benthic", "invertebrate", "from", "data", "fauna", "living", "checklist", "annotated", "occurring", "given", "specie", "bordering", "deeper"]
}