{
"description" :["None"],
"identifier" :["http://www.emodnet", "biology.eu/portal/index.php?dasid=4452", "https://www.emodnet", "biology.eu/toolbox/en/download/occurrence/dataset/4452", "https://www.gbif.org/dataset/43d13435", "60f0", "421e", "860a", "6edaeafd79b2", "http://ipt.vliz.be/eurobis/resource?r=macro_dredge", "https://obis.org/dataset/6767e714", "f438", "4c0f", "ac71", "363a413b8261", "http://www.eurobis.org//imis?dasid=4452"],
"keywords" :["Dredging"],
"language" :["English"],
"accessibilitySummary" :[""],
"contact" :["Gert"],
"version" :[""],
"temporalCoverage" :["2004", "01", "01"],
"publisher" :["Flanders Marine Institute", "VLIZ", "Bio", "Macrobenthos", "Institute of Agricultural and Fisheries", "ILVO"],
"spatial" :["the North Sea"],
"license" :[""],
"citation" :["Bio", "environmental research group; Institute of Agricultural and Fisheries research (ILVO)", "Belgium; (2019): Macrobenthos monitoring in function of dredge disposal monitoring in the Belgian part of the North Sea. http://dx.doi.org/10.14284/200"],
"genre" :["http://www.emodnet", "biology.eu/portal/index.php?dasid=4452", "https://www.emodnet", "biology.eu/toolbox/en/download/occurrence/dataset/4452", "https://www.gbif.org/dataset/43d13435", "60f0", "421e", "860a", "6edaeafd79b2", "http://ipt.vliz.be/eurobis/resource?r=macro_dredge", "https://obis.org/dataset/6767e714", "f438", "4c0f", "ac71", "363a413b8261", "http://www.eurobis.org//imis?dasid=4452"],
"creator" :["Flanders Marine Institute ("],
"modificationDate" :[""],
"distribution" :["http://www.emodnet", "biology.eu/portal/index.php?dasid=4452", "https://www.emodnet", "biology.eu/toolbox/en/download/occurrence/dataset/4452", "https://www.gbif.org/dataset/43d13435", "60f0", "421e", "860a", "6edaeafd79b2", "http://ipt.vliz.be/eurobis/resource?r=macro_dredge", "https://obis.org/dataset/6767e714", "f438", "4c0f", "ac71", "363a413b8261", "http://www.eurobis.org//imis?dasid=4452"],
"image" :[""],
"thumbnailUrl" :[""],
"headline" :["Bio", "environmental research group; Institute of Agricultural and Fisheries research (ILVO)", "Belgium; (2019): Macrobenthos monitoring in function of dredge disposal monitoring in the Belgian part of the North Sea. http://dx.doi.org/10.14284/200"],
"abstract" :["Macrobenthos monitoring in function of the disposal of dredged material."],
"theme" :[""],
"dateCreated" :[""],
"creditText" :[""],
"datePublished" :["2021", "03", "11T10:03:23"],
"producer" :[""],
"author" :[""],
"spatialCoverage" :["the North Sea"],
"url" :["https://metadatacatalogue.lifewatch.eu/srv/api/records/oai:marineinfo.org:id:dataset:4452/formatters/xml?approved=true"],
"sponsor" :[""],
"size" :[""],
"sameAs" :[""],
"publication" :[""],
"provider" :[""],
"position" :[""],
"name" :[""],
"measurementTechnique" :[""],
"material" :[""],
"maintainer" :[""],
"locationCreated" :["the North Sea"],
"issn" :[""],
"isPartOf" :[""],
"isBasedOn" :[""],
"isAccessibleForFree" :[""],
"includedInDataCatalog" :[""],
"editor" :[""],
"editEIDR" :[""],
"copyrightYear" :[""],
"copyrightNotice" :[""],
"copyrightHolder" :["Flanders Marine Institute", "VLIZ"],
"contributor" :["Flanders Marine Institute", "VLIZ"],
"contentReferenceTime" :[""],
"contentLocation" :[""],
"character" :[""],
"acquireLicensePage" :[""],
"accessModeSufficient" :[""],
"about" :[""],
"rights" :[""],
"relation" :[""],
"qualifiedRelation" :[""],
"qualifiedAttribution" :[""],
"previousVersion" :[""],
"nextVersion" :[""],
"landingPage" :["http://www.emodnet", "biology.eu/portal/index.php?dasid=4452", "", "https://www.emodnet", "biology.eu/toolbox/en/download/occurrence/dataset/4452", "", "https://www.gbif.org/dataset/43d13435", "60f0", "421e", "860a", "6edaeafd79b2", "", "http://ipt.vliz.be/eurobis/resource?r=macro_dredge", "", "https://obis.org/dataset/6767e714", "f438", "4c0f", "ac71", "363a413b8261", "", "http://www.eurobis.org//imis?dasid=4452"],
"isReferencedBy" :["http://dx.doi.org/10.14284/200"],
"hasVersion" :[""],
"hasPolicy" :[""],
"hasCurrentVersion" :[""],
"useConstraints" :[""],
"status" :[""],
"spatialRepresentationType" :[""],
"spatialRepresentationInfo" :[""],
"scope" :[""],
"purpose" :[""],
"otherLocale" :[""],
"metadataProfile" :["Flanders Marine Institute (VLIZ)"],
"metadataLinkage" :[""],
"metadataIdentifier" :[""],
"environmentDescription" :[""],
"distributionInfo" :["http://www.emodnet", "biology.eu/portal/index.php?dasid=4452", "https://www.emodnet", "biology.eu/toolbox/en/download/occurrence/dataset/4452", "https://www.gbif.org/dataset/43d13435", "60f0", "421e", "860a", "6edaeafd79b2", "http://ipt.vliz.be/eurobis/resource?r=macro_dredge", "https://obis.org/dataset/6767e714", "f438", "4c0f", "ac71", "363a413b8261", "http://www.eurobis.org//imis?dasid=4452"],
"dataQualityInfo" :[""],
"contentInfo" :[""],
"ResearchInfrastructure" :["LifeWatch"],
"EssentialVariables" :[""],
"potentialTopics" :["monitoring", "north", "dredge", "sea", "part", "disposal", "function", "research", "group", "agricultural", "fishery", "institute", "material", "dredged"]
}