{
"description" :["None"],
"identifier" :["http://www.emodnet", "biology.eu/portal/index.php?dasid=4681", "https://www.emodnet", "biology.eu/toolbox/en/download/occurrence/dataset/4681", "https://www.gbif.org/dataset/2d241a4e", "8fce", "4be6", "9d59", "e416f50d4566", "http://ipt.vliz.be/imar/resource.do?r=popa_tuna_recorded_in_the_fishery_1998_2013", "https://obis.org/dataset/a08db4f0", "5df1", "4ff3", "a9c8", "4af42a31cdba", "http://www.eurobis.org//imis?dasid=4681"],
"keywords" :["Tuna fisheries"],
"language" :["English"],
"accessibilitySummary" :[""],
"contact" :[""],
"version" :[""],
"temporalCoverage" :["1998", "01", "01"],
"publisher" :["http://ipt.vliz.be/imar/resource.do?r=popa_tuna_recorded_in_the_fishery_1998_2013", "Flanders Marine Institute", "VLIZ", "Machete", "M.", "Institute of Marine Research (IMAR", "Department of Oceanography and Fisheries", "University of the Azores", "DOP", "Fisheries Observer Program of the Azores"],
"spatial" :[""],
"license" :[""],
"citation" :["Machete", "M.; Institute of Marine Research (IMAR)", "Portugal; Department of Oceanography and Fisheries", "University of the Azores (DOP/UAC)", "Portugal; (2014): POPA", "Fisheries Observer Program of the Azores: Tuna species caught in the Azores tuna fishery from 1998 to 2013. http://dx.doi.org/10.14284/17"],
"genre" :["family", "http://www.emodnet", "biology.eu/portal/index.php?dasid=4681", "https://www.emodnet", "biology.eu/toolbox/en/download/occurrence/dataset/4681", "https://www.gbif.org/dataset/2d241a4e", "8fce", "4be6", "9d59", "e416f50d4566", "http://ipt.vliz.be/imar/resource.do?r=popa_tuna_recorded_in_the_fishery_1998_2013", "https://obis.org/dataset/a08db4f0", "5df1", "4ff3", "a9c8", "4af42a31cdba", "http://www.eurobis.org//imis?dasid=4681"],
"creator" :["Flanders Marine Institute ("],
"modificationDate" :[""],
"distribution" :["http://www.emodnet", "biology.eu/portal/index.php?dasid=4681", "https://www.emodnet", "biology.eu/toolbox/en/download/occurrence/dataset/4681", "https://www.gbif.org/dataset/2d241a4e", "8fce", "4be6", "9d59", "e416f50d4566", "http://ipt.vliz.be/imar/resource.do?r=popa_tuna_recorded_in_the_fishery_1998_2013", "https://obis.org/dataset/a08db4f0", "5df1", "4ff3", "a9c8", "4af42a31cdba", "http://www.eurobis.org//imis?dasid=4681"],
"image" :[""],
"thumbnailUrl" :[""],
"headline" :["Machete", "M.; Institute of Marine Research (IMAR)", "Portugal; Department of Oceanography and Fisheries", "University of the Azores (DOP/UAC)", "Portugal; (2014): POPA", "Fisheries Observer Program of the Azores: Tuna species caught in the Azores tuna fishery from 1998 to 2013. http://dx.doi.org/10.14284/17"],
"abstract" :["Tuna species caught and commercialized by pole and line tuna fishery boats."],
"theme" :["species"],
"dateCreated" :["1998", "01", "01"],
"creditText" :[""],
"datePublished" :["2021", "03", "11T10:08:33"],
"producer" :[""],
"author" :[""],
"spatialCoverage" :[""],
"url" :["https://metadatacatalogue.lifewatch.eu/srv/api/records/oai:marineinfo.org:id:dataset:4681/formatters/xml?approved=true"],
"sponsor" :[""],
"size" :[""],
"sameAs" :[""],
"publication" :[""],
"provider" :[""],
"position" :[""],
"name" :[""],
"measurementTechnique" :[""],
"material" :[""],
"maintainer" :[""],
"locationCreated" :[""],
"issn" :[""],
"isPartOf" :[""],
"isBasedOn" :[""],
"isAccessibleForFree" :[""],
"includedInDataCatalog" :[""],
"editor" :[""],
"editEIDR" :[""],
"copyrightYear" :[""],
"copyrightNotice" :[""],
"copyrightHolder" :["Flanders Marine Institute", "VLIZ"],
"contributor" :["Flanders Marine Institute", "VLIZ"],
"contentReferenceTime" :[""],
"contentLocation" :[""],
"character" :[""],
"acquireLicensePage" :[""],
"accessModeSufficient" :[""],
"about" :[""],
"rights" :[""],
"relation" :[""],
"qualifiedRelation" :[""],
"qualifiedAttribution" :[""],
"previousVersion" :[""],
"nextVersion" :[""],
"landingPage" :["http://www.emodnet", "biology.eu/portal/index.php?dasid=4681", "", "https://www.emodnet", "biology.eu/toolbox/en/download/occurrence/dataset/4681", "", "https://www.gbif.org/dataset/2d241a4e", "8fce", "4be6", "9d59", "e416f50d4566", "", "http://ipt.vliz.be/imar/resource.do?r=popa_tuna_recorded_in_the_fishery_1998_2013", "", "https://obis.org/dataset/a08db4f0", "5df1", "4ff3", "a9c8", "4af42a31cdba", "", "http://www.eurobis.org//imis?dasid=4681"],
"isReferencedBy" :["http://dx.doi.org/10.14284/17"],
"hasVersion" :[""],
"hasPolicy" :[""],
"hasCurrentVersion" :[""],
"useConstraints" :[""],
"status" :[""],
"spatialRepresentationType" :[""],
"spatialRepresentationInfo" :[""],
"scope" :[""],
"purpose" :[""],
"otherLocale" :[""],
"metadataProfile" :["Flanders Marine Institute (VLIZ)"],
"metadataLinkage" :[""],
"metadataIdentifier" :[""],
"environmentDescription" :[""],
"distributionInfo" :["http://www.emodnet", "biology.eu/portal/index.php?dasid=4681", "https://www.emodnet", "biology.eu/toolbox/en/download/occurrence/dataset/4681", "https://www.gbif.org/dataset/2d241a4e", "8fce", "4be6", "9d59", "e416f50d4566", "http://ipt.vliz.be/imar/resource.do?r=popa_tuna_recorded_in_the_fishery_1998_2013", "https://obis.org/dataset/a08db4f0", "5df1", "4ff3", "a9c8", "4af42a31cdba", "http://www.eurobis.org//imis?dasid=4681"],
"dataQualityInfo" :[""],
"contentInfo" :[""],
"ResearchInfrastructure" :["LifeWatch"],
"EssentialVariables" :["Species distributions", "Species abundances", "Physiology", "Taxonomic/phylogenetic diversity"],
"potentialTopics" :["institute", "university", "marine", "machete", "department", "oceanography", "research", "fishery", "tuna", "specie", "commercialized", "pole", "boat", "line", "caught", "program", "observer"]
}