{
"description" :["None"],
"identifier" :["http://www.emodnet", "biology.eu/portal/index.php?dasid=4493", "https://www.emodnet", "biology.eu/toolbox/en/download/occurrence/dataset/4493", "https://www.gbif.org/dataset/c063bd29", "d63b", "4ff5", "bb79", "adb1a4533b1a", "http://ipt.vliz.be/imar/resource.do?r=coleta", "https://obis.org/dataset/09be818d", "531c", "4d86", "8eba", "5db81d42fdba", "http://www.eurobis.org//imis?dasid=4493"],
"keywords" :[""],
"language" :["English"],
"accessibilitySummary" :[""],
"contact" :[""],
"version" :[""],
"temporalCoverage" :["1977", "01", "01"],
"publisher" :["http://ipt.vliz.be/imar/resource.do?r=coleta", "http://www.eurobis.org//imis?dasid=4493", "Flanders Marine Institute", "VLIZ", "http://dx.doi.org/10.14284/23", "Institute of Marine Research", "Department of Oceanography and Fisheries", "DOP", "COLETA", "IMAR"],
"spatial" :[""],
"license" :[""],
"citation" :["Institute of Marine Research (IMAR", "Azores)", "Portugal; Department of Oceanography and Fisheries (DOP)", "UAC", "Portugal (2015): COLETA", "IMAR/DOP", "Uac reference collection from 1977 to 2012. http://dx.doi.org/10.14284/23"],
"genre" :["kingdom", "http://www.emodnet", "biology.eu/portal/index.php?dasid=4493", "https://www.emodnet", "biology.eu/toolbox/en/download/occurrence/dataset/4493", "https://www.gbif.org/dataset/c063bd29", "d63b", "4ff5", "bb79", "adb1a4533b1a", "http://ipt.vliz.be/imar/resource.do?r=coleta", "https://obis.org/dataset/09be818d", "531c", "4d86", "8eba", "5db81d42fdba", "http://www.eurobis.org//imis?dasid=4493"],
"creator" :["Flanders Marine Institute ("],
"modificationDate" :[""],
"distribution" :["http://www.emodnet", "biology.eu/portal/index.php?dasid=4493", "https://www.emodnet", "biology.eu/toolbox/en/download/occurrence/dataset/4493", "https://www.gbif.org/dataset/c063bd29", "d63b", "4ff5", "bb79", "adb1a4533b1a", "http://ipt.vliz.be/imar/resource.do?r=coleta", "https://obis.org/dataset/09be818d", "531c", "4d86", "8eba", "5db81d42fdba", "http://www.eurobis.org//imis?dasid=4493"],
"image" :[""],
"thumbnailUrl" :[""],
"headline" :["Institute of Marine Research (IMAR", "Azores)", "Portugal; Department of Oceanography and Fisheries (DOP)", "UAC", "Portugal (2015): COLETA", "IMAR/DOP", "Uac reference collection from 1977 to 2012. http://dx.doi.org/10.14284/23"],
"abstract" :["Reference collection of the IMAR/DOP", "UAz", "consisting in several taxa preserved with different methods and collected mostly in the Azores area. The reference collection has been created in order to be a referential of marine species of the Azores", "both common and rare. Thus", "new occurrences could be compared with new ones. Therefore", "material in the collection can be useful for new scientific and taxonomic studies."],
"theme" :["species"],
"dateCreated" :["1977", "01", "01"],
"creditText" :[""],
"datePublished" :["2021", "03", "11T09:25:40"],
"producer" :[""],
"author" :[""],
"spatialCoverage" :[""],
"url" :["https://metadatacatalogue.lifewatch.eu/srv/api/records/oai:marineinfo.org:id:dataset:4493/formatters/xml?approved=true"],
"sponsor" :[""],
"size" :[""],
"sameAs" :[""],
"publication" :[""],
"provider" :[""],
"position" :[""],
"name" :[""],
"measurementTechnique" :[""],
"material" :[""],
"maintainer" :[""],
"locationCreated" :[""],
"issn" :[""],
"isPartOf" :[""],
"isBasedOn" :[""],
"isAccessibleForFree" :[""],
"includedInDataCatalog" :[""],
"editor" :[""],
"editEIDR" :[""],
"copyrightYear" :[""],
"copyrightNotice" :[""],
"copyrightHolder" :["Flanders Marine Institute", "VLIZ"],
"contributor" :["Flanders Marine Institute", "VLIZ"],
"contentReferenceTime" :[""],
"contentLocation" :[""],
"character" :[""],
"acquireLicensePage" :[""],
"accessModeSufficient" :[""],
"about" :[""],
"rights" :[""],
"relation" :[""],
"qualifiedRelation" :[""],
"qualifiedAttribution" :[""],
"previousVersion" :[""],
"nextVersion" :[""],
"landingPage" :["http://www.emodnet", "biology.eu/portal/index.php?dasid=4493", "", "https://www.emodnet", "biology.eu/toolbox/en/download/occurrence/dataset/4493", "", "https://www.gbif.org/dataset/c063bd29", "d63b", "4ff5", "bb79", "adb1a4533b1a", "", "http://ipt.vliz.be/imar/resource.do?r=coleta", "", "https://obis.org/dataset/09be818d", "531c", "4d86", "8eba", "5db81d42fdba", "", "http://www.eurobis.org//imis?dasid=4493"],
"isReferencedBy" :["http://dx.doi.org/10.14284/23"],
"hasVersion" :[""],
"hasPolicy" :[""],
"hasCurrentVersion" :[""],
"useConstraints" :[""],
"status" :[""],
"spatialRepresentationType" :[""],
"spatialRepresentationInfo" :[""],
"scope" :[""],
"purpose" :[""],
"otherLocale" :[""],
"metadataProfile" :["Flanders Marine Institute (VLIZ)"],
"metadataLinkage" :[""],
"metadataIdentifier" :[""],
"environmentDescription" :[""],
"distributionInfo" :["http://www.emodnet", "biology.eu/portal/index.php?dasid=4493", "https://www.emodnet", "biology.eu/toolbox/en/download/occurrence/dataset/4493", "https://www.gbif.org/dataset/c063bd29", "d63b", "4ff5", "bb79", "adb1a4533b1a", "http://ipt.vliz.be/imar/resource.do?r=coleta", "https://obis.org/dataset/09be818d", "531c", "4d86", "8eba", "5db81d42fdba", "http://www.eurobis.org//imis?dasid=4493"],
"dataQualityInfo" :[""],
"contentInfo" :[""],
"ResearchInfrastructure" :["LifeWatch"],
"EssentialVariables" :["Species distributions", "Species abundances", "Physiology", "Taxonomic/phylogenetic diversity"],
"potentialTopics" :["reference", "collection", "marine", "new", "could", "method", "taxon", "material", "taxonomic", "thus", "order", "referential", "one", "different", "collected", "useful", "area", "institute", "department", "research", "oceanography", "fishery"]
}