{
"description" :["None"],
"identifier" :["https://doi.org/10.15468/xmrfet", "http://www.emodnet", "biology.eu/portal/index.php?dasid=2779", "https://www.emodnet", "biology.eu/toolbox/en/download/occurrence/dataset/2779", "http://www.gbif.org/dataset/ed3dff78", "fb73", "4b77", "909a", "b78f9ef78d34", "http://gnm.se/kulturvast_templates/Kultur_ArticlePageWide.aspx?id=58678", "https://obis.org/dataset/c0c05803", "63d7", "434d", "b7f6", "db638d57ab36", "http://www.eurobis.org//imis?dasid=2779"],
"keywords" :[""],
"language" :["English"],
"accessibilitySummary" :[""],
"contact" :["Mickaël"],
"version" :[""],
"temporalCoverage" :["1902", "01", "01"],
"publisher" :["https://obis.org/dataset/c0c05803", "63d7", "434d", "b7f6", "db638d57ab36", "Flanders Marine Institute", "VLIZ", "the Gothenburg Natural History Museum"],
"spatial" :["Atlantic"],
"license" :[""],
"citation" :["GBIF", "Sweden. Fishes of the Gothenburg Natural History Museum. https://doi.org/10.15468/xmrfet"],
"genre" :["superclass", "https://doi.org/10.15468/xmrfet", "http://www.emodnet", "biology.eu/portal/index.php?dasid=2779", "https://www.emodnet", "biology.eu/toolbox/en/download/occurrence/dataset/2779", "http://www.gbif.org/dataset/ed3dff78", "fb73", "4b77", "909a", "b78f9ef78d34", "http://gnm.se/kulturvast_templates/Kultur_ArticlePageWide.aspx?id=58678", "https://obis.org/dataset/c0c05803", "63d7", "434d", "b7f6", "db638d57ab36", "http://www.eurobis.org//imis?dasid=2779"],
"creator" :["Flanders Marine Institute ("],
"modificationDate" :[""],
"distribution" :["https://doi.org/10.15468/xmrfet", "http://www.emodnet", "biology.eu/portal/index.php?dasid=2779", "https://www.emodnet", "biology.eu/toolbox/en/download/occurrence/dataset/2779", "http://www.gbif.org/dataset/ed3dff78", "fb73", "4b77", "909a", "b78f9ef78d34", "http://gnm.se/kulturvast_templates/Kultur_ArticlePageWide.aspx?id=58678", "https://obis.org/dataset/c0c05803", "63d7", "434d", "b7f6", "db638d57ab36", "http://www.eurobis.org//imis?dasid=2779"],
"image" :[""],
"thumbnailUrl" :[""],
"headline" :["GBIF", "Sweden. Fishes of the Gothenburg Natural History Museum. https://doi.org/10.15468/xmrfet"],
"abstract" :["This database contains fish specimens from the Museum of Natural History in Gothenburg."],
"theme" :["species"],
"dateCreated" :["1902", "01", "01"],
"creditText" :[""],
"datePublished" :["2021", "03", "11T09:44:29"],
"producer" :[""],
"author" :[""],
"spatialCoverage" :["Atlantic"],
"url" :["https://metadatacatalogue.lifewatch.eu/srv/api/records/oai:marineinfo.org:id:dataset:2779/formatters/xml?approved=true"],
"sponsor" :[""],
"size" :[""],
"sameAs" :[""],
"publication" :[""],
"provider" :[""],
"position" :[""],
"name" :[""],
"measurementTechnique" :[""],
"material" :[""],
"maintainer" :[""],
"locationCreated" :["Atlantic"],
"issn" :[""],
"isPartOf" :[""],
"isBasedOn" :[""],
"isAccessibleForFree" :[""],
"includedInDataCatalog" :[""],
"editor" :[""],
"editEIDR" :[""],
"copyrightYear" :[""],
"copyrightNotice" :[""],
"copyrightHolder" :["Flanders Marine Institute", "VLIZ"],
"contributor" :["Flanders Marine Institute", "VLIZ"],
"contentReferenceTime" :[""],
"contentLocation" :[""],
"character" :[""],
"acquireLicensePage" :[""],
"accessModeSufficient" :[""],
"about" :[""],
"rights" :[""],
"relation" :[""],
"qualifiedRelation" :[""],
"qualifiedAttribution" :[""],
"previousVersion" :[""],
"nextVersion" :[""],
"landingPage" :["https://doi.org/10.15468/xmrfet", "", "http://www.emodnet", "biology.eu/portal/index.php?dasid=2779", "", "https://www.emodnet", "biology.eu/toolbox/en/download/occurrence/dataset/2779", "", "http://www.gbif.org/dataset/ed3dff78", "fb73", "4b77", "909a", "b78f9ef78d34", "", "http://gnm.se/kulturvast_templates/Kultur_ArticlePageWide.aspx?id=58678", "", "https://obis.org/dataset/c0c05803", "63d7", "434d", "b7f6", "db638d57ab36", "", "http://www.eurobis.org//imis?dasid=2779"],
"isReferencedBy" :["https://doi.org/10.15468/xmrfet"],
"hasVersion" :[""],
"hasPolicy" :[""],
"hasCurrentVersion" :[""],
"useConstraints" :[""],
"status" :[""],
"spatialRepresentationType" :[""],
"spatialRepresentationInfo" :[""],
"scope" :[""],
"purpose" :[""],
"otherLocale" :[""],
"metadataProfile" :["Flanders Marine Institute (VLIZ)"],
"metadataLinkage" :[""],
"metadataIdentifier" :[""],
"environmentDescription" :[""],
"distributionInfo" :["https://doi.org/10.15468/xmrfet", "http://www.emodnet", "biology.eu/portal/index.php?dasid=2779", "https://www.emodnet", "biology.eu/toolbox/en/download/occurrence/dataset/2779", "http://www.gbif.org/dataset/ed3dff78", "fb73", "4b77", "909a", "b78f9ef78d34", "http://gnm.se/kulturvast_templates/Kultur_ArticlePageWide.aspx?id=58678", "https://obis.org/dataset/c0c05803", "63d7", "434d", "b7f6", "db638d57ab36", "http://www.eurobis.org//imis?dasid=2779"],
"dataQualityInfo" :[""],
"contentInfo" :[""],
"ResearchInfrastructure" :["LifeWatch"],
"EssentialVariables" :["Species distributions", "Species abundances", "Taxonomic/phylogenetic diversity"],
"potentialTopics" :["history", "museum", "fish", "natural", "specimen", "database", "contains"]
}