{
"description" :["None"],
"identifier" :["http://www.emodnet", "biology.eu/portal/index.php?dasid=2734", "https://www.emodnet", "biology.eu/toolbox/en/download/occurrence/dataset/2734", "https://obis.org/dataset/1ddd1411", "59fc", "4fcb", "8d31", "4f3248feecf1", "http://www.victoria.ac.nz/CapeRoberts/CRPhistory.html", "http://www.eurobis.org//imis?dasid=2734"],
"keywords" :["Plant fossils"],
"language" :["English"],
"accessibilitySummary" :[""],
"contact" :["Flanders Marine Institute ("],
"version" :[""],
"temporalCoverage" :["1997", "01", "01"],
"publisher" :["Victoria University of Wellington Antarctic Research Centre", "Flanders Marine Institute"],
"spatial" :["Antarctica"],
"license" :[""],
"citation" :["None"],
"genre" :["http://www.emodnet", "biology.eu/portal/index.php?dasid=2734", "https://www.emodnet", "biology.eu/toolbox/en/download/occurrence/dataset/2734", "https://obis.org/dataset/1ddd1411", "59fc", "4fcb", "8d31", "4f3248feecf1", "http://www.victoria.ac.nz/CapeRoberts/CRPhistory.html", "http://www.eurobis.org//imis?dasid=2734"],
"creator" :["Victoria University of Wellington Antarctic Research Centre"],
"modificationDate" :[""],
"distribution" :["http://www.emodnet", "biology.eu/portal/index.php?dasid=2734", "https://www.emodnet", "biology.eu/toolbox/en/download/occurrence/dataset/2734", "https://obis.org/dataset/1ddd1411", "59fc", "4fcb", "8d31", "4f3248feecf1", "http://www.victoria.ac.nz/CapeRoberts/CRPhistory.html", "http://www.eurobis.org//imis?dasid=2734"],
"image" :[""],
"thumbnailUrl" :[""],
"headline" :["None"],
"abstract" :["Data of the international Cape Roberts Project (CRP) aimed to reconstruct the glaciation history of Antarctica."],
"theme" :[""],
"dateCreated" :["1997", "01", "01"],
"creditText" :[""],
"datePublished" :["2021", "03", "11T09:41:47"],
"producer" :[""],
"author" :[""],
"spatialCoverage" :["Antarctica"],
"url" :["https://metadatacatalogue.lifewatch.eu/srv/api/records/oai:marineinfo.org:id:dataset:2734/formatters/xml?approved=true"],
"sponsor" :[""],
"size" :[""],
"sameAs" :[""],
"publication" :[""],
"provider" :[""],
"position" :[""],
"name" :[""],
"measurementTechnique" :[""],
"material" :[""],
"maintainer" :[""],
"locationCreated" :["Antarctica", "NZ"],
"issn" :[""],
"isPartOf" :[""],
"isBasedOn" :[""],
"isAccessibleForFree" :[""],
"includedInDataCatalog" :[""],
"editor" :[""],
"editEIDR" :[""],
"copyrightYear" :[""],
"copyrightNotice" :[""],
"copyrightHolder" :["Victoria University of Wellington Antarctic Research Centre", "Flanders Marine Institute"],
"contributor" :["Victoria University of Wellington Antarctic Research Centre", "Flanders Marine Institute"],
"contentReferenceTime" :[""],
"contentLocation" :["NZ"],
"character" :[""],
"acquireLicensePage" :[""],
"accessModeSufficient" :[""],
"about" :[""],
"rights" :[""],
"relation" :[""],
"qualifiedRelation" :[""],
"qualifiedAttribution" :[""],
"previousVersion" :[""],
"nextVersion" :[""],
"landingPage" :["http://www.emodnet", "biology.eu/portal/index.php?dasid=2734", "", "https://www.emodnet", "biology.eu/toolbox/en/download/occurrence/dataset/2734", "", "https://obis.org/dataset/1ddd1411", "59fc", "4fcb", "8d31", "4f3248feecf1", "", "http://www.victoria.ac.nz/CapeRoberts/CRPhistory.html", "", "http://www.eurobis.org//imis?dasid=2734"],
"isReferencedBy" :[""],
"hasVersion" :[""],
"hasPolicy" :[""],
"hasCurrentVersion" :[""],
"useConstraints" :[""],
"status" :[""],
"spatialRepresentationType" :[""],
"spatialRepresentationInfo" :[""],
"scope" :[""],
"purpose" :[""],
"otherLocale" :[""],
"metadataProfile" :["Flanders Marine Institute (VLIZ)"],
"metadataLinkage" :[""],
"metadataIdentifier" :[""],
"environmentDescription" :[""],
"distributionInfo" :["http://www.emodnet", "biology.eu/portal/index.php?dasid=2734", "https://www.emodnet", "biology.eu/toolbox/en/download/occurrence/dataset/2734", "https://obis.org/dataset/1ddd1411", "59fc", "4fcb", "8d31", "4f3248feecf1", "http://www.victoria.ac.nz/CapeRoberts/CRPhistory.html", "http://www.eurobis.org//imis?dasid=2734"],
"dataQualityInfo" :[""],
"contentInfo" :[""],
"ResearchInfrastructure" :["LifeWatch"],
"EssentialVariables" :[""],
"potentialTopics" :["glaciation", "reconstruct", "aimed", "history", "international", "cape", "data", "project", "none"]
}