{
"description" :["None"],
"identifier" :["https://doi.org/10.6092/2bqm", "v560", "http://www.emodnet", "biology.eu/portal/index.php?dasid=6134", "http://www.emodnet", "biology.eu/toolbox/en/download/occurrence/dataset/6134", "https://obis.org/dataset/748486a6", "fef0", "4eee", "bdf3", "40bba9e621ae", "http://www.eurobis.org//imis?dasid=6134"],
"keywords" :[""],
"language" :["English"],
"accessibilitySummary" :[""],
"contact" :[""],
"version" :[""],
"temporalCoverage" :["2013", "06", "11", "2014", "04", "01"],
"publisher" :["Flanders Marine Institute", "VLIZ", "Tamara Cibic", "Macrobenthos", "Rocco Auriemma & Federica Nasi", "OGS", "Istituto Nazionale di Oceanografia e di Geofisica Sperimentale", "Division of Oceanography"],
"spatial" :["Italy", "Taranto Gulf"],
"license" :[""],
"citation" :["Tamara Cibic", "Rocco Auriemma & Federica Nasi (2018): Macrobenthos monitoring in the Mar Piccolo of Taranto in June 2013 and April 2014. OGS (Istituto Nazionale di Oceanografia e di Geofisica Sperimentale)", "Division of Oceanography. Italy. https://doi.org/10.6092/2bqm", "v560"],
"genre" :["https://doi.org/10.6092/2bqm", "v560", "http://www.emodnet", "biology.eu/portal/index.php?dasid=6134", "http://www.emodnet", "biology.eu/toolbox/en/download/occurrence/dataset/6134", "https://obis.org/dataset/748486a6", "fef0", "4eee", "bdf3", "40bba9e621ae", "http://www.eurobis.org//imis?dasid=6134"],
"creator" :[""],
"modificationDate" :[""],
"distribution" :["https://doi.org/10.6092/2bqm", "v560", "http://www.emodnet", "biology.eu/portal/index.php?dasid=6134", "http://www.emodnet", "biology.eu/toolbox/en/download/occurrence/dataset/6134", "https://obis.org/dataset/748486a6", "fef0", "4eee", "bdf3", "40bba9e621ae", "http://www.eurobis.org//imis?dasid=6134"],
"image" :[""],
"thumbnailUrl" :[""],
"headline" :["Tamara Cibic", "Rocco Auriemma & Federica Nasi (2018): Macrobenthos monitoring in the Mar Piccolo of Taranto in June 2013 and April 2014. OGS (Istituto Nazionale di Oceanografia e di Geofisica Sperimentale)", "Division of Oceanography. Italy. https://doi.org/10.6092/2bqm", "v560"],
"abstract" :["Macrobenthos monitoring in the Mar Piccolo of Taranto in June 2013 and April 2014 in the framework of the Italian flagship project RITMARE"],
"theme" :[""],
"dateCreated" :["2013", "06", "11", "2014", "04", "01"],
"creditText" :[""],
"datePublished" :["2021", "03", "11T09:46:52"],
"producer" :[""],
"author" :[""],
"spatialCoverage" :["Italy", "Taranto Gulf"],
"url" :["https://metadatacatalogue.lifewatch.eu/srv/api/records/oai:marineinfo.org:id:dataset:6134/formatters/xml?approved=true"],
"sponsor" :[""],
"size" :[""],
"sameAs" :[""],
"publication" :[""],
"provider" :[""],
"position" :[""],
"name" :[""],
"measurementTechnique" :[""],
"material" :[""],
"maintainer" :[""],
"locationCreated" :["Italy", "Taranto Gulf"],
"issn" :[""],
"isPartOf" :[""],
"isBasedOn" :[""],
"isAccessibleForFree" :[""],
"includedInDataCatalog" :[""],
"editor" :[""],
"editEIDR" :[""],
"copyrightYear" :[""],
"copyrightNotice" :[""],
"copyrightHolder" :["Flanders Marine Institute", "VLIZ"],
"contributor" :["Flanders Marine Institute", "VLIZ"],
"contentReferenceTime" :[""],
"contentLocation" :[""],
"character" :[""],
"acquireLicensePage" :[""],
"accessModeSufficient" :[""],
"about" :[""],
"rights" :[""],
"relation" :[""],
"qualifiedRelation" :[""],
"qualifiedAttribution" :[""],
"previousVersion" :[""],
"nextVersion" :[""],
"landingPage" :["https://doi.org/10.6092/2bqm", "v560", "", "http://www.emodnet", "biology.eu/portal/index.php?dasid=6134", "", "http://www.emodnet", "biology.eu/toolbox/en/download/occurrence/dataset/6134", "", "https://obis.org/dataset/748486a6", "fef0", "4eee", "bdf3", "40bba9e621ae", "", "http://www.eurobis.org//imis?dasid=6134"],
"isReferencedBy" :["https://doi.org/10.6092/2bqm", "v560"],
"hasVersion" :[""],
"hasPolicy" :[""],
"hasCurrentVersion" :[""],
"useConstraints" :[""],
"status" :[""],
"spatialRepresentationType" :[""],
"spatialRepresentationInfo" :[""],
"scope" :[""],
"purpose" :[""],
"otherLocale" :[""],
"metadataProfile" :["Flanders Marine Institute (VLIZ)"],
"metadataLinkage" :[""],
"metadataIdentifier" :[""],
"environmentDescription" :[""],
"distributionInfo" :["https://doi.org/10.6092/2bqm", "v560", "http://www.emodnet", "biology.eu/portal/index.php?dasid=6134", "http://www.emodnet", "biology.eu/toolbox/en/download/occurrence/dataset/6134", "https://obis.org/dataset/748486a6", "fef0", "4eee", "bdf3", "40bba9e621ae", "http://www.eurobis.org//imis?dasid=6134"],
"dataQualityInfo" :[""],
"contentInfo" :[""],
"ResearchInfrastructure" :["LifeWatch"],
"EssentialVariables" :["Physiology"],
"potentialTopics" :["monitoring", "mar", "piccolo", "division", "oceanography", "flagship", "project", "framework"]
}