{
"description" :["None"],
"identifier" :["http://nodc.ogs.trieste.it/nodc/metadata/doidetails?doi=10.6092/36322b88", "0a84", "48f7", "a55a", "714042c0c356", "https://doi.org/10.6092/36322b88", "0a84", "48f7", "a55a", "714042c0c356", "http://www.emodnet", "biology.eu/portal/index.php?dasid=4463", "https://www.emodnet", "biology.eu/toolbox/en/download/occurrence/dataset/4463", "http://nettuno.ogs.trieste.it/ilter/BIO/", "http://nodc.ogs.trieste.it/ipt/resource.do?r=microzoo_lter", "https://obis.org/dataset/f6cb151d", "372e", "42cf", "bd38", "dc82fa7e4f48", "http://www.eurobis.org//imis?dasid=4463"],
"keywords" :[""],
"language" :["English"],
"accessibilitySummary" :[""],
"contact" :[""],
"version" :[""],
"temporalCoverage" :["1986", "01", "01"],
"publisher" :["Flanders Marine Institute", "VLIZ", "Monti", "Fonda", "Umani", "National Institute of Oceanography and Experimental Geophysics"],
"spatial" :["Adriatic Sea"],
"license" :[""],
"citation" :["Monti", "M.; Fonda", "Umani", "S. (2014). Microzooplankton  North Adriatic", "Gulf of Trieste LTER time", "series. National Institute of Oceanography and Experimental Geophysics (OGS) https://doi.org/10.6092/36322b88", "0a84", "48f7", "a55a", "714042c0c356"],
"genre" :["http://nodc.ogs.trieste.it/nodc/metadata/doidetails?doi=10.6092/36322b88", "0a84", "48f7", "a55a", "714042c0c356", "https://doi.org/10.6092/36322b88", "0a84", "48f7", "a55a", "714042c0c356", "http://www.emodnet", "biology.eu/portal/index.php?dasid=4463", "https://www.emodnet", "biology.eu/toolbox/en/download/occurrence/dataset/4463", "http://nettuno.ogs.trieste.it/ilter/BIO/", "http://nodc.ogs.trieste.it/ipt/resource.do?r=microzoo_lter", "https://obis.org/dataset/f6cb151d", "372e", "42cf", "bd38", "dc82fa7e4f48", "http://www.eurobis.org//imis?dasid=4463"],
"creator" :["Flanders Marine Institute ("],
"modificationDate" :[""],
"distribution" :["http://nodc.ogs.trieste.it/nodc/metadata/doidetails?doi=10.6092/36322b88", "0a84", "48f7", "a55a", "714042c0c356", "https://doi.org/10.6092/36322b88", "0a84", "48f7", "a55a", "714042c0c356", "http://www.emodnet", "biology.eu/portal/index.php?dasid=4463", "https://www.emodnet", "biology.eu/toolbox/en/download/occurrence/dataset/4463", "http://nettuno.ogs.trieste.it/ilter/BIO/", "http://nodc.ogs.trieste.it/ipt/resource.do?r=microzoo_lter", "https://obis.org/dataset/f6cb151d", "372e", "42cf", "bd38", "dc82fa7e4f48", "http://www.eurobis.org//imis?dasid=4463"],
"image" :[""],
"thumbnailUrl" :[""],
"headline" :["Monti", "M.; Fonda", "Umani", "S. (2014). Microzooplankton  North Adriatic", "Gulf of Trieste LTER time", "series. National Institute of Oceanography and Experimental Geophysics (OGS) https://doi.org/10.6092/36322b88", "0a84", "48f7", "a55a", "714042c0c356"],
"abstract" :["A regular monthly sampling at the time series station C1 in the Gulf of Trieste", "North Adriatic Sea began in 1986.\\xa0The time series station C1 was initiated by the University of Trieste", "and was later taken care by the Laboratory of Marine Biology of Trieste after its formal institution in December 1979 and", "since October 2005", "by the Department of Biological Oceanography", "now Division of Oceanography (OCE) of OGS", "Istituto Nazionale di Oceanografia e Geofisica Sperimentale of Trieste."],
"theme" :["biological"],
"dateCreated" :["1986", "01", "01"],
"creditText" :[""],
"datePublished" :["2021", "03", "11T10:05:20"],
"producer" :[""],
"author" :[""],
"spatialCoverage" :["Adriatic Sea"],
"url" :["https://metadatacatalogue.lifewatch.eu/srv/api/records/oai:marineinfo.org:id:dataset:4463/formatters/xml?approved=true"],
"sponsor" :[""],
"size" :[""],
"sameAs" :[""],
"publication" :[""],
"provider" :[""],
"position" :[""],
"name" :[""],
"measurementTechnique" :[""],
"material" :[""],
"maintainer" :[""],
"locationCreated" :["Adriatic Sea"],
"issn" :[""],
"isPartOf" :[""],
"isBasedOn" :[""],
"isAccessibleForFree" :[""],
"includedInDataCatalog" :[""],
"editor" :[""],
"editEIDR" :[""],
"copyrightYear" :[""],
"copyrightNotice" :[""],
"copyrightHolder" :["Flanders Marine Institute", "VLIZ"],
"contributor" :["Flanders Marine Institute", "VLIZ"],
"contentReferenceTime" :[""],
"contentLocation" :[""],
"character" :[""],
"acquireLicensePage" :[""],
"accessModeSufficient" :[""],
"about" :[""],
"rights" :[""],
"relation" :[""],
"qualifiedRelation" :[""],
"qualifiedAttribution" :[""],
"previousVersion" :[""],
"nextVersion" :[""],
"landingPage" :["http://nodc.ogs.trieste.it/nodc/metadata/doidetails?doi=10.6092/36322b88", "0a84", "48f7", "a55a", "714042c0c356", "", "https://doi.org/10.6092/36322b88", "0a84", "48f7", "a55a", "714042c0c356", "", "http://www.emodnet", "biology.eu/portal/index.php?dasid=4463", "", "https://www.emodnet", "biology.eu/toolbox/en/download/occurrence/dataset/4463", "", "http://nettuno.ogs.trieste.it/ilter/BIO/", "", "http://nodc.ogs.trieste.it/ipt/resource.do?r=microzoo_lter", "", "https://obis.org/dataset/f6cb151d", "372e", "42cf", "bd38", "dc82fa7e4f48", "", "http://www.eurobis.org//imis?dasid=4463"],
"isReferencedBy" :["https://doi.org/10.6092/36322b88", "0a84", "48f7", "a55a", "714042c0c356"],
"hasVersion" :[""],
"hasPolicy" :[""],
"hasCurrentVersion" :[""],
"useConstraints" :[""],
"status" :[""],
"spatialRepresentationType" :[""],
"spatialRepresentationInfo" :[""],
"scope" :[""],
"purpose" :[""],
"otherLocale" :[""],
"metadataProfile" :["Flanders Marine Institute (VLIZ)"],
"metadataLinkage" :[""],
"metadataIdentifier" :[""],
"environmentDescription" :[""],
"distributionInfo" :["http://nodc.ogs.trieste.it/nodc/metadata/doidetails?doi=10.6092/36322b88", "0a84", "48f7", "a55a", "714042c0c356", "https://doi.org/10.6092/36322b88", "0a84", "48f7", "a55a", "714042c0c356", "http://www.emodnet", "biology.eu/portal/index.php?dasid=4463", "https://www.emodnet", "biology.eu/toolbox/en/download/occurrence/dataset/4463", "http://nettuno.ogs.trieste.it/ilter/BIO/", "http://nodc.ogs.trieste.it/ipt/resource.do?r=microzoo_lter", "https://obis.org/dataset/f6cb151d", "372e", "42cf", "bd38", "dc82fa7e4f48", "http://www.eurobis.org//imis?dasid=4463"],
"dataQualityInfo" :[""],
"contentInfo" :[""],
"ResearchInfrastructure" :["LifeWatch"],
"EssentialVariables" :["Physiology"],
"potentialTopics" :["oceanography", "series", "station", "time", "north", "since", "laboratory", "division", "department", "institution", "experimental", "national", "geophysics", "institute", "and", "biological", "gulf", "biology"]
}