{
"description" :["None"],
"identifier" :["https://www.emodnet", "biology.eu/portal/index.php?dasid=4592", "https://www.emodnet", "biology.eu/toolbox/en/download/occurrence/dataset/4592", "https://www.gbif.org/dataset/f88d3365", "634e", "411b", "9901", "e5ca069de5ac", "http://ipt.vliz.be/eurobis/resource?r=feeding_gobypomatoschistus_westernscheldt_1994", "https://obis.org/dataset/ebe102fd", "8e0d", "4aa7", "9e81", "21da12c13ffc", "http://www.eurobis.org//imis?dasid=4592"],
"keywords" :["Diurnal rhythms"],
"language" :["English"],
"accessibilitySummary" :[""],
"contact" :["Vlaams Instituut voor de Zee"],
"version" :[""],
"temporalCoverage" :["1994", "08", "16"],
"publisher" :["Vlaams Instituut voor de Zee", "Flanders Marine Institute", "VLIZ", "Pomatoschistus", "van Saeftinge", "Bulayi M.E.", "Applied Marine Ecology Post Graduate Program", "VUB", "Marine Biology Section", "Zoology Institute"],
"spatial" :["Netherlands", "Westerschelde"],
"license" :[""],
"citation" :["Bulayi M.E.; Mees J.; Fundamental and Applied Marine Ecology Post Graduate Program (FAME). VUB; Marine Biology Section", "Zoology Institute. Ugent: Belgium; (2016): Feeding rhythms of the common goby <i>Pomatoschistus microps</i> at the brackish tidal marsh Het verdronken land van Saeftinge in 1994. (http://www.vliz.be/en/imis?module=dataset&dasid=4592) http://dx.doi.org/10.14284/228"],
"genre" :["order", "species", "species", "species", "phylum", "species", "species", "subclass", "species", "species", "species", "family", "https://www.emodnet", "biology.eu/portal/index.php?dasid=4592", "https://www.emodnet", "biology.eu/toolbox/en/download/occurrence/dataset/4592", "https://www.gbif.org/dataset/f88d3365", "634e", "411b", "9901", "e5ca069de5ac", "http://ipt.vliz.be/eurobis/resource?r=feeding_gobypomatoschistus_westernscheldt_1994", "https://obis.org/dataset/ebe102fd", "8e0d", "4aa7", "9e81", "21da12c13ffc", "http://www.eurobis.org//imis?dasid=4592"],
"creator" :["Magese Emmanuel"],
"modificationDate" :[""],
"distribution" :["https://www.emodnet", "biology.eu/portal/index.php?dasid=4592", "https://www.emodnet", "biology.eu/toolbox/en/download/occurrence/dataset/4592", "https://www.gbif.org/dataset/f88d3365", "634e", "411b", "9901", "e5ca069de5ac", "http://ipt.vliz.be/eurobis/resource?r=feeding_gobypomatoschistus_westernscheldt_1994", "https://obis.org/dataset/ebe102fd", "8e0d", "4aa7", "9e81", "21da12c13ffc", "http://www.eurobis.org//imis?dasid=4592"],
"image" :[""],
"thumbnailUrl" :[""],
"headline" :["Bulayi M.E.; Mees J.; Fundamental and Applied Marine Ecology Post Graduate Program (FAME). VUB; Marine Biology Section", "Zoology Institute. Ugent: Belgium; (2016): Feeding rhythms of the common goby <i>Pomatoschistus microps</i> at the brackish tidal marsh \\Het verdronken land van Saeftinge\\ in 1994. (http://www.vliz.be/en/imis?module=dataset&dasid=4592) http://dx.doi.org/10.14284/228"],
"abstract" :["Catch data and numerical and gravimetrical analysis of stomach contents of <i>Pomatoschistus microps</i> sampled on 16", "17 and 19 August 1994 at Het verdronken land van Saeftinge. The data were digitized by VLIZ from the original report: Bulayi", "M.E. (1997). Diurnal and semi lunar feeding rhythms of the common goby Pomatoschistus microps in the brackish tidal marsh Het verdronken land van Saeftinge sic (Westerschelde", "SW Netherlands). MSc Thesis. RUG: Gent. 38 pp."],
"theme" :[""],
"dateCreated" :["1994", "08", "16"],
"creditText" :[""],
"datePublished" :["2021", "03", "11T09:52:34"],
"producer" :[""],
"author" :[""],
"spatialCoverage" :["Netherlands", "Westerschelde"],
"url" :["https://metadatacatalogue.lifewatch.eu/srv/api/records/oai:marineinfo.org:id:dataset:4592/formatters/xml?approved=true"],
"sponsor" :[""],
"size" :[""],
"sameAs" :[""],
"publication" :[""],
"provider" :[""],
"position" :[""],
"name" :[""],
"measurementTechnique" :[""],
"material" :[""],
"maintainer" :[""],
"locationCreated" :["Netherlands", "Westerschelde"],
"issn" :[""],
"isPartOf" :[""],
"isBasedOn" :[""],
"isAccessibleForFree" :[""],
"includedInDataCatalog" :[""],
"editor" :[""],
"editEIDR" :[""],
"copyrightYear" :[""],
"copyrightNotice" :[""],
"copyrightHolder" :["Vlaams Instituut voor de Zee", "Flanders Marine Institute", "VLIZ"],
"contributor" :["Vlaams Instituut voor de Zee", "Flanders Marine Institute", "VLIZ"],
"contentReferenceTime" :[""],
"contentLocation" :[""],
"character" :[""],
"acquireLicensePage" :[""],
"accessModeSufficient" :[""],
"about" :[""],
"rights" :[""],
"relation" :[""],
"qualifiedRelation" :[""],
"qualifiedAttribution" :[""],
"previousVersion" :[""],
"nextVersion" :[""],
"landingPage" :["https://www.emodnet", "biology.eu/portal/index.php?dasid=4592", "", "https://www.emodnet", "biology.eu/toolbox/en/download/occurrence/dataset/4592", "", "https://www.gbif.org/dataset/f88d3365", "634e", "411b", "9901", "e5ca069de5ac", "", "http://ipt.vliz.be/eurobis/resource?r=feeding_gobypomatoschistus_westernscheldt_1994", "", "https://obis.org/dataset/ebe102fd", "8e0d", "4aa7", "9e81", "21da12c13ffc", "", "http://www.eurobis.org//imis?dasid=4592"],
"isReferencedBy" :["http://www.vliz.be/en/imis?module=dataset&dasid=4592)", "http://dx.doi.org/10.14284/228"],
"hasVersion" :[""],
"hasPolicy" :[""],
"hasCurrentVersion" :[""],
"useConstraints" :[""],
"status" :[""],
"spatialRepresentationType" :[""],
"spatialRepresentationInfo" :[""],
"scope" :[""],
"purpose" :[""],
"otherLocale" :[""],
"metadataProfile" :["Flanders Marine Institute (VLIZ)"],
"metadataLinkage" :[""],
"metadataIdentifier" :[""],
"environmentDescription" :[""],
"distributionInfo" :["https://www.emodnet", "biology.eu/portal/index.php?dasid=4592", "https://www.emodnet", "biology.eu/toolbox/en/download/occurrence/dataset/4592", "https://www.gbif.org/dataset/f88d3365", "634e", "411b", "9901", "e5ca069de5ac", "http://ipt.vliz.be/eurobis/resource?r=feeding_gobypomatoschistus_westernscheldt_1994", "https://obis.org/dataset/ebe102fd", "8e0d", "4aa7", "9e81", "21da12c13ffc", "http://www.eurobis.org//imis?dasid=4592"],
"dataQualityInfo" :[""],
"contentInfo" :[""],
"ResearchInfrastructure" :["LifeWatch"],
"EssentialVariables" :[""],
"potentialTopics" :["land", "van", "data", "digitized", "stomach", "analysis", "august", "gravimetrical", "semi", "catch", "marsh", "tidal", "goby", "brackish", "common", "rhythm", "feeding", "marine"]
}