{
"description" :["None"],
"identifier" :["http://www.emodnet", "biology.eu/toolbox/en/download/occurrence/dataset/5997", "http://ipt.vliz.be/upload/resource?r=zmiinyi_zooplankton", "https://obis.org/dataset/fd9921f0", "e71e", "4b28", "873d", "9f9f6bf09652", "http://www.emodnet", "biology.eu/portal/index.php?dasid=5997", "http://www.eurobis.org//imis?dasid=5997"],
"keywords" :["North", "western black sea"],
"language" :["English"],
"accessibilitySummary" :[""],
"contact" :["Flanders Marine Institute ("],
"version" :[""],
"temporalCoverage" :["2003", "05", "25"],
"publisher" :["Flanders Marine Institute", "VLIZ", "Gazyetov", "Ye", "Polischuk", "L.", "Zooplankton Data"],
"spatial" :["Black Sea"],
"license" :[""],
"citation" :["Gazyetov", "Ye.; Polischuk", "L.; Volya", "E.; Chaschina", "A.; Snigirov", "S. (2018) Zooplankton Data in the Coastal Waters of Zmiinyi Island in the Black Sea in 2003", "2006. http://www.emodnet", "biology.eu"],
"genre" :["kingdom", "kingdom", "http://www.emodnet", "biology.eu/toolbox/en/download/occurrence/dataset/5997", "http://ipt.vliz.be/upload/resource?r=zmiinyi_zooplankton", "https://obis.org/dataset/fd9921f0", "e71e", "4b28", "873d", "9f9f6bf09652", "http://www.emodnet", "biology.eu/portal/index.php?dasid=5997", "http://www.eurobis.org//imis?dasid=5997"],
"creator" :[""],
"modificationDate" :[""],
"distribution" :["http://www.emodnet", "biology.eu/toolbox/en/download/occurrence/dataset/5997", "http://ipt.vliz.be/upload/resource?r=zmiinyi_zooplankton", "https://obis.org/dataset/fd9921f0", "e71e", "4b28", "873d", "9f9f6bf09652", "http://www.emodnet", "biology.eu/portal/index.php?dasid=5997", "http://www.eurobis.org//imis?dasid=5997"],
"image" :[""],
"thumbnailUrl" :[""],
"headline" :["Gazyetov", "Ye.; Polischuk", "L.; Volya", "E.; Chaschina", "A.; Snigirov", "S. (2018) Zooplankton Data in the Coastal Waters of Zmiinyi Island in the Black Sea in 2003", "2006. http://www.emodnet", "biology.eu"],
"abstract" :["Species composition", "abundance and biomass of zooplankton in the coastal waters of the Zmiinyi Island in the Black Sea in 2003", "2006."],
"theme" :["species"],
"dateCreated" :["2003", "05", "25"],
"creditText" :[""],
"datePublished" :["2021", "03", "11T10:00:52"],
"producer" :[""],
"author" :[""],
"spatialCoverage" :["Black Sea"],
"url" :["https://metadatacatalogue.lifewatch.eu/srv/api/records/oai:marineinfo.org:id:dataset:5997/formatters/xml?approved=true"],
"sponsor" :[""],
"size" :[""],
"sameAs" :[""],
"publication" :[""],
"provider" :[""],
"position" :[""],
"name" :[""],
"measurementTechnique" :[""],
"material" :[""],
"maintainer" :[""],
"locationCreated" :["Black Sea"],
"issn" :[""],
"isPartOf" :[""],
"isBasedOn" :[""],
"isAccessibleForFree" :[""],
"includedInDataCatalog" :[""],
"editor" :[""],
"editEIDR" :[""],
"copyrightYear" :[""],
"copyrightNotice" :[""],
"copyrightHolder" :["Flanders Marine Institute", "VLIZ"],
"contributor" :["Flanders Marine Institute", "VLIZ"],
"contentReferenceTime" :[""],
"contentLocation" :[""],
"character" :[""],
"acquireLicensePage" :[""],
"accessModeSufficient" :[""],
"about" :[""],
"rights" :[""],
"relation" :[""],
"qualifiedRelation" :[""],
"qualifiedAttribution" :[""],
"previousVersion" :[""],
"nextVersion" :[""],
"landingPage" :["http://www.emodnet", "biology.eu/toolbox/en/download/occurrence/dataset/5997", "", "http://ipt.vliz.be/upload/resource?r=zmiinyi_zooplankton", "", "https://obis.org/dataset/fd9921f0", "e71e", "4b28", "873d", "9f9f6bf09652", "", "http://www.emodnet", "biology.eu/portal/index.php?dasid=5997", "", "http://www.eurobis.org//imis?dasid=5997"],
"isReferencedBy" :["http://www.emodnet", "biology.eu"],
"hasVersion" :[""],
"hasPolicy" :[""],
"hasCurrentVersion" :[""],
"useConstraints" :[""],
"status" :[""],
"spatialRepresentationType" :[""],
"spatialRepresentationInfo" :[""],
"scope" :[""],
"purpose" :[""],
"otherLocale" :[""],
"metadataProfile" :["Flanders Marine Institute (VLIZ)"],
"metadataLinkage" :[""],
"metadataIdentifier" :[""],
"environmentDescription" :[""],
"distributionInfo" :["http://www.emodnet", "biology.eu/toolbox/en/download/occurrence/dataset/5997", "http://ipt.vliz.be/upload/resource?r=zmiinyi_zooplankton", "https://obis.org/dataset/fd9921f0", "e71e", "4b28", "873d", "9f9f6bf09652", "http://www.emodnet", "biology.eu/portal/index.php?dasid=5997", "http://www.eurobis.org//imis?dasid=5997"],
"dataQualityInfo" :[""],
"contentInfo" :[""],
"ResearchInfrastructure" :["LifeWatch"],
"EssentialVariables" :["Species distributions", "Species abundances", "Community abundance", "Taxonomic/phylogenetic diversity"],
"potentialTopics" :["zooplankton", "sea", "black", "coastal", "water", "island", "data", "abundance", "composition", "specie", "biomass"]
}