{
"description" :["None"],
"identifier" :["http://www.emodnet", "biology.eu/portal/index.php?dasid=671", "https://www.emodnet", "biology.eu/toolbox/en/download/occurrence/dataset/671", "http://mda.vliz.be/mda/directlink.php?fid=VLIZ_00000014_1225461444", "https://obis.org/dataset/212545b5", "65fb", "4834", "aea4", "05207d696a7c", "http://www.eurobis.org//imis?dasid=671"],
"keywords" :["Free", "living nematodes"],
"language" :["English"],
"accessibilitySummary" :[""],
"contact" :[""],
"version" :[""],
"temporalCoverage" :["1982", "01", "01"],
"publisher" :["Flanders Marine Institute", "VLIZ", "Jian", "Westerschelde", "Ghent University", "Department of Biology"],
"spatial" :["Netherlands"],
"license" :[""],
"citation" :["Jian", "L. (1992). Free", "living nematodes in a brackish tidal flat of the Westerschelde. Ghent University", "Department of Biology", "Marine Biology Section (MARBIOL)", "Belgium."],
"genre" :["phylum", "http://www.emodnet", "biology.eu/portal/index.php?dasid=671", "https://www.emodnet", "biology.eu/toolbox/en/download/occurrence/dataset/671", "http://mda.vliz.be/mda/directlink.php?fid=VLIZ_00000014_1225461444", "https://obis.org/dataset/212545b5", "65fb", "4834", "aea4", "05207d696a7c", "http://www.eurobis.org//imis?dasid=671"],
"creator" :[""],
"modificationDate" :[""],
"distribution" :["http://www.emodnet", "biology.eu/portal/index.php?dasid=671", "https://www.emodnet", "biology.eu/toolbox/en/download/occurrence/dataset/671", "http://mda.vliz.be/mda/directlink.php?fid=VLIZ_00000014_1225461444", "https://obis.org/dataset/212545b5", "65fb", "4834", "aea4", "05207d696a7c", "http://www.eurobis.org//imis?dasid=671"],
"image" :[""],
"thumbnailUrl" :[""],
"headline" :["Jian", "L. (1992). Free", "living nematodes in a brackish tidal flat of the Westerschelde. Ghent University", "Department of Biology", "Marine Biology Section (MARBIOL)", "Belgium."],
"abstract" :["Data were collected in the framework of a Msc. Thesis. The objective was to compare the horizontal distribution of meiofaunal parameters among several scales", "by using statistical methods."],
"theme" :[""],
"dateCreated" :["1982", "01", "01"],
"creditText" :[""],
"datePublished" :["2021", "03"],
"producer" :[""],
"author" :[""],
"spatialCoverage" :["Netherlands"],
"url" :["https://metadatacatalogue.lifewatch.eu/srv/api/records/oai:marineinfo.org:id:dataset:671/formatters/xml?approved=true"],
"sponsor" :[""],
"size" :[""],
"sameAs" :[""],
"publication" :[""],
"provider" :[""],
"position" :[""],
"name" :[""],
"measurementTechnique" :[""],
"material" :[""],
"maintainer" :[""],
"locationCreated" :["Netherlands"],
"issn" :[""],
"isPartOf" :[""],
"isBasedOn" :[""],
"isAccessibleForFree" :[""],
"includedInDataCatalog" :[""],
"editor" :[""],
"editEIDR" :[""],
"copyrightYear" :[""],
"copyrightNotice" :[""],
"copyrightHolder" :["Flanders Marine Institute", "VLIZ"],
"contributor" :["Flanders Marine Institute", "VLIZ"],
"contentReferenceTime" :[""],
"contentLocation" :[""],
"character" :[""],
"acquireLicensePage" :[""],
"accessModeSufficient" :[""],
"about" :[""],
"rights" :[""],
"relation" :[""],
"qualifiedRelation" :[""],
"qualifiedAttribution" :[""],
"previousVersion" :[""],
"nextVersion" :[""],
"landingPage" :["http://www.emodnet", "biology.eu/portal/index.php?dasid=671", "", "https://www.emodnet", "biology.eu/toolbox/en/download/occurrence/dataset/671", "", "http://mda.vliz.be/mda/directlink.php?fid=VLIZ_00000014_1225461444", "", "https://obis.org/dataset/212545b5", "65fb", "4834", "aea4", "05207d696a7c", "", "http://www.eurobis.org//imis?dasid=671"],
"isReferencedBy" :[""],
"hasVersion" :[""],
"hasPolicy" :[""],
"hasCurrentVersion" :[""],
"useConstraints" :[""],
"status" :[""],
"spatialRepresentationType" :[""],
"spatialRepresentationInfo" :[""],
"scope" :[""],
"purpose" :[""],
"otherLocale" :[""],
"metadataProfile" :["Flanders Marine Institute (VLIZ)"],
"metadataLinkage" :[""],
"metadataIdentifier" :[""],
"environmentDescription" :[""],
"distributionInfo" :["http://www.emodnet", "biology.eu/portal/index.php?dasid=671", "https://www.emodnet", "biology.eu/toolbox/en/download/occurrence/dataset/671", "http://mda.vliz.be/mda/directlink.php?fid=VLIZ_00000014_1225461444", "https://obis.org/dataset/212545b5", "65fb", "4834", "aea4", "05207d696a7c", "http://www.eurobis.org//imis?dasid=671"],
"dataQualityInfo" :[""],
"contentInfo" :[""],
"ResearchInfrastructure" :["LifeWatch"],
"EssentialVariables" :["Species distributions", "Physiology", "Ecosystem distribution"],
"potentialTopics" :["framework", "collected", "data", "statistical", "thesis", "distribution", "objective", "several", "using", "compare", "brackish", "tidal", "nematode", "flat", "biology", "marine", "section", "university", "department", "parameter", "horizontal", "method", "among"]
}