{
"description" :["None"],
"identifier" :["http://www.emodnet", "biology.eu/portal/index.php?dasid=4443", "https://www.emodnet", "biology.eu/toolbox/en/download/occurrence/dataset/4443", "http://gbif.imr.no/ipt/resource.do?r=imr_juvenile_fish_monitoring", "https://obis.org/dataset/ab739816", "4077", "4067", "8f2e", "00b9c41f8ddb", "http://www.eurobis.org//imis?dasid=4443"],
"keywords" :["Juveniles"],
"language" :["English"],
"accessibilitySummary" :[""],
"contact" :["Kjell"],
"version" :[""],
"temporalCoverage" :["1980", "01", "01"],
"publisher" :["http://www.eurobis.org//imis?dasid=4443", "Flanders Marine Institute", "VLIZ", "Bakkeplass", "K.", "Institute of Marine Research"],
"spatial" :["Norwegian Sea"],
"license" :[""],
"citation" :["Bakkeplass", "K. (2014). IMR Juvenile fish monitoring. Institute of Marine Research", "Norway"],
"genre" :["superclass", "http://www.emodnet", "biology.eu/portal/index.php?dasid=4443", "https://www.emodnet", "biology.eu/toolbox/en/download/occurrence/dataset/4443", "http://gbif.imr.no/ipt/resource.do?r=imr_juvenile_fish_monitoring", "https://obis.org/dataset/ab739816", "4077", "4067", "8f2e", "00b9c41f8ddb", "http://www.eurobis.org//imis?dasid=4443"],
"creator" :["Flanders Marine Institute ("],
"modificationDate" :[""],
"distribution" :["http://www.emodnet", "biology.eu/portal/index.php?dasid=4443", "https://www.emodnet", "biology.eu/toolbox/en/download/occurrence/dataset/4443", "http://gbif.imr.no/ipt/resource.do?r=imr_juvenile_fish_monitoring", "https://obis.org/dataset/ab739816", "4077", "4067", "8f2e", "00b9c41f8ddb", "http://www.eurobis.org//imis?dasid=4443"],
"image" :[""],
"thumbnailUrl" :[""],
"headline" :["Bakkeplass", "K. (2014). IMR Juvenile fish monitoring. Institute of Marine Research", "Norway"],
"abstract" :["The dataset contains juvenile fish (postlarvae) from the Barents Sea sampled during June", "July 1977", "91 (1980", "91 in database", "1977", "79 on files)."],
"theme" :[""],
"dateCreated" :["1980", "01", "01"],
"creditText" :[""],
"datePublished" :["2021", "03", "11T10:08:29"],
"producer" :[""],
"author" :[""],
"spatialCoverage" :["Norwegian Sea"],
"url" :["https://metadatacatalogue.lifewatch.eu/srv/api/records/oai:marineinfo.org:id:dataset:4443/formatters/xml?approved=true"],
"sponsor" :[""],
"size" :[""],
"sameAs" :[""],
"publication" :[""],
"provider" :[""],
"position" :[""],
"name" :[""],
"measurementTechnique" :[""],
"material" :[""],
"maintainer" :[""],
"locationCreated" :["Norwegian Sea"],
"issn" :[""],
"isPartOf" :[""],
"isBasedOn" :[""],
"isAccessibleForFree" :[""],
"includedInDataCatalog" :[""],
"editor" :[""],
"editEIDR" :[""],
"copyrightYear" :[""],
"copyrightNotice" :[""],
"copyrightHolder" :["Flanders Marine Institute", "VLIZ"],
"contributor" :["Flanders Marine Institute", "VLIZ"],
"contentReferenceTime" :[""],
"contentLocation" :[""],
"character" :[""],
"acquireLicensePage" :[""],
"accessModeSufficient" :[""],
"about" :[""],
"rights" :[""],
"relation" :[""],
"qualifiedRelation" :[""],
"qualifiedAttribution" :[""],
"previousVersion" :[""],
"nextVersion" :[""],
"landingPage" :["http://www.emodnet", "biology.eu/portal/index.php?dasid=4443", "", "https://www.emodnet", "biology.eu/toolbox/en/download/occurrence/dataset/4443", "", "http://gbif.imr.no/ipt/resource.do?r=imr_juvenile_fish_monitoring", "", "https://obis.org/dataset/ab739816", "4077", "4067", "8f2e", "00b9c41f8ddb", "", "http://www.eurobis.org//imis?dasid=4443"],
"isReferencedBy" :[""],
"hasVersion" :[""],
"hasPolicy" :[""],
"hasCurrentVersion" :[""],
"useConstraints" :[""],
"status" :[""],
"spatialRepresentationType" :[""],
"spatialRepresentationInfo" :[""],
"scope" :[""],
"purpose" :[""],
"otherLocale" :[""],
"metadataProfile" :["Flanders Marine Institute (VLIZ)"],
"metadataLinkage" :[""],
"metadataIdentifier" :[""],
"environmentDescription" :[""],
"distributionInfo" :["http://www.emodnet", "biology.eu/portal/index.php?dasid=4443", "https://www.emodnet", "biology.eu/toolbox/en/download/occurrence/dataset/4443", "http://gbif.imr.no/ipt/resource.do?r=imr_juvenile_fish_monitoring", "https://obis.org/dataset/ab739816", "4077", "4067", "8f2e", "00b9c41f8ddb", "http://www.eurobis.org//imis?dasid=4443"],
"dataQualityInfo" :[""],
"contentInfo" :[""],
"ResearchInfrastructure" :["LifeWatch"],
"EssentialVariables" :[""],
"potentialTopics" :["juvenile", "fish", "monitoring", "file", "sea", "database", "sampled", "contains", "institute", "marine", "research"]
}