{
"description" :["None"],
"identifier" :["http://pythonprovider.danbif.dk/repository/collection971624/resource434553/details_html", "https://doi.org/10.15468/ty0smg", "http://www.emodnet", "biology.eu/portal/index.php?dasid=2038", "https://www.emodnet", "biology.eu/toolbox/en/download/occurrence/dataset/2038", "http://www.gbif.org/dataset/84cb653a", "f762", "11e1", "a439", "00145eb45e9a", "https://obis.org/dataset/1a4daaac", "e207", "4648", "804e", "aaf5efa7a0a5", "http://www.eurobis.org//imis?dasid=2038"],
"keywords" :[""],
"language" :["English"],
"accessibilitySummary" :[""],
"contact" :[""],
"version" :[""],
"temporalCoverage" :["1959", "01", "01"],
"publisher" :["https://obis.org/dataset/1a4daaac", "e207", "4648", "804e", "aaf5efa7a0a5", "Flanders Marine Institute", "VLIZ", "The Danish Biodiversity Information Facility", "Marine Benthic Fauna List"],
"spatial" :[""],
"license" :[""],
"citation" :["The Danish Biodiversity Information Facility", "Marine Benthic Fauna List", "Island of Læsø", "Denmark. https://doi.org/10.15468/ty0smg"],
"genre" :["http://pythonprovider.danbif.dk/repository/collection971624/resource434553/details_html", "https://doi.org/10.15468/ty0smg", "http://www.emodnet", "biology.eu/portal/index.php?dasid=2038", "https://www.emodnet", "biology.eu/toolbox/en/download/occurrence/dataset/2038", "http://www.gbif.org/dataset/84cb653a", "f762", "11e1", "a439", "00145eb45e9a", "https://obis.org/dataset/1a4daaac", "e207", "4648", "804e", "aaf5efa7a0a5", "http://www.eurobis.org//imis?dasid=2038"],
"creator" :["Flanders Marine Institute ("],
"modificationDate" :[""],
"distribution" :["http://pythonprovider.danbif.dk/repository/collection971624/resource434553/details_html", "https://doi.org/10.15468/ty0smg", "http://www.emodnet", "biology.eu/portal/index.php?dasid=2038", "https://www.emodnet", "biology.eu/toolbox/en/download/occurrence/dataset/2038", "http://www.gbif.org/dataset/84cb653a", "f762", "11e1", "a439", "00145eb45e9a", "https://obis.org/dataset/1a4daaac", "e207", "4648", "804e", "aaf5efa7a0a5", "http://www.eurobis.org//imis?dasid=2038"],
"image" :[""],
"thumbnailUrl" :[""],
"headline" :["The Danish Biodiversity Information Facility", "Marine Benthic Fauna List", "Island of Læsø", "Denmark. https://doi.org/10.15468/ty0smg"],
"abstract" :["A full metadata description is available at <a href=http://pythonprovider.danbif.dk/repository/collection971624/resource434553/details_html target=_blank>http://pythonprovider.danbif.dk/repository/collection971624/resource434553/details_html</a>"],
"theme" :["biodiversity", "organism", "fungi"],
"dateCreated" :["1959", "01", "01"],
"creditText" :[""],
"datePublished" :["2021", "03"],
"producer" :[""],
"author" :[""],
"spatialCoverage" :[""],
"url" :["https://metadatacatalogue.lifewatch.eu/srv/api/records/oai:marineinfo.org:id:dataset:2038/formatters/xml?approved=true"],
"sponsor" :[""],
"size" :[""],
"sameAs" :[""],
"publication" :[""],
"provider" :[""],
"position" :[""],
"name" :[""],
"measurementTechnique" :[""],
"material" :[""],
"maintainer" :[""],
"locationCreated" :[""],
"issn" :[""],
"isPartOf" :[""],
"isBasedOn" :[""],
"isAccessibleForFree" :[""],
"includedInDataCatalog" :[""],
"editor" :[""],
"editEIDR" :[""],
"copyrightYear" :[""],
"copyrightNotice" :[""],
"copyrightHolder" :["Flanders Marine Institute", "VLIZ"],
"contributor" :["Flanders Marine Institute", "VLIZ"],
"contentReferenceTime" :[""],
"contentLocation" :[""],
"character" :[""],
"acquireLicensePage" :[""],
"accessModeSufficient" :[""],
"about" :[""],
"rights" :[""],
"relation" :[""],
"qualifiedRelation" :[""],
"qualifiedAttribution" :[""],
"previousVersion" :[""],
"nextVersion" :[""],
"landingPage" :["http://pythonprovider.danbif.dk/repository/collection971624/resource434553/details_html", "", "https://doi.org/10.15468/ty0smg", "", "http://www.emodnet", "biology.eu/portal/index.php?dasid=2038", "", "https://www.emodnet", "biology.eu/toolbox/en/download/occurrence/dataset/2038", "", "http://www.gbif.org/dataset/84cb653a", "f762", "11e1", "a439", "00145eb45e9a", "", "https://obis.org/dataset/1a4daaac", "e207", "4648", "804e", "aaf5efa7a0a5", "", "http://www.eurobis.org//imis?dasid=2038"],
"isReferencedBy" :["https://doi.org/10.15468/ty0smg"],
"hasVersion" :[""],
"hasPolicy" :[""],
"hasCurrentVersion" :[""],
"useConstraints" :[""],
"status" :[""],
"spatialRepresentationType" :[""],
"spatialRepresentationInfo" :[""],
"scope" :[""],
"purpose" :[""],
"otherLocale" :[""],
"metadataProfile" :["Flanders Marine Institute (VLIZ)"],
"metadataLinkage" :[""],
"metadataIdentifier" :[""],
"environmentDescription" :[""],
"distributionInfo" :["http://pythonprovider.danbif.dk/repository/collection971624/resource434553/details_html", "https://doi.org/10.15468/ty0smg", "http://www.emodnet", "biology.eu/portal/index.php?dasid=2038", "https://www.emodnet", "biology.eu/toolbox/en/download/occurrence/dataset/2038", "http://www.gbif.org/dataset/84cb653a", "f762", "11e1", "a439", "00145eb45e9a", "https://obis.org/dataset/1a4daaac", "e207", "4648", "804e", "aaf5efa7a0a5", "http://www.eurobis.org//imis?dasid=2038"],
"dataQualityInfo" :[""],
"contentInfo" :[""],
"ResearchInfrastructure" :["LifeWatch"],
"EssentialVariables" :["Physiology"],
"potentialTopics" :["list", "marine", "island", "fauna", "benthic", "biodiversity", "information", "danish", "facility", "metadata", "full", "description", "available"]
}