{
"description" :["None"],
"identifier" :["http://www.emodnet", "biology.eu/portal/index.php?dasid=4519", "https://www.emodnet", "biology.eu/toolbox/en/download/occurrence/dataset/4519", "http://www.eurobis.org//imis?dasid=4519"],
"keywords" :["Species composition"],
"language" :["English"],
"accessibilitySummary" :[""],
"contact" :["Vlaams Instituut voor de Zee"],
"version" :[""],
"temporalCoverage" :["1990", "03", "01"],
"publisher" :["Vlaams Instituut voor de Zee", "Flanders Marine Institute", "VLIZ", "Okemwa E.", "Mwaluma J."],
"spatial" :["Kenya", "Gazi Creek"],
"license" :[""],
"citation" :["Okemwa E.; Mwaluma J.; Osore M.; Kenya Marine and Fisheries Research Institute (KMFRI): Kenya; (2016): Zooplankton community in Gazi Creek sampled monthly between 1990 and 1991. (http://www.vliz.be/en/imis?module=dataset&dasid=4519) http://dx.doi.org/10.14284/110"],
"genre" :["order", "class", "infraorder", "infraorder", "phylum", "infraclass", "subclass", "subphylum", "order", "genus", "order", "class", "order", "phylum", "class", "family", "superclass", "class", "family", "order", "order", "http://www.emodnet", "biology.eu/portal/index.php?dasid=4519", "https://www.emodnet", "biology.eu/toolbox/en/download/occurrence/dataset/4519", "http://www.eurobis.org//imis?dasid=4519"],
"creator" :["Flanders Marine Institute ("],
"modificationDate" :[""],
"distribution" :["http://www.emodnet", "biology.eu/portal/index.php?dasid=4519", "https://www.emodnet", "biology.eu/toolbox/en/download/occurrence/dataset/4519", "http://www.eurobis.org//imis?dasid=4519"],
"image" :[""],
"thumbnailUrl" :[""],
"headline" :["Okemwa E.; Mwaluma J.; Osore M.; Kenya Marine and Fisheries Research Institute (KMFRI): Kenya; (2016): Zooplankton community in Gazi Creek sampled monthly between 1990 and 1991. (http://www.vliz.be/en/imis?module=dataset&dasid=4519) http://dx.doi.org/10.14284/110"],
"abstract" :["Qualitative and monthly relative abundances of most important zooplankton taxa found in Gazi Creek sampled between March 1990 and February 1991. The data were digitized by VLIZ from the original report: Okemwa", "E.; Mwaluma", "J.; Osore", "M. (1991). Zooplankton studies in a mangrove creek system", "Gazi", "in: Delbeke", "K. (Ed.) (1991). Kenya", "Belgium project in marine sciences Higher Institute for Marine Sciences VLIR", "KMFRI Project and CEC Project Dynamics and Assessment of Kenyan Mangrove Ecosystems No. TS2", "0240", "C (GDF): Progress Report November 1990", "June 1991. pp. 40", "48"],
"theme" :["species"],
"dateCreated" :["1990", "03", "01"],
"creditText" :[""],
"datePublished" :["2021", "03", "11T09:33:38"],
"producer" :[""],
"author" :[""],
"spatialCoverage" :["Kenya", "Gazi Creek"],
"url" :["https://metadatacatalogue.lifewatch.eu/srv/api/records/oai:marineinfo.org:id:dataset:4519/formatters/xml?approved=true"],
"sponsor" :[""],
"size" :[""],
"sameAs" :[""],
"publication" :[""],
"provider" :[""],
"position" :[""],
"name" :[""],
"measurementTechnique" :[""],
"material" :[""],
"maintainer" :[""],
"locationCreated" :["Kenya", "Gazi Creek"],
"issn" :[""],
"isPartOf" :[""],
"isBasedOn" :[""],
"isAccessibleForFree" :[""],
"includedInDataCatalog" :[""],
"editor" :[""],
"editEIDR" :[""],
"copyrightYear" :[""],
"copyrightNotice" :[""],
"copyrightHolder" :["Vlaams Instituut voor de Zee", "Flanders Marine Institute", "VLIZ"],
"contributor" :["Vlaams Instituut voor de Zee", "Flanders Marine Institute", "VLIZ"],
"contentReferenceTime" :[""],
"contentLocation" :[""],
"character" :[""],
"acquireLicensePage" :[""],
"accessModeSufficient" :[""],
"about" :[""],
"rights" :[""],
"relation" :[""],
"qualifiedRelation" :[""],
"qualifiedAttribution" :[""],
"previousVersion" :[""],
"nextVersion" :[""],
"landingPage" :["http://www.emodnet", "biology.eu/portal/index.php?dasid=4519", "", "https://www.emodnet", "biology.eu/toolbox/en/download/occurrence/dataset/4519", "", "http://www.eurobis.org//imis?dasid=4519"],
"isReferencedBy" :["http://www.vliz.be/en/imis?module=dataset&dasid=4519)", "http://dx.doi.org/10.14284/110"],
"hasVersion" :[""],
"hasPolicy" :[""],
"hasCurrentVersion" :[""],
"useConstraints" :[""],
"status" :[""],
"spatialRepresentationType" :[""],
"spatialRepresentationInfo" :[""],
"scope" :[""],
"purpose" :[""],
"otherLocale" :[""],
"metadataProfile" :["Flanders Marine Institute (VLIZ)"],
"metadataLinkage" :[""],
"metadataIdentifier" :[""],
"environmentDescription" :[""],
"distributionInfo" :["http://www.emodnet", "biology.eu/portal/index.php?dasid=4519", "https://www.emodnet", "biology.eu/toolbox/en/download/occurrence/dataset/4519", "http://www.eurobis.org//imis?dasid=4519"],
"dataQualityInfo" :[""],
"contentInfo" :[""],
"ResearchInfrastructure" :["LifeWatch"],
"EssentialVariables" :["Species distributions", "Species abundances", "Community abundance", "Taxonomic/phylogenetic diversity"],
"potentialTopics" :["creek", "sampled", "zooplankton", "monthly", "marine", "institute", "community", "project", "science", "report", "mangrove", "abundance", "taxon", "fishery", "research"]
}