{
"description" :["None"],
"identifier" :["https://www.emodnet", "biology.eu/portal/index.php?dasid=6542", "https://www.emodnet", "biology.eu/toolbox/en/download/occurrence/dataset/6542", "http://ipt.medobis.eu/resource?r=egyptphytoplanktonnile", "https://obis.org/dataset/8bc43e21", "bb24", "4ea4", "a745", "1d273b956869", "http://www.eurobis.org//imis?dasid=6542"],
"keywords" :[""],
"language" :["English"],
"accessibilitySummary" :[""],
"contact" :[""],
"version" :[""],
"temporalCoverage" :["1933", "10", "01"],
"publisher" :["Flanders Marine Institute", "VLIZ", "Mavraki Dimitra", "Phytoplankton", "Nikolopoulou Stamatina", "XIV", "Fisheries Research Directorate"],
"spatial" :["Egypt", "Nile Delta"],
"license" :[""],
"citation" :["Mavraki Dimitra and Nikolopoulou Stamatina (2018). Digitization of The fishery grounds near Alexandria. XIV. Phytoplankton from the Nile. Fisheries Research Directorate of Egypt", "Notes and Memoirs No 22"],
"genre" :["phylum", "phylum", "https://www.emodnet", "biology.eu/portal/index.php?dasid=6542", "https://www.emodnet", "biology.eu/toolbox/en/download/occurrence/dataset/6542", "http://ipt.medobis.eu/resource?r=egyptphytoplanktonnile", "https://obis.org/dataset/8bc43e21", "bb24", "4ea4", "a745", "1d273b956869", "http://www.eurobis.org//imis?dasid=6542"],
"creator" :["Flanders Marine Institute ("],
"modificationDate" :[""],
"distribution" :["https://www.emodnet", "biology.eu/portal/index.php?dasid=6542", "https://www.emodnet", "biology.eu/toolbox/en/download/occurrence/dataset/6542", "http://ipt.medobis.eu/resource?r=egyptphytoplanktonnile", "https://obis.org/dataset/8bc43e21", "bb24", "4ea4", "a745", "1d273b956869", "http://www.eurobis.org//imis?dasid=6542"],
"image" :[""],
"thumbnailUrl" :[""],
"headline" :["Mavraki Dimitra and Nikolopoulou Stamatina (2018). Digitization of The fishery grounds near Alexandria. XIV. Phytoplankton from the Nile. Fisheries Research Directorate of Egypt", "Notes and Memoirs No 22"],
"abstract" :["Egyptian plankton samples for revision as to its phytoplankton content. First samples are dated in 1933 owned by Prof. Steuer", "while the other samples are from the Nile area and collected by Dr. Hans Amberg", "in 1904. The samples that come from the large district of the Nile prove that the Melosira in Prof. Steuers material represents a real phytoplankton component of Nile water and not merely a passive swimming organism."],
"theme" :[""],
"dateCreated" :["1933", "10", "01"],
"creditText" :[""],
"datePublished" :["2021", "03", "11T09:53:10"],
"producer" :[""],
"author" :[""],
"spatialCoverage" :["Egypt", "Nile Delta"],
"url" :["https://metadatacatalogue.lifewatch.eu/srv/api/records/oai:marineinfo.org:id:dataset:6542/formatters/xml?approved=true"],
"sponsor" :[""],
"size" :[""],
"sameAs" :[""],
"publication" :[""],
"provider" :[""],
"position" :[""],
"name" :[""],
"measurementTechnique" :[""],
"material" :[""],
"maintainer" :[""],
"locationCreated" :["Egypt", "Nile Delta"],
"issn" :[""],
"isPartOf" :[""],
"isBasedOn" :[""],
"isAccessibleForFree" :[""],
"includedInDataCatalog" :[""],
"editor" :[""],
"editEIDR" :[""],
"copyrightYear" :[""],
"copyrightNotice" :[""],
"copyrightHolder" :["Flanders Marine Institute", "VLIZ"],
"contributor" :["Flanders Marine Institute", "VLIZ"],
"contentReferenceTime" :[""],
"contentLocation" :[""],
"character" :[""],
"acquireLicensePage" :[""],
"accessModeSufficient" :[""],
"about" :[""],
"rights" :[""],
"relation" :[""],
"qualifiedRelation" :[""],
"qualifiedAttribution" :[""],
"previousVersion" :[""],
"nextVersion" :[""],
"landingPage" :["https://www.emodnet", "biology.eu/portal/index.php?dasid=6542", "", "https://www.emodnet", "biology.eu/toolbox/en/download/occurrence/dataset/6542", "", "http://ipt.medobis.eu/resource?r=egyptphytoplanktonnile", "", "https://obis.org/dataset/8bc43e21", "bb24", "4ea4", "a745", "1d273b956869", "", "http://www.eurobis.org//imis?dasid=6542"],
"isReferencedBy" :[""],
"hasVersion" :[""],
"hasPolicy" :[""],
"hasCurrentVersion" :[""],
"useConstraints" :[""],
"status" :[""],
"spatialRepresentationType" :[""],
"spatialRepresentationInfo" :[""],
"scope" :[""],
"purpose" :[""],
"otherLocale" :[""],
"metadataProfile" :["Flanders Marine Institute (VLIZ)"],
"metadataLinkage" :[""],
"metadataIdentifier" :[""],
"environmentDescription" :[""],
"distributionInfo" :["https://www.emodnet", "biology.eu/portal/index.php?dasid=6542", "https://www.emodnet", "biology.eu/toolbox/en/download/occurrence/dataset/6542", "http://ipt.medobis.eu/resource?r=egyptphytoplanktonnile", "https://obis.org/dataset/8bc43e21", "bb24", "4ea4", "a745", "1d273b956869", "http://www.eurobis.org//imis?dasid=6542"],
"dataQualityInfo" :[""],
"contentInfo" :[""],
"ResearchInfrastructure" :["LifeWatch"],
"EssentialVariables" :[""],
"potentialTopics" :["fishery", "digitization", "research", "memoir", "directorate", "near", "phytoplankton", "xiv", "note", "ground", "sample", "prof", "component", "large", "first", "collected", "material", "owned", "prove"]
}