{
"description" :["None"],
"identifier" :["https://www.emodnet", "biology.eu/portal/index.php?dasid=5992", "https://www.emodnet", "biology.eu/toolbox/en/download/occurrence/dataset/5992", "http://ipt.naturalsciences.be/resource?r=be_rbins_vertebrates_pisces", "https://obis.org/dataset/c62f9dc2", "39ed", "4792", "b2a3", "ccbac59f00d0", "http://www.eurobis.org//imis?dasid=5992"],
"keywords" :[""],
"language" :["English"],
"accessibilitySummary" :[""],
"contact" :["Flanders Marine Institute ("],
"version" :[""],
"temporalCoverage" :["1800", "08", "23"],
"publisher" :["Flanders Marine Institute", "VLIZ", "Semal", "Royal Belgian Institute of Natural Sciences Pisces Collection"],
"spatial" :[""],
"license" :[""],
"citation" :["Semal", "P. (2020) Royal Belgian Institute of Natural Sciences Pisces Collection"],
"genre" :["class", "class", "subphylum", "Chondrichthyes", "class", "class", "https://www.emodnet", "biology.eu/portal/index.php?dasid=5992", "https://www.emodnet", "biology.eu/toolbox/en/download/occurrence/dataset/5992", "http://ipt.naturalsciences.be/resource?r=be_rbins_vertebrates_pisces", "https://obis.org/dataset/c62f9dc2", "39ed", "4792", "b2a3", "ccbac59f00d0", "http://www.eurobis.org//imis?dasid=5992"],
"creator" :[""],
"modificationDate" :[""],
"distribution" :["https://www.emodnet", "biology.eu/portal/index.php?dasid=5992", "https://www.emodnet", "biology.eu/toolbox/en/download/occurrence/dataset/5992", "http://ipt.naturalsciences.be/resource?r=be_rbins_vertebrates_pisces", "https://obis.org/dataset/c62f9dc2", "39ed", "4792", "b2a3", "ccbac59f00d0", "http://www.eurobis.org//imis?dasid=5992"],
"image" :[""],
"thumbnailUrl" :[""],
"headline" :["Semal", "P. (2020) Royal Belgian Institute of Natural Sciences Pisces Collection"],
"abstract" :["The Royal Belgian Institute of Natural Sciences Pisces collection contains 3342 digitised specimens over 485 taxa (mostly species). This dataset only contains the marine species of the collection. The following classes are included: Actinopterygii", "Cephalaspidomorphi", "Cephalochordata Owen", "Chondrichtyes", "Myxini", "Sarcopterygii."],
"theme" :["species"],
"dateCreated" :["1800", "08", "23"],
"creditText" :[""],
"datePublished" :["2021", "03", "11T09:58:42"],
"producer" :[""],
"author" :[""],
"spatialCoverage" :[""],
"url" :["https://metadatacatalogue.lifewatch.eu/srv/api/records/oai:marineinfo.org:id:dataset:5992/formatters/xml?approved=true"],
"sponsor" :[""],
"size" :[""],
"sameAs" :[""],
"publication" :[""],
"provider" :[""],
"position" :[""],
"name" :[""],
"measurementTechnique" :[""],
"material" :[""],
"maintainer" :[""],
"locationCreated" :[""],
"issn" :[""],
"isPartOf" :[""],
"isBasedOn" :[""],
"isAccessibleForFree" :[""],
"includedInDataCatalog" :[""],
"editor" :[""],
"editEIDR" :[""],
"copyrightYear" :[""],
"copyrightNotice" :[""],
"copyrightHolder" :["Flanders Marine Institute", "VLIZ"],
"contributor" :["Flanders Marine Institute", "VLIZ"],
"contentReferenceTime" :[""],
"contentLocation" :[""],
"character" :[""],
"acquireLicensePage" :[""],
"accessModeSufficient" :[""],
"about" :[""],
"rights" :[""],
"relation" :[""],
"qualifiedRelation" :[""],
"qualifiedAttribution" :[""],
"previousVersion" :[""],
"nextVersion" :[""],
"landingPage" :["https://www.emodnet", "biology.eu/portal/index.php?dasid=5992", "", "https://www.emodnet", "biology.eu/toolbox/en/download/occurrence/dataset/5992", "", "http://ipt.naturalsciences.be/resource?r=be_rbins_vertebrates_pisces", "", "https://obis.org/dataset/c62f9dc2", "39ed", "4792", "b2a3", "ccbac59f00d0", "", "http://www.eurobis.org//imis?dasid=5992"],
"isReferencedBy" :[""],
"hasVersion" :[""],
"hasPolicy" :[""],
"hasCurrentVersion" :[""],
"useConstraints" :[""],
"status" :[""],
"spatialRepresentationType" :[""],
"spatialRepresentationInfo" :[""],
"scope" :[""],
"purpose" :[""],
"otherLocale" :[""],
"metadataProfile" :["Flanders Marine Institute (VLIZ)"],
"metadataLinkage" :[""],
"metadataIdentifier" :[""],
"environmentDescription" :[""],
"distributionInfo" :["https://www.emodnet", "biology.eu/portal/index.php?dasid=5992", "https://www.emodnet", "biology.eu/toolbox/en/download/occurrence/dataset/5992", "http://ipt.naturalsciences.be/resource?r=be_rbins_vertebrates_pisces", "https://obis.org/dataset/c62f9dc2", "39ed", "4792", "b2a3", "ccbac59f00d0", "http://www.eurobis.org//imis?dasid=5992"],
"dataQualityInfo" :[""],
"contentInfo" :[""],
"ResearchInfrastructure" :["LifeWatch"],
"EssentialVariables" :["Species distributions", "Species abundances", "Taxonomic/phylogenetic diversity"],
"potentialTopics" :["contains", "specie", "collection", "mostly", "following", "taxon", "included", "class", "specimen", "marine", "institute", "royal", "natural", "science"]
}