{
"description" :["None"],
"identifier" :["https://www.emodnet", "biology.eu/portal/index.php?dasid=5994", "https://www.emodnet", "biology.eu/toolbox/en/download/occurrence/dataset/5994", "http://ipt.naturalsciences.be/resource?r=be_rbins_invertebrates_rotifera", "https://obis.org/dataset/29b31b96", "5dfa", "4d7e", "b218", "28126d37999c", "http://www.eurobis.org//imis?dasid=5994"],
"keywords" :["Planktonic rotifers"],
"language" :["English"],
"accessibilitySummary" :[""],
"contact" :["Flanders Marine Institute ("],
"version" :[""],
"temporalCoverage" :["1800", "04", "01"],
"publisher" :["Flanders Marine Institute", "VLIZ", "Samyn", "Semal", "Royal Belgian Institute of Natural Sciences Rotifera"],
"spatial" :["Belgium"],
"license" :[""],
"citation" :["Samyn", "Y.", "Semal", "P. (2020) Royal Belgian Institute of Natural Sciences Rotifera collection"],
"genre" :["order", "https://www.emodnet", "biology.eu/portal/index.php?dasid=5994", "https://www.emodnet", "biology.eu/toolbox/en/download/occurrence/dataset/5994", "http://ipt.naturalsciences.be/resource?r=be_rbins_invertebrates_rotifera", "https://obis.org/dataset/29b31b96", "5dfa", "4d7e", "b218", "28126d37999c", "http://www.eurobis.org//imis?dasid=5994"],
"creator" :[""],
"modificationDate" :[""],
"distribution" :["https://www.emodnet", "biology.eu/portal/index.php?dasid=5994", "https://www.emodnet", "biology.eu/toolbox/en/download/occurrence/dataset/5994", "http://ipt.naturalsciences.be/resource?r=be_rbins_invertebrates_rotifera", "https://obis.org/dataset/29b31b96", "5dfa", "4d7e", "b218", "28126d37999c", "http://www.eurobis.org//imis?dasid=5994"],
"image" :[""],
"thumbnailUrl" :[""],
"headline" :["Samyn", "Y.", "Semal", "P. (2020) Royal Belgian Institute of Natural Sciences Rotifera collection"],
"abstract" :["The Royal Belgian Institute of Natural Sciences Rotifera collection contains 39 digitised specimens over 7 taxa (mostly species). This dataset only contains the marine species of the collection. The following classes are included: Eurotatoria De Ridder", "1957."],
"theme" :["species"],
"dateCreated" :["1800", "04", "01"],
"creditText" :[""],
"datePublished" :["2021", "03", "11T09:58:46"],
"producer" :[""],
"author" :[""],
"spatialCoverage" :["Belgium"],
"url" :["https://metadatacatalogue.lifewatch.eu/srv/api/records/oai:marineinfo.org:id:dataset:5994/formatters/xml?approved=true"],
"sponsor" :[""],
"size" :[""],
"sameAs" :[""],
"publication" :[""],
"provider" :[""],
"position" :[""],
"name" :[""],
"measurementTechnique" :[""],
"material" :[""],
"maintainer" :[""],
"locationCreated" :["Belgium"],
"issn" :[""],
"isPartOf" :[""],
"isBasedOn" :[""],
"isAccessibleForFree" :[""],
"includedInDataCatalog" :[""],
"editor" :[""],
"editEIDR" :[""],
"copyrightYear" :[""],
"copyrightNotice" :[""],
"copyrightHolder" :["Flanders Marine Institute", "VLIZ"],
"contributor" :["Flanders Marine Institute", "VLIZ"],
"contentReferenceTime" :[""],
"contentLocation" :[""],
"character" :[""],
"acquireLicensePage" :[""],
"accessModeSufficient" :[""],
"about" :[""],
"rights" :[""],
"relation" :[""],
"qualifiedRelation" :[""],
"qualifiedAttribution" :[""],
"previousVersion" :[""],
"nextVersion" :[""],
"landingPage" :["https://www.emodnet", "biology.eu/portal/index.php?dasid=5994", "", "https://www.emodnet", "biology.eu/toolbox/en/download/occurrence/dataset/5994", "", "http://ipt.naturalsciences.be/resource?r=be_rbins_invertebrates_rotifera", "", "https://obis.org/dataset/29b31b96", "5dfa", "4d7e", "b218", "28126d37999c", "", "http://www.eurobis.org//imis?dasid=5994"],
"isReferencedBy" :[""],
"hasVersion" :[""],
"hasPolicy" :[""],
"hasCurrentVersion" :[""],
"useConstraints" :[""],
"status" :[""],
"spatialRepresentationType" :[""],
"spatialRepresentationInfo" :[""],
"scope" :[""],
"purpose" :[""],
"otherLocale" :[""],
"metadataProfile" :["Flanders Marine Institute (VLIZ)"],
"metadataLinkage" :[""],
"metadataIdentifier" :[""],
"environmentDescription" :[""],
"distributionInfo" :["https://www.emodnet", "biology.eu/portal/index.php?dasid=5994", "https://www.emodnet", "biology.eu/toolbox/en/download/occurrence/dataset/5994", "http://ipt.naturalsciences.be/resource?r=be_rbins_invertebrates_rotifera", "https://obis.org/dataset/29b31b96", "5dfa", "4d7e", "b218", "28126d37999c", "http://www.eurobis.org//imis?dasid=5994"],
"dataQualityInfo" :[""],
"contentInfo" :[""],
"ResearchInfrastructure" :["LifeWatch"],
"EssentialVariables" :["Species distributions", "Species abundances", "Taxonomic/phylogenetic diversity"],
"potentialTopics" :["science", "institute", "natural", "collection", "royal", "specie", "contains", "following", "mostly", "marine", "taxon", "specimen", "included", "class"]
}