{
"description" :["None"],
"identifier" :["https://www.emodnet", "biology.eu/portal/index.php?dasid=5982", "https://www.emodnet", "biology.eu/toolbox/en/download/occurrence/dataset/5982", "http://ipt.naturalsciences.be/resource?r=be_rbins_invertebrates_brachiopoda", "https://obis.org/dataset/bf1eb7ca", "569b", "497f", "9eeb", "46889eb2f781", "http://www.eurobis.org//imis?dasid=5982"],
"keywords" :["Brachiopods"],
"language" :["English"],
"accessibilitySummary" :[""],
"contact" :["Flanders Marine Institute ("],
"version" :[""],
"temporalCoverage" :["1800", "10", "04"],
"publisher" :["Flanders Marine Institute", "VLIZ", "Samyn", "Semal", "Royal Belgian Institute of Natural Sciences Brachiopoda"],
"spatial" :[""],
"license" :[""],
"citation" :["Samyn", "Y.", "Semal", "P. (2020) Royal Belgian Institute of Natural Sciences Brachiopoda collection"],
"genre" :["phylum", "class", "https://www.emodnet", "biology.eu/portal/index.php?dasid=5982", "https://www.emodnet", "biology.eu/toolbox/en/download/occurrence/dataset/5982", "http://ipt.naturalsciences.be/resource?r=be_rbins_invertebrates_brachiopoda", "https://obis.org/dataset/bf1eb7ca", "569b", "497f", "9eeb", "46889eb2f781", "http://www.eurobis.org//imis?dasid=5982"],
"creator" :[""],
"modificationDate" :[""],
"distribution" :["https://www.emodnet", "biology.eu/portal/index.php?dasid=5982", "https://www.emodnet", "biology.eu/toolbox/en/download/occurrence/dataset/5982", "http://ipt.naturalsciences.be/resource?r=be_rbins_invertebrates_brachiopoda", "https://obis.org/dataset/bf1eb7ca", "569b", "497f", "9eeb", "46889eb2f781", "http://www.eurobis.org//imis?dasid=5982"],
"image" :[""],
"thumbnailUrl" :[""],
"headline" :["Samyn", "Y.", "Semal", "P. (2020) Royal Belgian Institute of Natural Sciences Brachiopoda collection"],
"abstract" :["The Royal Belgian Institute of Natural Sciences Brachiopoda collection contains 329 digitised specimens over 30 taxa (mostly species). This dataset only contains the marine species of the collection. The following classes are included: Articulata Huxley", "1869", "Inarticulata Huxley", "1869."],
"theme" :["species"],
"dateCreated" :["1800", "10", "04"],
"creditText" :[""],
"datePublished" :["2021", "03", "11T09:57:47"],
"producer" :[""],
"author" :[""],
"spatialCoverage" :[""],
"url" :["https://metadatacatalogue.lifewatch.eu/srv/api/records/oai:marineinfo.org:id:dataset:5982/formatters/xml?approved=true"],
"sponsor" :[""],
"size" :[""],
"sameAs" :[""],
"publication" :[""],
"provider" :[""],
"position" :[""],
"name" :[""],
"measurementTechnique" :[""],
"material" :[""],
"maintainer" :[""],
"locationCreated" :[""],
"issn" :[""],
"isPartOf" :[""],
"isBasedOn" :[""],
"isAccessibleForFree" :[""],
"includedInDataCatalog" :[""],
"editor" :[""],
"editEIDR" :[""],
"copyrightYear" :[""],
"copyrightNotice" :[""],
"copyrightHolder" :["Flanders Marine Institute", "VLIZ"],
"contributor" :["Flanders Marine Institute", "VLIZ"],
"contentReferenceTime" :[""],
"contentLocation" :[""],
"character" :[""],
"acquireLicensePage" :[""],
"accessModeSufficient" :[""],
"about" :[""],
"rights" :[""],
"relation" :[""],
"qualifiedRelation" :[""],
"qualifiedAttribution" :[""],
"previousVersion" :[""],
"nextVersion" :[""],
"landingPage" :["https://www.emodnet", "biology.eu/portal/index.php?dasid=5982", "", "https://www.emodnet", "biology.eu/toolbox/en/download/occurrence/dataset/5982", "", "http://ipt.naturalsciences.be/resource?r=be_rbins_invertebrates_brachiopoda", "", "https://obis.org/dataset/bf1eb7ca", "569b", "497f", "9eeb", "46889eb2f781", "", "http://www.eurobis.org//imis?dasid=5982"],
"isReferencedBy" :[""],
"hasVersion" :[""],
"hasPolicy" :[""],
"hasCurrentVersion" :[""],
"useConstraints" :[""],
"status" :[""],
"spatialRepresentationType" :[""],
"spatialRepresentationInfo" :[""],
"scope" :[""],
"purpose" :[""],
"otherLocale" :[""],
"metadataProfile" :["Flanders Marine Institute (VLIZ)"],
"metadataLinkage" :[""],
"metadataIdentifier" :[""],
"environmentDescription" :[""],
"distributionInfo" :["https://www.emodnet", "biology.eu/portal/index.php?dasid=5982", "https://www.emodnet", "biology.eu/toolbox/en/download/occurrence/dataset/5982", "http://ipt.naturalsciences.be/resource?r=be_rbins_invertebrates_brachiopoda", "https://obis.org/dataset/bf1eb7ca", "569b", "497f", "9eeb", "46889eb2f781", "http://www.eurobis.org//imis?dasid=5982"],
"dataQualityInfo" :[""],
"contentInfo" :[""],
"ResearchInfrastructure" :["LifeWatch"],
"EssentialVariables" :["Species distributions", "Species abundances", "Taxonomic/phylogenetic diversity"],
"potentialTopics" :["institute", "royal", "collection", "natural", "science", "specie", "contains", "taxon", "mostly", "marine", "included", "specimen", "following", "class"]
}