{
"description" :["None"],
"identifier" :["https://www.emodnet", "biology.eu/portal/index.php?dasid=6210", "https://www.emodnet", "biology.eu/toolbox/en/download/occurrence/dataset/6210", "http://ipt.vliz.be/eurobis/resource?r=iceage_isopods1", "https://obis.org/dataset/cd1f299a", "929a", "4a51", "b59e", "bd5417d65d9c", "http://www.eurobis.org//imis?dasid=6210"],
"keywords" :["Filter feeders"],
"language" :["English"],
"accessibilitySummary" :[""],
"contact" :["Gudmundur"],
"version" :[""],
"temporalCoverage" :["1992", "01", "01"],
"publisher" :["Flanders Marine Institute", "VLIZ", "K.", "Stransky", "Siebert", "A.; Svavarsson", "Marine Data Archive"],
"spatial" :[""],
"license" :[""],
"citation" :["Brix", "S.; Malyutina", "M; Schnurr", "S.", "Riehl", "T.; Kürzel", "K.; Stransky", "B.; Brökeland W.; Eichsteller A.; Siebert", "A.; Svavarsson", "J.; (2019). North Atlantic and Arctic Isopoda sampled during the IceAGE project. Marine Data Archive"],
"genre" :["order", "https://www.emodnet", "biology.eu/portal/index.php?dasid=6210", "https://www.emodnet", "biology.eu/toolbox/en/download/occurrence/dataset/6210", "http://ipt.vliz.be/eurobis/resource?r=iceage_isopods1", "https://obis.org/dataset/cd1f299a", "929a", "4a51", "b59e", "bd5417d65d9c", "http://www.eurobis.org//imis?dasid=6210"],
"creator" :["Jörundur"],
"modificationDate" :[""],
"distribution" :["https://www.emodnet", "biology.eu/portal/index.php?dasid=6210", "https://www.emodnet", "biology.eu/toolbox/en/download/occurrence/dataset/6210", "http://ipt.vliz.be/eurobis/resource?r=iceage_isopods1", "https://obis.org/dataset/cd1f299a", "929a", "4a51", "b59e", "bd5417d65d9c", "http://www.eurobis.org//imis?dasid=6210"],
"image" :[""],
"thumbnailUrl" :[""],
"headline" :["Brix", "S.; Malyutina", "M; Schnurr", "S.", "Riehl", "T.; Kürzel", "K.; Stransky", "B.; Brökeland W.; Eichsteller A.; Siebert", "A.; Svavarsson", "J.; (2019). North Atlantic and Arctic Isopoda sampled during the IceAGE project. Marine Data Archive"],
"abstract" :["The North Atlantic and Arctic Isopoda dataset contains three parts: 1. Distribution records collected from literature; 2. Distribution records of specimens collected by the BIOICE project (Benthic Invertebrates of Icelandic waters 1992", "2004); 3. Distribution records of specimens collected by the IceAGE project (Icelandic marine animals: Genetics and Ecology", "since 2011).This dataset contains distribution data regarding the 3nd group", "isopods occurrences sampled during the IceAGE project"],
"theme" :["species", "organism", "fungi"],
"dateCreated" :["1992", "01", "01"],
"creditText" :[""],
"datePublished" :["2021", "03", "11T09:30:21"],
"producer" :[""],
"author" :[""],
"spatialCoverage" :[""],
"url" :["https://metadatacatalogue.lifewatch.eu/srv/api/records/oai:marineinfo.org:id:dataset:6210/formatters/xml?approved=true"],
"sponsor" :[""],
"size" :[""],
"sameAs" :[""],
"publication" :[""],
"provider" :[""],
"position" :[""],
"name" :[""],
"measurementTechnique" :[""],
"material" :[""],
"maintainer" :[""],
"locationCreated" :[""],
"issn" :[""],
"isPartOf" :[""],
"isBasedOn" :[""],
"isAccessibleForFree" :[""],
"includedInDataCatalog" :[""],
"editor" :[""],
"editEIDR" :[""],
"copyrightYear" :[""],
"copyrightNotice" :[""],
"copyrightHolder" :["Flanders Marine Institute", "VLIZ"],
"contributor" :["Flanders Marine Institute", "VLIZ"],
"contentReferenceTime" :[""],
"contentLocation" :[""],
"character" :[""],
"acquireLicensePage" :[""],
"accessModeSufficient" :[""],
"about" :[""],
"rights" :[""],
"relation" :[""],
"qualifiedRelation" :[""],
"qualifiedAttribution" :[""],
"previousVersion" :[""],
"nextVersion" :[""],
"landingPage" :["https://www.emodnet", "biology.eu/portal/index.php?dasid=6210", "", "https://www.emodnet", "biology.eu/toolbox/en/download/occurrence/dataset/6210", "", "http://ipt.vliz.be/eurobis/resource?r=iceage_isopods1", "", "https://obis.org/dataset/cd1f299a", "929a", "4a51", "b59e", "bd5417d65d9c", "", "http://www.eurobis.org//imis?dasid=6210"],
"isReferencedBy" :[""],
"hasVersion" :[""],
"hasPolicy" :[""],
"hasCurrentVersion" :[""],
"useConstraints" :[""],
"status" :[""],
"spatialRepresentationType" :[""],
"spatialRepresentationInfo" :[""],
"scope" :[""],
"purpose" :[""],
"otherLocale" :[""],
"metadataProfile" :["Flanders Marine Institute (VLIZ)"],
"metadataLinkage" :[""],
"metadataIdentifier" :[""],
"environmentDescription" :[""],
"distributionInfo" :["https://www.emodnet", "biology.eu/portal/index.php?dasid=6210", "https://www.emodnet", "biology.eu/toolbox/en/download/occurrence/dataset/6210", "http://ipt.vliz.be/eurobis/resource?r=iceage_isopods1", "https://obis.org/dataset/cd1f299a", "929a", "4a51", "b59e", "bd5417d65d9c", "http://www.eurobis.org//imis?dasid=6210"],
"dataQualityInfo" :[""],
"contentInfo" :[""],
"ResearchInfrastructure" :["LifeWatch"],
"EssentialVariables" :["Species distributions", "Species abundances", "Taxonomic/phylogenetic diversity", "Ecosystem distribution"],
"potentialTopics" :["distribution", "project", "north", "arctic", "sampled", "collected", "record", "contains", "archive", "marine", "data", "part", "invertebrate", "benthic", "specimen"]
}