{
"description" :["None"],
"identifier" :["http://www.emodnet", "biology.eu/portal/index.php?dasid=674", "https://www.emodnet", "biology.eu/toolbox/en/download/occurrence/dataset/674", "https://www.gbif.org/dataset/83d19780", "f762", "11e1", "a439", "00145eb45e9a", "https://obis.org/dataset/62b1e8fb", "fb6d", "461a", "870c", "a6445815112d", "http://www.eurobis.org//imis?dasid=674"],
"keywords" :["Algae"],
"language" :["English"],
"accessibilitySummary" :[""],
"contact" :[""],
"version" :[""],
"temporalCoverage" :[""],
"publisher" :["https://obis.org/dataset/62b1e8fb", "fb6d", "461a", "870c", "a6445815112d", "http://www.eurobis.org//imis?dasid=674", "Vlaams Instituut voor de Zee", "Flanders Marine Institute", "VLIZ", "dd", "mm", "yyyy"],
"spatial" :["Europe"],
"license" :[""],
"citation" :["MarBEF (2006) MarBEF Publication Series data. Available online on EurOBIS. Consulted on dd", "mm", "yyyy."],
"genre" :["http://www.emodnet", "biology.eu/portal/index.php?dasid=674", "https://www.emodnet", "biology.eu/toolbox/en/download/occurrence/dataset/674", "https://www.gbif.org/dataset/83d19780", "f762", "11e1", "a439", "00145eb45e9a", "https://obis.org/dataset/62b1e8fb", "fb6d", "461a", "870c", "a6445815112d", "http://www.eurobis.org//imis?dasid=674"],
"creator" :["Flanders Marine Institute ("],
"modificationDate" :[""],
"distribution" :["http://www.emodnet", "biology.eu/portal/index.php?dasid=674", "https://www.emodnet", "biology.eu/toolbox/en/download/occurrence/dataset/674", "https://www.gbif.org/dataset/83d19780", "f762", "11e1", "a439", "00145eb45e9a", "https://obis.org/dataset/62b1e8fb", "fb6d", "461a", "870c", "a6445815112d", "http://www.eurobis.org//imis?dasid=674"],
"image" :[""],
"thumbnailUrl" :[""],
"headline" :["MarBEF (2006) MarBEF Publication Series data. Available online on EurOBIS. Consulted on dd", "mm", "yyyy."],
"abstract" :["These data are published in papers held within the MarBEF Publication Series. The MarBEF Data Management team has been screening these papers and provides the distribution data via EurOBIS."],
"theme" :[""],
"dateCreated" :[""],
"creditText" :[""],
"datePublished" :["2021", "03", "11T10:07:58"],
"producer" :[""],
"author" :[""],
"spatialCoverage" :["Europe"],
"url" :["https://metadatacatalogue.lifewatch.eu/srv/api/records/oai:marineinfo.org:id:dataset:674/formatters/xml?approved=true"],
"sponsor" :[""],
"size" :[""],
"sameAs" :[""],
"publication" :[""],
"provider" :[""],
"position" :[""],
"name" :[""],
"measurementTechnique" :[""],
"material" :[""],
"maintainer" :[""],
"locationCreated" :["Europe"],
"issn" :[""],
"isPartOf" :[""],
"isBasedOn" :[""],
"isAccessibleForFree" :[""],
"includedInDataCatalog" :[""],
"editor" :[""],
"editEIDR" :[""],
"copyrightYear" :[""],
"copyrightNotice" :[""],
"copyrightHolder" :["Vlaams Instituut voor de Zee", "Flanders Marine Institute", "VLIZ"],
"contributor" :["Vlaams Instituut voor de Zee", "Flanders Marine Institute", "VLIZ"],
"contentReferenceTime" :[""],
"contentLocation" :[""],
"character" :[""],
"acquireLicensePage" :[""],
"accessModeSufficient" :[""],
"about" :[""],
"rights" :[""],
"relation" :[""],
"qualifiedRelation" :[""],
"qualifiedAttribution" :[""],
"previousVersion" :[""],
"nextVersion" :[""],
"landingPage" :["http://www.emodnet", "biology.eu/portal/index.php?dasid=674", "", "https://www.emodnet", "biology.eu/toolbox/en/download/occurrence/dataset/674", "", "https://www.gbif.org/dataset/83d19780", "f762", "11e1", "a439", "00145eb45e9a", "", "https://obis.org/dataset/62b1e8fb", "fb6d", "461a", "870c", "a6445815112d", "", "http://www.eurobis.org//imis?dasid=674"],
"isReferencedBy" :[""],
"hasVersion" :[""],
"hasPolicy" :[""],
"hasCurrentVersion" :[""],
"useConstraints" :[""],
"status" :[""],
"spatialRepresentationType" :[""],
"spatialRepresentationInfo" :[""],
"scope" :[""],
"purpose" :[""],
"otherLocale" :[""],
"metadataProfile" :["Flanders Marine Institute (VLIZ)"],
"metadataLinkage" :[""],
"metadataIdentifier" :[""],
"environmentDescription" :[""],
"distributionInfo" :["http://www.emodnet", "biology.eu/portal/index.php?dasid=674", "https://www.emodnet", "biology.eu/toolbox/en/download/occurrence/dataset/674", "https://www.gbif.org/dataset/83d19780", "f762", "11e1", "a439", "00145eb45e9a", "https://obis.org/dataset/62b1e8fb", "fb6d", "461a", "870c", "a6445815112d", "http://www.eurobis.org//imis?dasid=674"],
"dataQualityInfo" :[""],
"contentInfo" :[""],
"ResearchInfrastructure" :["LifeWatch"],
"EssentialVariables" :["Species distributions", "Ecosystem distribution"],
"potentialTopics" :["series", "publication", "data", "available", "consulted", "online", "management", "within", "via", "screening", "paper", "published", "held", "distribution", "provides", "team"]
}