{
"description" :["None"],
"identifier" :["https://doi.org/10.15468/tfplam", "http://www.emodnet", "biology.eu/portal/index.php?dasid=4550", "https://www.emodnet", "biology.eu/toolbox/en/download/occurrence/dataset/4550", "http://www.gbif.org/dataset/4704d25f", "7944", "4c1b", "89bb", "ed4a2007085b", "https://obis.org/dataset/165b0831", "9538", "4cad", "85f7", "76ffda03fa3b", "http://www.eurobis.org//imis?dasid=4550"],
"keywords" :[""],
"language" :["English"],
"accessibilitySummary" :[""],
"contact" :["Flanders Marine Institute ("],
"version" :[""],
"temporalCoverage" :[""],
"publisher" :["http://www.emodnet", "biology.eu/portal/index.php?dasid=4550", "Flanders Marine Institute", "VLIZ", "yyyy", "mm", "Oceanographic Center", "Spanish Institute of Oceanography", "Colección de Fauna Marina del Centro Oceanográfico de Málaga"],
"spatial" :[""],
"license" :[""],
"citation" :["Oceanographic Center of Malaga", "Spanish Institute of Oceanography (IEO): Colección de Fauna Marina del Centro Oceanográfico de Málaga (I.E.O.): CFM_IEOMA", "2012", "05", "21. Accessed via http://www.gbif.org/dataset/4704d25f", "7944", "4c1b", "89bb", "ed4a2007085b on yyyy", "mm", "dd https://doi.org/10.15468/tfplam"],
"genre" :["superclass", "https://doi.org/10.15468/tfplam", "http://www.emodnet", "biology.eu/portal/index.php?dasid=4550", "https://www.emodnet", "biology.eu/toolbox/en/download/occurrence/dataset/4550", "http://www.gbif.org/dataset/4704d25f", "7944", "4c1b", "89bb", "ed4a2007085b", "https://obis.org/dataset/165b0831", "9538", "4cad", "85f7", "76ffda03fa3b", "http://www.eurobis.org//imis?dasid=4550"],
"creator" :["Flanders Marine Institute ("],
"modificationDate" :[""],
"distribution" :["https://doi.org/10.15468/tfplam", "http://www.emodnet", "biology.eu/portal/index.php?dasid=4550", "https://www.emodnet", "biology.eu/toolbox/en/download/occurrence/dataset/4550", "http://www.gbif.org/dataset/4704d25f", "7944", "4c1b", "89bb", "ed4a2007085b", "https://obis.org/dataset/165b0831", "9538", "4cad", "85f7", "76ffda03fa3b", "http://www.eurobis.org//imis?dasid=4550"],
"image" :[""],
"thumbnailUrl" :[""],
"headline" :["Oceanographic Center of Malaga", "Spanish Institute of Oceanography (IEO): Colección de Fauna Marina del Centro Oceanográfico de Málaga (I.E.O.): CFM_IEOMA", "2012", "05", "21. Accessed via http://www.gbif.org/dataset/4704d25f", "7944", "4c1b", "89bb", "ed4a2007085b on yyyy", "mm", "dd https://doi.org/10.15468/tfplam"],
"abstract" :["The available data through GBIF.ES represents 5", "10% of the Oceanographic Center of Malaga fauna collection", "Spanish Institute of Oceanography. It is made up of fish captured between 100 and 2000 m depth in Mauritania", "and comprises 246 Teleostei specimens", "i.e. 137 species from 65 families", "some Elasmobranchii", "i.e. 20 species from 6 families", "and one <i>Myxine ios</i> specimen."],
"theme" :["species"],
"dateCreated" :[""],
"creditText" :[""],
"datePublished" :["2021", "03", "11T09:38:30"],
"producer" :[""],
"author" :[""],
"spatialCoverage" :[""],
"url" :["https://metadatacatalogue.lifewatch.eu/srv/api/records/oai:marineinfo.org:id:dataset:4550/formatters/xml?approved=true"],
"sponsor" :[""],
"size" :[""],
"sameAs" :[""],
"publication" :[""],
"provider" :[""],
"position" :[""],
"name" :[""],
"measurementTechnique" :[""],
"material" :[""],
"maintainer" :[""],
"locationCreated" :[""],
"issn" :[""],
"isPartOf" :[""],
"isBasedOn" :[""],
"isAccessibleForFree" :[""],
"includedInDataCatalog" :[""],
"editor" :[""],
"editEIDR" :[""],
"copyrightYear" :[""],
"copyrightNotice" :[""],
"copyrightHolder" :["Flanders Marine Institute", "VLIZ"],
"contributor" :["Flanders Marine Institute", "VLIZ"],
"contentReferenceTime" :[""],
"contentLocation" :[""],
"character" :[""],
"acquireLicensePage" :[""],
"accessModeSufficient" :[""],
"about" :[""],
"rights" :[""],
"relation" :[""],
"qualifiedRelation" :[""],
"qualifiedAttribution" :[""],
"previousVersion" :[""],
"nextVersion" :[""],
"landingPage" :["https://doi.org/10.15468/tfplam", "", "http://www.emodnet", "biology.eu/portal/index.php?dasid=4550", "", "https://www.emodnet", "biology.eu/toolbox/en/download/occurrence/dataset/4550", "", "http://www.gbif.org/dataset/4704d25f", "7944", "4c1b", "89bb", "ed4a2007085b", "", "https://obis.org/dataset/165b0831", "9538", "4cad", "85f7", "76ffda03fa3b", "", "http://www.eurobis.org//imis?dasid=4550"],
"isReferencedBy" :["http://www.gbif.org/dataset/4704d25f", "7944", "4c1b", "89bb", "ed4a2007085b", "https://doi.org/10.15468/tfplam"],
"hasVersion" :[""],
"hasPolicy" :[""],
"hasCurrentVersion" :[""],
"useConstraints" :[""],
"status" :[""],
"spatialRepresentationType" :[""],
"spatialRepresentationInfo" :[""],
"scope" :[""],
"purpose" :[""],
"otherLocale" :[""],
"metadataProfile" :["Flanders Marine Institute (VLIZ)"],
"metadataLinkage" :[""],
"metadataIdentifier" :[""],
"environmentDescription" :[""],
"distributionInfo" :["https://doi.org/10.15468/tfplam", "http://www.emodnet", "biology.eu/portal/index.php?dasid=4550", "https://www.emodnet", "biology.eu/toolbox/en/download/occurrence/dataset/4550", "http://www.gbif.org/dataset/4704d25f", "7944", "4c1b", "89bb", "ed4a2007085b", "https://obis.org/dataset/165b0831", "9538", "4cad", "85f7", "76ffda03fa3b", "http://www.eurobis.org//imis?dasid=4550"],
"dataQualityInfo" :[""],
"contentInfo" :[""],
"ResearchInfrastructure" :["LifeWatch"],
"EssentialVariables" :["Species distributions", "Species abundances", "Physiology", "Taxonomic/phylogenetic diversity"],
"potentialTopics" :["oceanographic", "fauna", "center", "institute", "oceanography", "marina", "del", "accessed", "via", "marine", "collection", "specimen", "family", "specie", "data", "made"]
}