{
"description" :["None"],
"identifier" :["https://doi.org/10.17031/tyhfos", "https://www.emodnet", "biology.eu/portal/index.php?dasid=6186", "https://www.emodnet", "biology.eu/toolbox/en/download/occurrence/dataset/6186", "http://ipt.vliz.be/eurobis/resource?r=DASSHSE00000055", "https://obis.org/dataset/612d0fa9", "74df", "4cef", "9205", "b1a945c55d8b", "http://www.eurobis.org//imis?dasid=6186"],
"keywords" :[""],
"language" :["English"],
"accessibilitySummary" :[""],
"contact" :["Gareth"],
"version" :[""],
"temporalCoverage" :["2017", "10", "23"],
"publisher" :["https://obis.org/dataset/612d0fa9", "74df", "4cef", "9205", "b1a945c55d8b", "Flanders Marine Institute", "VLIZ", "Dataset/Samplingevent", "Agri", "Food and Biosciences Institute", "Belfast Lough", "Marine Biological Association"],
"spatial" :["North Channel"],
"license" :[""],
"citation" :["Agri", "Food and Biosciences Institute (AFBI) (2019): Benthic infaunal abundance and biomass from Belfast Lough dredge disposal monitoring operations 2017 and 2018. v4.2. Marine Biological Association. Dataset/Samplingevent https://doi.org/10.17031/tyhfos"],
"genre" :["class", "class", "class", "class", "class", "https://doi.org/10.17031/tyhfos", "https://www.emodnet", "biology.eu/portal/index.php?dasid=6186", "https://www.emodnet", "biology.eu/toolbox/en/download/occurrence/dataset/6186", "http://ipt.vliz.be/eurobis/resource?r=DASSHSE00000055", "https://obis.org/dataset/612d0fa9", "74df", "4cef", "9205", "b1a945c55d8b", "http://www.eurobis.org//imis?dasid=6186"],
"creator" :["Conor"],
"modificationDate" :[""],
"distribution" :["https://doi.org/10.17031/tyhfos", "https://www.emodnet", "biology.eu/portal/index.php?dasid=6186", "https://www.emodnet", "biology.eu/toolbox/en/download/occurrence/dataset/6186", "http://ipt.vliz.be/eurobis/resource?r=DASSHSE00000055", "https://obis.org/dataset/612d0fa9", "74df", "4cef", "9205", "b1a945c55d8b", "http://www.eurobis.org//imis?dasid=6186"],
"image" :[""],
"thumbnailUrl" :[""],
"headline" :["Agri", "Food and Biosciences Institute (AFBI) (2019): Benthic infaunal abundance and biomass from Belfast Lough dredge disposal monitoring operations 2017 and 2018. v4.2. Marine Biological Association. Dataset/Samplingevent https://doi.org/10.17031/tyhfos"],
"abstract" :["This dataset contains information on benthic infaunal abundance & biomass from sediment grabs off the Copeland Islands in Belfast Lough in late 2017 and early 2018 on the RV Corystes. This survey was carried out to describe the species and seabed habitats within a 0.5NM buffer zone of a dredge disposal site. The survey was carried out pre operation to allow the potential impacts to be investigated. Particle size analysis (PSA) and Carbon & Nitrogen analysis were also carried out on the sediments from the grab samples. All grab samples contained fauna species and sediment classification was carried out on all samples. This dataset also contains information on the SACFOR abundance and associated infaunal habitat in Belfast Lough in late 2017 and early 2018 as part of the post operation survey. This survey was carried out on the RV Corystes using a dropframe fitted with HD video camera", "halogen lights", "strip and point lazers for scaling", "USBL", "GoPro."],
"theme" :["organism", "habitat", "fungi"],
"dateCreated" :["2017", "10", "23"],
"creditText" :[""],
"datePublished" :["2021", "03", "11T09:49:49"],
"producer" :[""],
"author" :[""],
"spatialCoverage" :["North Channel"],
"url" :["https://metadatacatalogue.lifewatch.eu/srv/api/records/oai:marineinfo.org:id:dataset:6186/formatters/xml?approved=true"],
"sponsor" :[""],
"size" :[""],
"sameAs" :[""],
"publication" :[""],
"provider" :[""],
"position" :[""],
"name" :[""],
"measurementTechnique" :[""],
"material" :[""],
"maintainer" :[""],
"locationCreated" :["North Channel"],
"issn" :[""],
"isPartOf" :[""],
"isBasedOn" :[""],
"isAccessibleForFree" :[""],
"includedInDataCatalog" :[""],
"editor" :[""],
"editEIDR" :[""],
"copyrightYear" :[""],
"copyrightNotice" :[""],
"copyrightHolder" :["Flanders Marine Institute", "VLIZ"],
"contributor" :["Flanders Marine Institute", "VLIZ"],
"contentReferenceTime" :[""],
"contentLocation" :[""],
"character" :[""],
"acquireLicensePage" :[""],
"accessModeSufficient" :[""],
"about" :[""],
"rights" :[""],
"relation" :[""],
"qualifiedRelation" :[""],
"qualifiedAttribution" :[""],
"previousVersion" :[""],
"nextVersion" :[""],
"landingPage" :["https://doi.org/10.17031/tyhfos", "", "https://www.emodnet", "biology.eu/portal/index.php?dasid=6186", "", "https://www.emodnet", "biology.eu/toolbox/en/download/occurrence/dataset/6186", "", "http://ipt.vliz.be/eurobis/resource?r=DASSHSE00000055", "", "https://obis.org/dataset/612d0fa9", "74df", "4cef", "9205", "b1a945c55d8b", "", "http://www.eurobis.org//imis?dasid=6186"],
"isReferencedBy" :["https://doi.org/10.17031/tyhfos"],
"hasVersion" :[""],
"hasPolicy" :[""],
"hasCurrentVersion" :[""],
"useConstraints" :[""],
"status" :[""],
"spatialRepresentationType" :[""],
"spatialRepresentationInfo" :[""],
"scope" :[""],
"purpose" :[""],
"otherLocale" :[""],
"metadataProfile" :["Flanders Marine Institute (VLIZ)"],
"metadataLinkage" :[""],
"metadataIdentifier" :[""],
"environmentDescription" :[""],
"distributionInfo" :["https://doi.org/10.17031/tyhfos", "https://www.emodnet", "biology.eu/portal/index.php?dasid=6186", "https://www.emodnet", "biology.eu/toolbox/en/download/occurrence/dataset/6186", "http://ipt.vliz.be/eurobis/resource?r=DASSHSE00000055", "https://obis.org/dataset/612d0fa9", "74df", "4cef", "9205", "b1a945c55d8b", "http://www.eurobis.org//imis?dasid=6186"],
"dataQualityInfo" :[""],
"contentInfo" :[""],
"ResearchInfrastructure" :["LifeWatch"],
"EssentialVariables" :["Phenology", "Community abundance", "Ecosystem phenology"],
"potentialTopics" :["carried", "survey", "sample", "grab", "sediment", "habitat", "information", "contains", "early", "analysis", "operation", "lough", "disposal", "benthic", "abundance", "monitoring", "biomass", "dredge"]
}