{
"description" :["None"],
"identifier" :["http://www.emodnet", "biology.eu/portal/index.php?dasid=2755", "https://www.emodnet", "biology.eu/toolbox/en/download/occurrence/dataset/2755", "http://iodp.tamu.edu/janusweb/general/dbtable.cgi?subset=DSDP", "https://obis.org/dataset/38535a43", "2982", "4479", "88c1", "8303f7ee8665", "http://www.eurobis.org//imis?dasid=2755"],
"keywords" :[""],
"language" :["English"],
"accessibilitySummary" :[""],
"contact" :["Flanders Marine Institute ("],
"version" :[""],
"temporalCoverage" :[""],
"publisher" :["http://www.eurobis.org//imis?dasid=2755", "Flanders Marine Institute", "VLIZ"],
"spatial" :[""],
"license" :[""],
"citation" :["None"],
"genre" :["http://www.emodnet", "biology.eu/portal/index.php?dasid=2755", "https://www.emodnet", "biology.eu/toolbox/en/download/occurrence/dataset/2755", "http://iodp.tamu.edu/janusweb/general/dbtable.cgi?subset=DSDP", "https://obis.org/dataset/38535a43", "2982", "4479", "88c1", "8303f7ee8665", "http://www.eurobis.org//imis?dasid=2755"],
"creator" :["Flanders Marine Institute ("],
"modificationDate" :[""],
"distribution" :["http://www.emodnet", "biology.eu/portal/index.php?dasid=2755", "https://www.emodnet", "biology.eu/toolbox/en/download/occurrence/dataset/2755", "http://iodp.tamu.edu/janusweb/general/dbtable.cgi?subset=DSDP", "https://obis.org/dataset/38535a43", "2982", "4479", "88c1", "8303f7ee8665", "http://www.eurobis.org//imis?dasid=2755"],
"image" :[""],
"thumbnailUrl" :[""],
"headline" :["None"],
"abstract" :["The Deep Sea Drilling Project (DSDP) was the first of three international scientific ocean drilling programs that have operated over more than 40 years.DSDP data are available online from the (NGDC) and the IODP online database."],
"theme" :[""],
"dateCreated" :[""],
"creditText" :[""],
"datePublished" :["2021", "03", "11T09:40:36"],
"producer" :[""],
"author" :[""],
"spatialCoverage" :[""],
"url" :["https://metadatacatalogue.lifewatch.eu/srv/api/records/oai:marineinfo.org:id:dataset:2755/formatters/xml?approved=true"],
"sponsor" :[""],
"size" :[""],
"sameAs" :[""],
"publication" :[""],
"provider" :[""],
"position" :[""],
"name" :[""],
"measurementTechnique" :[""],
"material" :[""],
"maintainer" :[""],
"locationCreated" :[""],
"issn" :[""],
"isPartOf" :[""],
"isBasedOn" :[""],
"isAccessibleForFree" :[""],
"includedInDataCatalog" :[""],
"editor" :[""],
"editEIDR" :[""],
"copyrightYear" :[""],
"copyrightNotice" :[""],
"copyrightHolder" :["Flanders Marine Institute", "VLIZ"],
"contributor" :["Flanders Marine Institute", "VLIZ"],
"contentReferenceTime" :[""],
"contentLocation" :[""],
"character" :[""],
"acquireLicensePage" :[""],
"accessModeSufficient" :[""],
"about" :[""],
"rights" :[""],
"relation" :[""],
"qualifiedRelation" :[""],
"qualifiedAttribution" :[""],
"previousVersion" :[""],
"nextVersion" :[""],
"landingPage" :["http://www.emodnet", "biology.eu/portal/index.php?dasid=2755", "", "https://www.emodnet", "biology.eu/toolbox/en/download/occurrence/dataset/2755", "", "http://iodp.tamu.edu/janusweb/general/dbtable.cgi?subset=DSDP", "", "https://obis.org/dataset/38535a43", "2982", "4479", "88c1", "8303f7ee8665", "", "http://www.eurobis.org//imis?dasid=2755"],
"isReferencedBy" :[""],
"hasVersion" :[""],
"hasPolicy" :[""],
"hasCurrentVersion" :[""],
"useConstraints" :[""],
"status" :[""],
"spatialRepresentationType" :[""],
"spatialRepresentationInfo" :[""],
"scope" :[""],
"purpose" :[""],
"otherLocale" :[""],
"metadataProfile" :["Flanders Marine Institute (VLIZ)"],
"metadataLinkage" :[""],
"metadataIdentifier" :[""],
"environmentDescription" :[""],
"distributionInfo" :["http://www.emodnet", "biology.eu/portal/index.php?dasid=2755", "https://www.emodnet", "biology.eu/toolbox/en/download/occurrence/dataset/2755", "http://iodp.tamu.edu/janusweb/general/dbtable.cgi?subset=DSDP", "https://obis.org/dataset/38535a43", "2982", "4479", "88c1", "8303f7ee8665", "http://www.eurobis.org//imis?dasid=2755"],
"dataQualityInfo" :[""],
"contentInfo" :[""],
"ResearchInfrastructure" :["LifeWatch"],
"EssentialVariables" :[""],
"potentialTopics" :["none", "deep", "data", "drilling", "project", "sea", "ocean", "international", "program", "database", "online", "available", "first", "scientific", "three", "operated"]
}