{
"description" :["None"],
"identifier" :["http://www.emodnet", "biology.eu/portal/index.php?dasid=626", "https://www.emodnet", "biology.eu/toolbox/en/download/occurrence/dataset/626", "https://obis.org/dataset/bc8b3f91", "ac83", "40a0", "aac5", "bcd20a40aba5", "http://www.eurobis.org//imis?dasid=626"],
"keywords" :[""],
"language" :["English"],
"accessibilitySummary" :[""],
"contact" :["Alexei"],
"version" :[""],
"temporalCoverage" :["1985", "05", "01"],
"publisher" :["http://www.eurobis.org//imis?dasid=626", "Flanders Marine Institute", "VLIZ", "Petrov A. & N. Revkov", "Sevastopol", "Institute of Biology"],
"spatial" :["Eastern coast", "Crimea"],
"license" :[""],
"citation" :["Petrov A. & N. Revkov", "1986: MegFeod", "Black Sea dataset IBSS", "Sevastopol. Institute of Biology of the Southern Seas (IBSS)", "Ukraine"],
"genre" :["phylum", "class", "class", "subphylum", "phylum", "phylum", "phylum", "http://www.emodnet", "biology.eu/portal/index.php?dasid=626", "https://www.emodnet", "biology.eu/toolbox/en/download/occurrence/dataset/626", "https://obis.org/dataset/bc8b3f91", "ac83", "40a0", "aac5", "bcd20a40aba5", "http://www.eurobis.org//imis?dasid=626"],
"creator" :["Nikolai"],
"modificationDate" :[""],
"distribution" :["http://www.emodnet", "biology.eu/portal/index.php?dasid=626", "https://www.emodnet", "biology.eu/toolbox/en/download/occurrence/dataset/626", "https://obis.org/dataset/bc8b3f91", "ac83", "40a0", "aac5", "bcd20a40aba5", "http://www.eurobis.org//imis?dasid=626"],
"image" :[""],
"thumbnailUrl" :[""],
"headline" :["Petrov A. & N. Revkov", "1986: MegFeod", "Black Sea dataset IBSS", "Sevastopol. Institute of Biology of the Southern Seas (IBSS)", "Ukraine"],
"abstract" :["The original dataset objective was to execute a comparative investigation of macrozoobenthic assemblages structure and spatial patterns along the coast of south", "eastern Crimea"],
"theme" :[""],
"dateCreated" :["1985", "05", "01"],
"creditText" :[""],
"datePublished" :["2021", "03", "11T10:02:55"],
"producer" :[""],
"author" :[""],
"spatialCoverage" :["Eastern coast", "Crimea"],
"url" :["https://metadatacatalogue.lifewatch.eu/srv/api/records/oai:marineinfo.org:id:dataset:626/formatters/xml?approved=true"],
"sponsor" :[""],
"size" :[""],
"sameAs" :[""],
"publication" :[""],
"provider" :[""],
"position" :[""],
"name" :[""],
"measurementTechnique" :[""],
"material" :[""],
"maintainer" :[""],
"locationCreated" :["Eastern coast", "Crimea"],
"issn" :[""],
"isPartOf" :[""],
"isBasedOn" :[""],
"isAccessibleForFree" :[""],
"includedInDataCatalog" :[""],
"editor" :[""],
"editEIDR" :[""],
"copyrightYear" :[""],
"copyrightNotice" :[""],
"copyrightHolder" :["Flanders Marine Institute", "VLIZ"],
"contributor" :["Flanders Marine Institute", "VLIZ"],
"contentReferenceTime" :[""],
"contentLocation" :[""],
"character" :[""],
"acquireLicensePage" :[""],
"accessModeSufficient" :[""],
"about" :[""],
"rights" :[""],
"relation" :[""],
"qualifiedRelation" :[""],
"qualifiedAttribution" :[""],
"previousVersion" :[""],
"nextVersion" :[""],
"landingPage" :["http://www.emodnet", "biology.eu/portal/index.php?dasid=626", "", "https://www.emodnet", "biology.eu/toolbox/en/download/occurrence/dataset/626", "", "https://obis.org/dataset/bc8b3f91", "ac83", "40a0", "aac5", "bcd20a40aba5", "", "http://www.eurobis.org//imis?dasid=626"],
"isReferencedBy" :[""],
"hasVersion" :[""],
"hasPolicy" :[""],
"hasCurrentVersion" :[""],
"useConstraints" :[""],
"status" :[""],
"spatialRepresentationType" :[""],
"spatialRepresentationInfo" :[""],
"scope" :[""],
"purpose" :[""],
"otherLocale" :[""],
"metadataProfile" :["Flanders Marine Institute (VLIZ)"],
"metadataLinkage" :[""],
"metadataIdentifier" :[""],
"environmentDescription" :[""],
"distributionInfo" :["http://www.emodnet", "biology.eu/portal/index.php?dasid=626", "https://www.emodnet", "biology.eu/toolbox/en/download/occurrence/dataset/626", "https://obis.org/dataset/bc8b3f91", "ac83", "40a0", "aac5", "bcd20a40aba5", "http://www.eurobis.org//imis?dasid=626"],
"dataQualityInfo" :[""],
"contentInfo" :[""],
"ResearchInfrastructure" :["LifeWatch"],
"EssentialVariables" :["Physiology"],
"potentialTopics" :["investigation", "original", "comparative", "spatial", "objective", "execute", "pattern", "along", "coast", "southeastern", "sea", "biology", "southern", "institute", "structure", "assemblage"]
}