{
"description" :["None"],
"identifier" :["http://www.emodnet", "biology.eu/portal/index.php?dasid=2826", "https://www.emodnet", "biology.eu/toolbox/en/download/occurrence/dataset/2826", "https://obis.org/dataset/b1c9cbdc", "a72e", "4fee", "80a0", "0ce9f9d03336", "http://seamap.env.duke.edu/datasets/detail/726", "http://www.eurobis.org//imis?dasid=2826"],
"keywords" :[""],
"language" :["English"],
"accessibilitySummary" :[""],
"contact" :["Cristina"],
"version" :[""],
"temporalCoverage" :["2007", "01", "01"],
"publisher" :["Flanders Marine Institute", "VLIZ"],
"spatial" :["Portugal"],
"license" :[""],
"citation" :["None"],
"genre" :["infraorder", "http://www.emodnet", "biology.eu/portal/index.php?dasid=2826", "https://www.emodnet", "biology.eu/toolbox/en/download/occurrence/dataset/2826", "https://obis.org/dataset/b1c9cbdc", "a72e", "4fee", "80a0", "0ce9f9d03336", "http://seamap.env.duke.edu/datasets/detail/726", "http://www.eurobis.org//imis?dasid=2826"],
"creator" :["Flanders Marine Institute ("],
"modificationDate" :[""],
"distribution" :["http://www.emodnet", "biology.eu/portal/index.php?dasid=2826", "https://www.emodnet", "biology.eu/toolbox/en/download/occurrence/dataset/2826", "https://obis.org/dataset/b1c9cbdc", "a72e", "4fee", "80a0", "0ce9f9d03336", "http://seamap.env.duke.edu/datasets/detail/726", "http://www.eurobis.org//imis?dasid=2826"],
"image" :[""],
"thumbnailUrl" :[""],
"headline" :["None"],
"abstract" :["This dataset contains only the boat", "based sightings of cetaceans off Mainland Portugal."],
"theme" :[""],
"dateCreated" :["2007", "01", "01"],
"creditText" :[""],
"datePublished" :["2021", "03", "11T09:50:12"],
"producer" :[""],
"author" :[""],
"spatialCoverage" :["Portugal"],
"url" :["https://metadatacatalogue.lifewatch.eu/srv/api/records/oai:marineinfo.org:id:dataset:2826/formatters/xml?approved=true"],
"sponsor" :[""],
"size" :[""],
"sameAs" :[""],
"publication" :[""],
"provider" :[""],
"position" :[""],
"name" :[""],
"measurementTechnique" :[""],
"material" :[""],
"maintainer" :[""],
"locationCreated" :["Portugal"],
"issn" :[""],
"isPartOf" :[""],
"isBasedOn" :[""],
"isAccessibleForFree" :[""],
"includedInDataCatalog" :[""],
"editor" :[""],
"editEIDR" :[""],
"copyrightYear" :[""],
"copyrightNotice" :[""],
"copyrightHolder" :["Flanders Marine Institute", "VLIZ"],
"contributor" :["Flanders Marine Institute", "VLIZ"],
"contentReferenceTime" :[""],
"contentLocation" :[""],
"character" :[""],
"acquireLicensePage" :[""],
"accessModeSufficient" :[""],
"about" :[""],
"rights" :[""],
"relation" :[""],
"qualifiedRelation" :[""],
"qualifiedAttribution" :[""],
"previousVersion" :[""],
"nextVersion" :[""],
"landingPage" :["http://www.emodnet", "biology.eu/portal/index.php?dasid=2826", "", "https://www.emodnet", "biology.eu/toolbox/en/download/occurrence/dataset/2826", "", "https://obis.org/dataset/b1c9cbdc", "a72e", "4fee", "80a0", "0ce9f9d03336", "", "http://seamap.env.duke.edu/datasets/detail/726", "", "http://www.eurobis.org//imis?dasid=2826"],
"isReferencedBy" :[""],
"hasVersion" :[""],
"hasPolicy" :[""],
"hasCurrentVersion" :[""],
"useConstraints" :[""],
"status" :[""],
"spatialRepresentationType" :[""],
"spatialRepresentationInfo" :[""],
"scope" :[""],
"purpose" :[""],
"otherLocale" :[""],
"metadataProfile" :["Flanders Marine Institute (VLIZ)"],
"metadataLinkage" :[""],
"metadataIdentifier" :[""],
"environmentDescription" :[""],
"distributionInfo" :["http://www.emodnet", "biology.eu/portal/index.php?dasid=2826", "https://www.emodnet", "biology.eu/toolbox/en/download/occurrence/dataset/2826", "https://obis.org/dataset/b1c9cbdc", "a72e", "4fee", "80a0", "0ce9f9d03336", "http://seamap.env.duke.edu/datasets/detail/726", "http://www.eurobis.org//imis?dasid=2826"],
"dataQualityInfo" :[""],
"contentInfo" :[""],
"ResearchInfrastructure" :["LifeWatch"],
"EssentialVariables" :[""],
"potentialTopics" :["central", "occurrence", "cetacean", "west", "coast", "survey", "none", "sighting", "contains", "mainland"]
}