{
"description" :["None"],
"identifier" :["https://doi.org/10.6092/gtc1", "bp60", "http://www.emodnet", "biology.eu/portal/index.php?dasid=6137", "http://www.emodnet", "biology.eu/toolbox/en/download/occurrence/dataset/6137", "http://nodc.ogs.trieste.it/ipt/resource?r=macrobenthosritmare", "podelta", "https://obis.org/dataset/9df9e620", "d008", "4cd2", "82d6", "aecc6af23644", "http://www.eurobis.org//imis?dasid=6137"],
"keywords" :[""],
"language" :["English"],
"accessibilitySummary" :[""],
"contact" :[""],
"version" :[""],
"temporalCoverage" :["2014", "12", "16"],
"publisher" :["Flanders Marine Institute", "VLIZ", "Auriemma R.", "Macrobenthos", "OGS", "Istituto Nazionale di Oceanografia e di Geofisica Sperimentale", "Division of Oceanography"],
"spatial" :["Italy"],
"license" :[""],
"citation" :["Nasi F.", "Auriemma R.", "& Cibic T. (2018): Macrobenthos collected in the Po River Delta", "North Adriatic Sea (RITMARE Project) in December 2014. OGS (Istituto Nazionale di Oceanografia e di Geofisica Sperimentale)", "Division of Oceanography. Italy. https://doi.org/10.6092/gtc1", "bp60"],
"genre" :["https://doi.org/10.6092/gtc1", "bp60", "http://www.emodnet", "biology.eu/portal/index.php?dasid=6137", "http://www.emodnet", "biology.eu/toolbox/en/download/occurrence/dataset/6137", "http://nodc.ogs.trieste.it/ipt/resource?r=macrobenthosritmare", "podelta", "https://obis.org/dataset/9df9e620", "d008", "4cd2", "82d6", "aecc6af23644", "http://www.eurobis.org//imis?dasid=6137"],
"creator" :[""],
"modificationDate" :[""],
"distribution" :["https://doi.org/10.6092/gtc1", "bp60", "http://www.emodnet", "biology.eu/portal/index.php?dasid=6137", "http://www.emodnet", "biology.eu/toolbox/en/download/occurrence/dataset/6137", "http://nodc.ogs.trieste.it/ipt/resource?r=macrobenthosritmare", "podelta", "https://obis.org/dataset/9df9e620", "d008", "4cd2", "82d6", "aecc6af23644", "http://www.eurobis.org//imis?dasid=6137"],
"image" :[""],
"thumbnailUrl" :[""],
"headline" :["Nasi F.", "Auriemma R.", "& Cibic T. (2018): Macrobenthos collected in the Po River Delta", "North Adriatic Sea (RITMARE Project) in December 2014. OGS (Istituto Nazionale di Oceanografia e di Geofisica Sperimentale)", "Division of Oceanography. Italy. https://doi.org/10.6092/gtc1", "bp60"],
"abstract" :["Macrobenthos collected in the Po Delta", "North Adriatic Sea in the framework of the Italian Flagship Project RITMARE in December 2014."],
"theme" :[""],
"dateCreated" :["2014", "12", "16"],
"creditText" :[""],
"datePublished" :["2021", "03", "11T09:46:58"],
"producer" :[""],
"author" :[""],
"spatialCoverage" :["Italy"],
"url" :["https://metadatacatalogue.lifewatch.eu/srv/api/records/oai:marineinfo.org:id:dataset:6137/formatters/xml?approved=true"],
"sponsor" :[""],
"size" :[""],
"sameAs" :[""],
"publication" :[""],
"provider" :[""],
"position" :[""],
"name" :[""],
"measurementTechnique" :[""],
"material" :[""],
"maintainer" :[""],
"locationCreated" :["Italy"],
"issn" :[""],
"isPartOf" :[""],
"isBasedOn" :[""],
"isAccessibleForFree" :[""],
"includedInDataCatalog" :[""],
"editor" :[""],
"editEIDR" :[""],
"copyrightYear" :[""],
"copyrightNotice" :[""],
"copyrightHolder" :["Flanders Marine Institute", "VLIZ"],
"contributor" :["Flanders Marine Institute", "VLIZ"],
"contentReferenceTime" :[""],
"contentLocation" :[""],
"character" :[""],
"acquireLicensePage" :[""],
"accessModeSufficient" :[""],
"about" :[""],
"rights" :[""],
"relation" :[""],
"qualifiedRelation" :[""],
"qualifiedAttribution" :[""],
"previousVersion" :[""],
"nextVersion" :[""],
"landingPage" :["https://doi.org/10.6092/gtc1", "bp60", "", "http://www.emodnet", "biology.eu/portal/index.php?dasid=6137", "", "http://www.emodnet", "biology.eu/toolbox/en/download/occurrence/dataset/6137", "", "http://nodc.ogs.trieste.it/ipt/resource?r=macrobenthosritmare", "podelta", "", "https://obis.org/dataset/9df9e620", "d008", "4cd2", "82d6", "aecc6af23644", "", "http://www.eurobis.org//imis?dasid=6137"],
"isReferencedBy" :["https://doi.org/10.6092/gtc1", "bp60"],
"hasVersion" :[""],
"hasPolicy" :[""],
"hasCurrentVersion" :[""],
"useConstraints" :[""],
"status" :[""],
"spatialRepresentationType" :[""],
"spatialRepresentationInfo" :[""],
"scope" :[""],
"purpose" :[""],
"otherLocale" :[""],
"metadataProfile" :["Flanders Marine Institute (VLIZ)"],
"metadataLinkage" :[""],
"metadataIdentifier" :[""],
"environmentDescription" :[""],
"distributionInfo" :["https://doi.org/10.6092/gtc1", "bp60", "http://www.emodnet", "biology.eu/portal/index.php?dasid=6137", "http://www.emodnet", "biology.eu/toolbox/en/download/occurrence/dataset/6137", "http://nodc.ogs.trieste.it/ipt/resource?r=macrobenthosritmare", "podelta", "https://obis.org/dataset/9df9e620", "d008", "4cd2", "82d6", "aecc6af23644", "http://www.eurobis.org//imis?dasid=6137"],
"dataQualityInfo" :[""],
"contentInfo" :[""],
"ResearchInfrastructure" :["LifeWatch"],
"EssentialVariables" :["Physiology"],
"potentialTopics" :["project", "delta", "north", "sea", "collected", "river", "oceanography", "division", "flagship", "framework"]
}