{
"description" :["None"],
"identifier" :["http://www.emodnet", "biology.eu/portal/index.php?dasid=2741", "https://www.emodnet", "biology.eu/toolbox/en/download/occurrence/dataset/2741", "https://obis.org/dataset/ed985d06", "bb86", "4737", "8ade", "197837b0af24", "http://www.eurobis.org//imis?dasid=2741"],
"keywords" :[""],
"language" :["English"],
"accessibilitySummary" :[""],
"contact" :["Flanders Marine Institute ("],
"version" :[""],
"temporalCoverage" :["1953", "01", "01"],
"publisher" :["Columbia University", "Lamont", "Doherty Earth Observatory", "Flanders Marine Institute"],
"spatial" :[""],
"license" :[""],
"citation" :["None"],
"genre" :["http://www.emodnet", "biology.eu/portal/index.php?dasid=2741", "https://www.emodnet", "biology.eu/toolbox/en/download/occurrence/dataset/2741", "https://obis.org/dataset/ed985d06", "bb86", "4737", "8ade", "197837b0af24", "http://www.eurobis.org//imis?dasid=2741"],
"creator" :["Columbia University", "Lamont", "Doherty Earth Observatory"],
"modificationDate" :[""],
"distribution" :["http://www.emodnet", "biology.eu/portal/index.php?dasid=2741", "https://www.emodnet", "biology.eu/toolbox/en/download/occurrence/dataset/2741", "https://obis.org/dataset/ed985d06", "bb86", "4737", "8ade", "197837b0af24", "http://www.eurobis.org//imis?dasid=2741"],
"image" :[""],
"thumbnailUrl" :[""],
"headline" :["None"],
"abstract" :["This dataset contains data compiled by the Lamont", "Doherty Earth Observatory", "Colombia University. These data are derived from PANGAEA."],
"theme" :[""],
"dateCreated" :["1953", "01", "01"],
"creditText" :[""],
"datePublished" :["2021", "03", "11T09:42:36"],
"producer" :[""],
"author" :[""],
"spatialCoverage" :[""],
"url" :["https://metadatacatalogue.lifewatch.eu/srv/api/records/oai:marineinfo.org:id:dataset:2741/formatters/xml?approved=true"],
"sponsor" :[""],
"size" :[""],
"sameAs" :[""],
"publication" :[""],
"provider" :[""],
"position" :[""],
"name" :[""],
"measurementTechnique" :[""],
"material" :[""],
"maintainer" :[""],
"locationCreated" :["US"],
"issn" :[""],
"isPartOf" :[""],
"isBasedOn" :[""],
"isAccessibleForFree" :[""],
"includedInDataCatalog" :[""],
"editor" :[""],
"editEIDR" :[""],
"copyrightYear" :[""],
"copyrightNotice" :[""],
"copyrightHolder" :["Columbia University", "Lamont", "Doherty Earth Observatory", "Flanders Marine Institute"],
"contributor" :["Columbia University", "Lamont", "Doherty Earth Observatory", "Flanders Marine Institute"],
"contentReferenceTime" :[""],
"contentLocation" :["US"],
"character" :[""],
"acquireLicensePage" :[""],
"accessModeSufficient" :[""],
"about" :[""],
"rights" :[""],
"relation" :[""],
"qualifiedRelation" :[""],
"qualifiedAttribution" :[""],
"previousVersion" :[""],
"nextVersion" :[""],
"landingPage" :["http://www.emodnet", "biology.eu/portal/index.php?dasid=2741", "", "https://www.emodnet", "biology.eu/toolbox/en/download/occurrence/dataset/2741", "", "https://obis.org/dataset/ed985d06", "bb86", "4737", "8ade", "197837b0af24", "", "http://www.eurobis.org//imis?dasid=2741"],
"isReferencedBy" :[""],
"hasVersion" :[""],
"hasPolicy" :[""],
"hasCurrentVersion" :[""],
"useConstraints" :[""],
"status" :[""],
"spatialRepresentationType" :[""],
"spatialRepresentationInfo" :[""],
"scope" :[""],
"purpose" :[""],
"otherLocale" :[""],
"metadataProfile" :["Flanders Marine Institute (VLIZ)"],
"metadataLinkage" :[""],
"metadataIdentifier" :[""],
"environmentDescription" :[""],
"distributionInfo" :["http://www.emodnet", "biology.eu/portal/index.php?dasid=2741", "https://www.emodnet", "biology.eu/toolbox/en/download/occurrence/dataset/2741", "https://obis.org/dataset/ed985d06", "bb86", "4737", "8ade", "197837b0af24", "http://www.eurobis.org//imis?dasid=2741"],
"dataQualityInfo" :[""],
"contentInfo" :[""],
"ResearchInfrastructure" :["LifeWatch"],
"EssentialVariables" :[""],
"potentialTopics" :["data", "derived", "compiled", "contains", "none", "observatory", "earth", "university"]
}