{
"description" :["None"],
"identifier" :["http://seamap.env.duke.edu/dataset/877", "http://www.emodnet", "biology.eu/portal/index.php?dasid=3277", "https://www.emodnet", "biology.eu/toolbox/en/download/occurrence/dataset/3277", "http://ipt.env.duke.edu/resource.do?r=zd_877", "https://obis.org/dataset/fe0652c6", "1899", "49b5", "a013", "5aa94b45813f", "http://www.eurobis.org//imis?dasid=3277"],
"keywords" :[""],
"language" :["English"],
"accessibilitySummary" :[""],
"contact" :["Matthew"],
"version" :[""],
"temporalCoverage" :["1990", "02", "08"],
"publisher" :["https://www.emodnet", "biology.eu/toolbox/en/download/occurrence/dataset/3277", "Flanders Marine Institute", "VLIZ"],
"spatial" :["North East Atlantic"],
"license" :[""],
"citation" :["None"],
"genre" :["species", "species", "http://seamap.env.duke.edu/dataset/877", "http://www.emodnet", "biology.eu/portal/index.php?dasid=3277", "https://www.emodnet", "biology.eu/toolbox/en/download/occurrence/dataset/3277", "http://ipt.env.duke.edu/resource.do?r=zd_877", "https://obis.org/dataset/fe0652c6", "1899", "49b5", "a013", "5aa94b45813f", "http://www.eurobis.org//imis?dasid=3277"],
"creator" :["Matthew"],
"modificationDate" :[""],
"distribution" :["http://seamap.env.duke.edu/dataset/877", "http://www.emodnet", "biology.eu/portal/index.php?dasid=3277", "https://www.emodnet", "biology.eu/toolbox/en/download/occurrence/dataset/3277", "http://ipt.env.duke.edu/resource.do?r=zd_877", "https://obis.org/dataset/fe0652c6", "1899", "49b5", "a013", "5aa94b45813f", "http://www.eurobis.org//imis?dasid=3277"],
"image" :[""],
"thumbnailUrl" :[""],
"headline" :["None"],
"abstract" :["Dataset of marine turtle sightings", "strandings and captures occurring in French waters from 1990 to 2003."],
"theme" :[""],
"dateCreated" :["1990", "02", "08"],
"creditText" :[""],
"datePublished" :["2021", "03", "11T09:53:06"],
"producer" :[""],
"author" :[""],
"spatialCoverage" :["North East Atlantic"],
"url" :["https://metadatacatalogue.lifewatch.eu/srv/api/records/oai:marineinfo.org:id:dataset:3277/formatters/xml?approved=true"],
"sponsor" :[""],
"size" :[""],
"sameAs" :[""],
"publication" :[""],
"provider" :[""],
"position" :[""],
"name" :[""],
"measurementTechnique" :[""],
"material" :[""],
"maintainer" :[""],
"locationCreated" :["North East Atlantic"],
"issn" :[""],
"isPartOf" :[""],
"isBasedOn" :[""],
"isAccessibleForFree" :[""],
"includedInDataCatalog" :[""],
"editor" :[""],
"editEIDR" :[""],
"copyrightYear" :[""],
"copyrightNotice" :[""],
"copyrightHolder" :["Flanders Marine Institute", "VLIZ"],
"contributor" :["Flanders Marine Institute", "VLIZ"],
"contentReferenceTime" :[""],
"contentLocation" :[""],
"character" :[""],
"acquireLicensePage" :[""],
"accessModeSufficient" :[""],
"about" :[""],
"rights" :[""],
"relation" :[""],
"qualifiedRelation" :[""],
"qualifiedAttribution" :[""],
"previousVersion" :[""],
"nextVersion" :[""],
"landingPage" :["http://seamap.env.duke.edu/dataset/877", "", "http://www.emodnet", "biology.eu/portal/index.php?dasid=3277", "", "https://www.emodnet", "biology.eu/toolbox/en/download/occurrence/dataset/3277", "", "http://ipt.env.duke.edu/resource.do?r=zd_877", "", "https://obis.org/dataset/fe0652c6", "1899", "49b5", "a013", "5aa94b45813f", "", "http://www.eurobis.org//imis?dasid=3277"],
"isReferencedBy" :[""],
"hasVersion" :[""],
"hasPolicy" :[""],
"hasCurrentVersion" :[""],
"useConstraints" :[""],
"status" :[""],
"spatialRepresentationType" :[""],
"spatialRepresentationInfo" :[""],
"scope" :[""],
"purpose" :[""],
"otherLocale" :[""],
"metadataProfile" :["Flanders Marine Institute (VLIZ)"],
"metadataLinkage" :[""],
"metadataIdentifier" :[""],
"environmentDescription" :[""],
"distributionInfo" :["http://seamap.env.duke.edu/dataset/877", "http://www.emodnet", "biology.eu/portal/index.php?dasid=3277", "https://www.emodnet", "biology.eu/toolbox/en/download/occurrence/dataset/3277", "http://ipt.env.duke.edu/resource.do?r=zd_877", "https://obis.org/dataset/fe0652c6", "1899", "49b5", "a013", "5aa94b45813f", "http://www.eurobis.org//imis?dasid=3277"],
"dataQualityInfo" :[""],
"contentInfo" :[""],
"ResearchInfrastructure" :["LifeWatch"],
"EssentialVariables" :[""],
"potentialTopics" :["occurring", "french", "turtle", "capture", "marine", "sighting", "water", "none"]
}