{
"description" :["None"],
"identifier" :["http://www.seaturtle.org/tracking/index.shtml?project_id=1143", "http://www.emodnet", "biology.eu/portal/index.php?dasid=5377", "https://www.emodnet", "biology.eu/toolbox/en/download/occurrence/dataset/5377", "http://ipt.env.duke.edu/resource.do?r=zd_1314_1deg", "https://obis.org/dataset/56ac6ba0", "e7b7", "4526", "91cc", "5f957fad1c1d", "http://seamap.env.duke.edu/dataset/1314", "http://www.eurobis.org//imis?dasid=5377"],
"keywords" :["Juveniles"],
"language" :["English"],
"accessibilitySummary" :[""],
"contact" :["Eduardo"],
"version" :[""],
"temporalCoverage" :["2015", "09", "15"],
"publisher" :["http://www.emodnet", "biology.eu/portal/index.php?dasid=5377", "https://obis.org/dataset/56ac6ba0", "e7b7", "4526", "91cc", "5f957fad1c1d", "Flanders Marine Institute", "VLIZ", "Belda E.", "yyyy", "mm"],
"spatial" :["Mediterranean"],
"license" :[""],
"citation" :["Belda E. 2016. Tracking loggerheads from spanish nests. Data downloaded from OBIS", "SEAMAP (http://seamap.env.duke.edu/dataset/1314) on yyyy", "mm", "dd."],
"genre" :["species", "http://www.seaturtle.org/tracking/index.shtml?project_id=1143", "http://www.emodnet", "biology.eu/portal/index.php?dasid=5377", "https://www.emodnet", "biology.eu/toolbox/en/download/occurrence/dataset/5377", "http://ipt.env.duke.edu/resource.do?r=zd_1314_1deg", "https://obis.org/dataset/56ac6ba0", "e7b7", "4526", "91cc", "5f957fad1c1d", "http://seamap.env.duke.edu/dataset/1314", "http://www.eurobis.org//imis?dasid=5377"],
"creator" :["Eduardo"],
"modificationDate" :[""],
"distribution" :["http://www.seaturtle.org/tracking/index.shtml?project_id=1143", "http://www.emodnet", "biology.eu/portal/index.php?dasid=5377", "https://www.emodnet", "biology.eu/toolbox/en/download/occurrence/dataset/5377", "http://ipt.env.duke.edu/resource.do?r=zd_1314_1deg", "https://obis.org/dataset/56ac6ba0", "e7b7", "4526", "91cc", "5f957fad1c1d", "http://seamap.env.duke.edu/dataset/1314", "http://www.eurobis.org//imis?dasid=5377"],
"image" :[""],
"thumbnailUrl" :[""],
"headline" :["Belda E. 2016. Tracking loggerheads from spanish nests. Data downloaded from OBIS", "SEAMAP (http://seamap.env.duke.edu/dataset/1314) on yyyy", "mm", "dd."],
"abstract" :["The project tracks small juvenile loggerhead turtles. The turtles were born in Valencia (Spain) from a natural nest found in San Juan (Alicante", "Spain) in 2014."],
"theme" :[""],
"dateCreated" :["2015", "09", "15"],
"creditText" :[""],
"datePublished" :["2021", "03"],
"producer" :[""],
"author" :[""],
"spatialCoverage" :["Mediterranean"],
"url" :["https://metadatacatalogue.lifewatch.eu/srv/api/records/oai:marineinfo.org:id:dataset:5377/formatters/xml?approved=true"],
"sponsor" :[""],
"size" :[""],
"sameAs" :[""],
"publication" :[""],
"provider" :[""],
"position" :[""],
"name" :[""],
"measurementTechnique" :[""],
"material" :[""],
"maintainer" :[""],
"locationCreated" :["Mediterranean"],
"issn" :[""],
"isPartOf" :[""],
"isBasedOn" :[""],
"isAccessibleForFree" :[""],
"includedInDataCatalog" :[""],
"editor" :[""],
"editEIDR" :[""],
"copyrightYear" :[""],
"copyrightNotice" :[""],
"copyrightHolder" :["Flanders Marine Institute", "VLIZ"],
"contributor" :["Flanders Marine Institute", "VLIZ"],
"contentReferenceTime" :[""],
"contentLocation" :[""],
"character" :[""],
"acquireLicensePage" :[""],
"accessModeSufficient" :[""],
"about" :[""],
"rights" :[""],
"relation" :[""],
"qualifiedRelation" :[""],
"qualifiedAttribution" :[""],
"previousVersion" :[""],
"nextVersion" :[""],
"landingPage" :["http://www.seaturtle.org/tracking/index.shtml?project_id=1143", "", "http://www.emodnet", "biology.eu/portal/index.php?dasid=5377", "", "https://www.emodnet", "biology.eu/toolbox/en/download/occurrence/dataset/5377", "", "http://ipt.env.duke.edu/resource.do?r=zd_1314_1deg", "", "https://obis.org/dataset/56ac6ba0", "e7b7", "4526", "91cc", "5f957fad1c1d", "", "http://seamap.env.duke.edu/dataset/1314", "", "http://www.eurobis.org//imis?dasid=5377"],
"isReferencedBy" :["http://seamap.env.duke.edu/dataset/1314)"],
"hasVersion" :[""],
"hasPolicy" :[""],
"hasCurrentVersion" :[""],
"useConstraints" :[""],
"status" :[""],
"spatialRepresentationType" :[""],
"spatialRepresentationInfo" :[""],
"scope" :[""],
"purpose" :[""],
"otherLocale" :[""],
"metadataProfile" :["Flanders Marine Institute (VLIZ)"],
"metadataLinkage" :[""],
"metadataIdentifier" :[""],
"environmentDescription" :[""],
"distributionInfo" :["http://www.seaturtle.org/tracking/index.shtml?project_id=1143", "http://www.emodnet", "biology.eu/portal/index.php?dasid=5377", "https://www.emodnet", "biology.eu/toolbox/en/download/occurrence/dataset/5377", "http://ipt.env.duke.edu/resource.do?r=zd_1314_1deg", "https://obis.org/dataset/56ac6ba0", "e7b7", "4526", "91cc", "5f957fad1c1d", "http://seamap.env.duke.edu/dataset/1314", "http://www.eurobis.org//imis?dasid=5377"],
"dataQualityInfo" :[""],
"contentInfo" :[""],
"ResearchInfrastructure" :["LifeWatch"],
"EssentialVariables" :[""],
"potentialTopics" :["nest", "loggerhead", "tracking", "downloaded", "data", "turtle", "born", "found", "track", "small", "project", "juvenile", "natural"]
}