{
"description" :["None"],
"identifier" :["http://www.arcodiv.org/Database/Data_overview.html", "http://www.emodnet", "biology.eu/portal/index.php?dasid=1998", "https://www.emodnet", "biology.eu/toolbox/en/download/occurrence/dataset/1998", "http://www.eurobis.org//imis?dasid=1998"],
"keywords" :[""],
"language" :["English"],
"accessibilitySummary" :[""],
"contact" :["University of Alaska Fairbanks School of Fisheries", "Ocean Sciences"],
"version" :[""],
"temporalCoverage" :[""],
"publisher" :["https://www.emodnet", "biology.eu/toolbox/en/download/occurrence/dataset/1998", "University of Alaska Fairbanks School of Fisheries", "Ocean Sciences", "Flanders Marine Institute", "ArcOD"],
"spatial" :[""],
"license" :[""],
"citation" :["Arctic Ocean Diversity (ArcOD). Data from the Alaska Ocean Observing System. http://www.aoos.org/about/contact.html"],
"genre" :["http://www.arcodiv.org/Database/Data_overview.html", "http://www.emodnet", "biology.eu/portal/index.php?dasid=1998", "https://www.emodnet", "biology.eu/toolbox/en/download/occurrence/dataset/1998", "http://www.eurobis.org//imis?dasid=1998"],
"creator" :["University of Alaska Fairbanks School of Fisheries", "Ocean Sciences"],
"modificationDate" :[""],
"distribution" :["http://www.arcodiv.org/Database/Data_overview.html", "http://www.emodnet", "biology.eu/portal/index.php?dasid=1998", "https://www.emodnet", "biology.eu/toolbox/en/download/occurrence/dataset/1998", "http://www.eurobis.org//imis?dasid=1998"],
"image" :[""],
"thumbnailUrl" :[""],
"headline" :["Arctic Ocean Diversity (ArcOD). Data from the Alaska Ocean Observing System. http://www.aoos.org/about/contact.html"],
"abstract" :["Dataset information available at<a href=http://www.arcodiv.org/Database/Data_overview.html target=_blank>http://www.arcodiv.org/Database/Data_overview.html</a>"],
"theme" :["diversity"],
"dateCreated" :[""],
"creditText" :[""],
"datePublished" :["2021", "03", "11T09:49:02"],
"producer" :[""],
"author" :[""],
"spatialCoverage" :[""],
"url" :["https://metadatacatalogue.lifewatch.eu/srv/api/records/oai:marineinfo.org:id:dataset:1998/formatters/xml?approved=true"],
"sponsor" :[""],
"size" :[""],
"sameAs" :[""],
"publication" :[""],
"provider" :[""],
"position" :[""],
"name" :[""],
"measurementTechnique" :[""],
"material" :[""],
"maintainer" :[""],
"locationCreated" :["US"],
"issn" :[""],
"isPartOf" :[""],
"isBasedOn" :[""],
"isAccessibleForFree" :[""],
"includedInDataCatalog" :[""],
"editor" :[""],
"editEIDR" :[""],
"copyrightYear" :[""],
"copyrightNotice" :[""],
"copyrightHolder" :["University of Alaska Fairbanks School of Fisheries", "Ocean Sciences", "Flanders Marine Institute"],
"contributor" :["University of Alaska Fairbanks School of Fisheries", "Ocean Sciences", "Flanders Marine Institute"],
"contentReferenceTime" :[""],
"contentLocation" :["US"],
"character" :[""],
"acquireLicensePage" :[""],
"accessModeSufficient" :[""],
"about" :[""],
"rights" :[""],
"relation" :[""],
"qualifiedRelation" :[""],
"qualifiedAttribution" :[""],
"previousVersion" :[""],
"nextVersion" :[""],
"landingPage" :["http://www.arcodiv.org/Database/Data_overview.html", "", "http://www.emodnet", "biology.eu/portal/index.php?dasid=1998", "", "https://www.emodnet", "biology.eu/toolbox/en/download/occurrence/dataset/1998", "", "http://www.eurobis.org//imis?dasid=1998"],
"isReferencedBy" :["http://www.aoos.org/about/contact.html"],
"hasVersion" :[""],
"hasPolicy" :[""],
"hasCurrentVersion" :[""],
"useConstraints" :[""],
"status" :[""],
"spatialRepresentationType" :[""],
"spatialRepresentationInfo" :[""],
"scope" :[""],
"purpose" :[""],
"otherLocale" :[""],
"metadataProfile" :["Flanders Marine Institute (VLIZ)"],
"metadataLinkage" :[""],
"metadataIdentifier" :[""],
"environmentDescription" :[""],
"distributionInfo" :["http://www.arcodiv.org/Database/Data_overview.html", "http://www.emodnet", "biology.eu/portal/index.php?dasid=1998", "https://www.emodnet", "biology.eu/toolbox/en/download/occurrence/dataset/1998", "http://www.eurobis.org//imis?dasid=1998"],
"dataQualityInfo" :[""],
"contentInfo" :[""],
"ResearchInfrastructure" :["LifeWatch"],
"EssentialVariables" :["Taxonomic/phylogenetic diversity", "Trait diversity", "Interaction diversity"],
"potentialTopics" :["ocean", "system", "observing", "arctic", "diversity", "data", "available", "information"]
}