{
"description" :["None"],
"identifier" :["http://talos.nodc.no/infrastruktur/viewdataset.html?dataset_id=668", "https://doi.org/10.15468/gecvl4", "http://www.emodnet", "biology.eu/portal/index.php?dasid=4541", "https://www.emodnet", "biology.eu/toolbox/en/download/occurrence/dataset/4541", "http://gbif.imr.no/ipt/resource.do?r=imr_mareano_rpsledge", "https://www.gbif.org/dataset/e7f1c38e", "2a85", "4c6e", "80aa", "d052766a916f", "https://obis.org/dataset/152259dc", "9c20", "4c1a", "9644", "8e4b509d4f73", "http://www.eurobis.org//imis?dasid=4541"],
"keywords" :[""],
"language" :["English"],
"accessibilitySummary" :[""],
"contact" :["Lene Buhl"],
"version" :[""],
"temporalCoverage" :["2006", "01", "01"],
"publisher" :["Flanders Marine Institute", "VLIZ", "Buhl", "Mortensen", "Institute of Marine Research"],
"spatial" :["Norwegian Sea"],
"license" :[""],
"citation" :["Buhl", "Mortensen", "L. (2014). MAREANO", "Base", "line mapping of hyperbenthic crustacea fauna obtained with RP", "sledge. Institute of Marine Research", "Norway https://doi.org/10.15468/gecvl4"],
"genre" :["http://talos.nodc.no/infrastruktur/viewdataset.html?dataset_id=668", "https://doi.org/10.15468/gecvl4", "http://www.emodnet", "biology.eu/portal/index.php?dasid=4541", "https://www.emodnet", "biology.eu/toolbox/en/download/occurrence/dataset/4541", "http://gbif.imr.no/ipt/resource.do?r=imr_mareano_rpsledge", "https://www.gbif.org/dataset/e7f1c38e", "2a85", "4c6e", "80aa", "d052766a916f", "https://obis.org/dataset/152259dc", "9c20", "4c1a", "9644", "8e4b509d4f73", "http://www.eurobis.org//imis?dasid=4541"],
"creator" :["Lene Buhl"],
"modificationDate" :[""],
"distribution" :["http://talos.nodc.no/infrastruktur/viewdataset.html?dataset_id=668", "https://doi.org/10.15468/gecvl4", "http://www.emodnet", "biology.eu/portal/index.php?dasid=4541", "https://www.emodnet", "biology.eu/toolbox/en/download/occurrence/dataset/4541", "http://gbif.imr.no/ipt/resource.do?r=imr_mareano_rpsledge", "https://www.gbif.org/dataset/e7f1c38e", "2a85", "4c6e", "80aa", "d052766a916f", "https://obis.org/dataset/152259dc", "9c20", "4c1a", "9644", "8e4b509d4f73", "http://www.eurobis.org//imis?dasid=4541"],
"image" :[""],
"thumbnailUrl" :[""],
"headline" :["Buhl", "Mortensen", "L. (2014). MAREANO", "Base", "line mapping of hyperbenthic crustacea fauna obtained with RP", "sledge. Institute of Marine Research", "Norway https://doi.org/10.15468/gecvl4"],
"abstract" :["Hyperbenthic decanted crustacea collected with Rothlisberg", "Piercy sledge", "hauls 5", "10 min bottomtime. All samples after 2012 are preserved on board in ethanol. Taxa identified as detailed as possible. Specimens kept at Bergen Museum", "Bergen", "Norway."],
"theme" :["species"],
"dateCreated" :["2006", "01", "01"],
"creditText" :[""],
"datePublished" :["2021", "03", "11T09:31:37"],
"producer" :[""],
"author" :[""],
"spatialCoverage" :["Norwegian Sea"],
"url" :["https://metadatacatalogue.lifewatch.eu/srv/api/records/oai:marineinfo.org:id:dataset:4541/formatters/xml?approved=true"],
"sponsor" :[""],
"size" :[""],
"sameAs" :[""],
"publication" :[""],
"provider" :[""],
"position" :[""],
"name" :[""],
"measurementTechnique" :[""],
"material" :[""],
"maintainer" :[""],
"locationCreated" :["Norwegian Sea"],
"issn" :[""],
"isPartOf" :[""],
"isBasedOn" :[""],
"isAccessibleForFree" :[""],
"includedInDataCatalog" :[""],
"editor" :[""],
"editEIDR" :[""],
"copyrightYear" :[""],
"copyrightNotice" :[""],
"copyrightHolder" :["Flanders Marine Institute", "VLIZ"],
"contributor" :["Flanders Marine Institute", "VLIZ"],
"contentReferenceTime" :[""],
"contentLocation" :[""],
"character" :[""],
"acquireLicensePage" :[""],
"accessModeSufficient" :[""],
"about" :[""],
"rights" :[""],
"relation" :[""],
"qualifiedRelation" :[""],
"qualifiedAttribution" :[""],
"previousVersion" :[""],
"nextVersion" :[""],
"landingPage" :["http://talos.nodc.no/infrastruktur/viewdataset.html?dataset_id=668", "", "https://doi.org/10.15468/gecvl4", "", "http://www.emodnet", "biology.eu/portal/index.php?dasid=4541", "", "https://www.emodnet", "biology.eu/toolbox/en/download/occurrence/dataset/4541", "", "http://gbif.imr.no/ipt/resource.do?r=imr_mareano_rpsledge", "", "https://www.gbif.org/dataset/e7f1c38e", "2a85", "4c6e", "80aa", "d052766a916f", "", "https://obis.org/dataset/152259dc", "9c20", "4c1a", "9644", "8e4b509d4f73", "", "http://www.eurobis.org//imis?dasid=4541"],
"isReferencedBy" :["https://doi.org/10.15468/gecvl4"],
"hasVersion" :[""],
"hasPolicy" :[""],
"hasCurrentVersion" :[""],
"useConstraints" :[""],
"status" :[""],
"spatialRepresentationType" :[""],
"spatialRepresentationInfo" :[""],
"scope" :[""],
"purpose" :[""],
"otherLocale" :[""],
"metadataProfile" :["Flanders Marine Institute (VLIZ)"],
"metadataLinkage" :[""],
"metadataIdentifier" :[""],
"environmentDescription" :[""],
"distributionInfo" :["http://talos.nodc.no/infrastruktur/viewdataset.html?dataset_id=668", "https://doi.org/10.15468/gecvl4", "http://www.emodnet", "biology.eu/portal/index.php?dasid=4541", "https://www.emodnet", "biology.eu/toolbox/en/download/occurrence/dataset/4541", "http://gbif.imr.no/ipt/resource.do?r=imr_mareano_rpsledge", "https://www.gbif.org/dataset/e7f1c38e", "2a85", "4c6e", "80aa", "d052766a916f", "https://obis.org/dataset/152259dc", "9c20", "4c1a", "9644", "8e4b509d4f73", "http://www.eurobis.org//imis?dasid=4541"],
"dataQualityInfo" :[""],
"contentInfo" :[""],
"ResearchInfrastructure" :["LifeWatch"],
"EssentialVariables" :["Species distributions", "Species abundances", "Physiology", "Taxonomic/phylogenetic diversity"],
"potentialTopics" :["fauna", "baseline", "obtained", "mapping", "specimen", "possible", "ethanol", "taxon", "board", "decanted", "min", "museum", "collected", "haul", "kept", "sample", "sledge", "preserved", "identified", "detailed", "marine", "institute", "research"]
}