{
"description" :["None"],
"identifier" :["https://doi.org/10.6092/b936", "hj28", "http://www.emodnet", "biology.eu/portal/index.php?dasid=5738", "http://www.emodnet", "biology.eu/toolbox/en/download/occurrence/dataset/5738", "http://nodc.ogs.trieste.it/ipt/resource?r=zooplankton_portauthority", "https://obis.org/dataset/d3f7166f", "ba4e", "45f6", "a60f", "77a15b04b4de", "http://www.eurobis.org//imis?dasid=5738"],
"keywords" :["Mesozooplankton"],
"language" :["English"],
"accessibilitySummary" :[""],
"contact" :["Paola"],
"version" :[""],
"temporalCoverage" :["2015", "03", "20", "2015", "03", "23"],
"publisher" :["https://obis.org/dataset/d3f7166f", "ba4e", "45f6", "a60f", "77a15b04b4de", "Flanders Marine Institute", "VLIZ", "A. De Olazabal & P. Del Negro", "Port Authority", "OGS", "Istituto Nazionale di Oceanografia e di Geofisica Sperimentale", "Division of Oceanography"],
"spatial" :["Adriatic", "Trieste"],
"license" :[""],
"citation" :["A. De Olazabal & P. Del Negro (2018): Zooplankton monitoring in the Trieste harbour", "North Adriatic Sea (Port Authority) in March 2015. OGS (Istituto Nazionale di Oceanografia e di Geofisica Sperimentale)", "Division of Oceanography. Italy. https://doi.org/10.6092/b936", "hj28"],
"genre" :["order", "subclass", "order", "family", "https://doi.org/10.6092/b936", "hj28", "http://www.emodnet", "biology.eu/portal/index.php?dasid=5738", "http://www.emodnet", "biology.eu/toolbox/en/download/occurrence/dataset/5738", "http://nodc.ogs.trieste.it/ipt/resource?r=zooplankton_portauthority", "https://obis.org/dataset/d3f7166f", "ba4e", "45f6", "a60f", "77a15b04b4de", "http://www.eurobis.org//imis?dasid=5738"],
"creator" :["Flanders Marine Institute ("],
"modificationDate" :[""],
"distribution" :["https://doi.org/10.6092/b936", "hj28", "http://www.emodnet", "biology.eu/portal/index.php?dasid=5738", "http://www.emodnet", "biology.eu/toolbox/en/download/occurrence/dataset/5738", "http://nodc.ogs.trieste.it/ipt/resource?r=zooplankton_portauthority", "https://obis.org/dataset/d3f7166f", "ba4e", "45f6", "a60f", "77a15b04b4de", "http://www.eurobis.org//imis?dasid=5738"],
"image" :[""],
"thumbnailUrl" :[""],
"headline" :["A. De Olazabal & P. Del Negro (2018): Zooplankton monitoring in the Trieste harbour", "North Adriatic Sea (Port Authority) in March 2015. OGS (Istituto Nazionale di Oceanografia e di Geofisica Sperimentale)", "Division of Oceanography. Italy. https://doi.org/10.6092/b936", "hj28"],
"abstract" :["Zooplankton monitoring in the Trieste harbour", "North Adriatic Sea (Port Authority)", "in March 2015."],
"theme" :[""],
"dateCreated" :["2015", "03", "20", "2015", "03", "23"],
"creditText" :[""],
"datePublished" :["2021", "03", "11T10:02:26"],
"producer" :[""],
"author" :[""],
"spatialCoverage" :["Adriatic", "Trieste"],
"url" :["https://metadatacatalogue.lifewatch.eu/srv/api/records/oai:marineinfo.org:id:dataset:5738/formatters/xml?approved=true"],
"sponsor" :[""],
"size" :[""],
"sameAs" :[""],
"publication" :[""],
"provider" :[""],
"position" :[""],
"name" :[""],
"measurementTechnique" :[""],
"material" :[""],
"maintainer" :[""],
"locationCreated" :["Adriatic", "Trieste"],
"issn" :[""],
"isPartOf" :[""],
"isBasedOn" :[""],
"isAccessibleForFree" :[""],
"includedInDataCatalog" :[""],
"editor" :[""],
"editEIDR" :[""],
"copyrightYear" :[""],
"copyrightNotice" :[""],
"copyrightHolder" :["Flanders Marine Institute", "VLIZ"],
"contributor" :["Flanders Marine Institute", "VLIZ"],
"contentReferenceTime" :[""],
"contentLocation" :[""],
"character" :[""],
"acquireLicensePage" :[""],
"accessModeSufficient" :[""],
"about" :[""],
"rights" :[""],
"relation" :[""],
"qualifiedRelation" :[""],
"qualifiedAttribution" :[""],
"previousVersion" :[""],
"nextVersion" :[""],
"landingPage" :["https://doi.org/10.6092/b936", "hj28", "", "http://www.emodnet", "biology.eu/portal/index.php?dasid=5738", "", "http://www.emodnet", "biology.eu/toolbox/en/download/occurrence/dataset/5738", "", "http://nodc.ogs.trieste.it/ipt/resource?r=zooplankton_portauthority", "", "https://obis.org/dataset/d3f7166f", "ba4e", "45f6", "a60f", "77a15b04b4de", "", "http://www.eurobis.org//imis?dasid=5738"],
"isReferencedBy" :["https://doi.org/10.6092/b936", "hj28"],
"hasVersion" :[""],
"hasPolicy" :[""],
"hasCurrentVersion" :[""],
"useConstraints" :[""],
"status" :[""],
"spatialRepresentationType" :[""],
"spatialRepresentationInfo" :[""],
"scope" :[""],
"purpose" :[""],
"otherLocale" :[""],
"metadataProfile" :["Flanders Marine Institute (VLIZ)"],
"metadataLinkage" :[""],
"metadataIdentifier" :[""],
"environmentDescription" :[""],
"distributionInfo" :["https://doi.org/10.6092/b936", "hj28", "http://www.emodnet", "biology.eu/portal/index.php?dasid=5738", "http://www.emodnet", "biology.eu/toolbox/en/download/occurrence/dataset/5738", "http://nodc.ogs.trieste.it/ipt/resource?r=zooplankton_portauthority", "https://obis.org/dataset/d3f7166f", "ba4e", "45f6", "a60f", "77a15b04b4de", "http://www.eurobis.org//imis?dasid=5738"],
"dataQualityInfo" :[""],
"contentInfo" :[""],
"ResearchInfrastructure" :["LifeWatch"],
"EssentialVariables" :["Physiology"],
"potentialTopics" :["march", "port", "sea", "authority", "north", "zooplankton", "monitoring", "del", "oceanography", "division", "negro"]
}