{
"description" :["None"],
"identifier" :["https://www.emodnet", "biology.eu/portal/index.php?dasid=5113", "https://www.emodnet", "biology.eu/toolbox/en/download/occurrence/dataset/5113", "https://www.gbif.org/dataset/e55a4257", "819d", "48e2", "a0af", "83c3448bc0ee", "http://ipt.vliz.be/eurobis/resource?r=ecological_study_intertidal_clay", "_and_peatbanks_raversijde_1970", "https://obis.org/dataset/0a075be8", "7a61", "46b4", "9269", "95b20f2e1d8f", "http://www.eurobis.org//imis?dasid=5113"],
"keywords" :["Clay"],
"language" :["English"],
"accessibilitySummary" :[""],
"contact" :["Vlaams Instituut voor de Zee"],
"version" :[""],
"temporalCoverage" :["1970", "06", "12"],
"publisher" :["Vlaams Instituut voor de Zee", "Flanders Marine Institute", "VLIZ", "Jocqué R.", "Van Damme D.", "Laboratorium voor Oecologie der Dieren", "Zoögeografie en Natuurbehoud", "Laboratorium voor Paleontologie", "Raversijde (Belgium"],
"spatial" :["Belgium"],
"license" :[""],
"citation" :["Jocqué R.; Van Damme D.; Laboratorium voor Oecologie der Dieren", "Zoögeografie en Natuurbehoud; Laboratorium voor Paleontologie. RUG: Belgium; (2016): Ecological study of intertidal clay", "and peatbanks at Raversijde (Belgium) in 1970. (http://www.vliz.be/en/imis?module=dataset&dasid=5113) http://dx.doi.org/10.14284/138"],
"genre" :["phylum", "phylum", "phylum", "subphylum", "phylum", "phylum", "superclass", "kingdom", "class", "phylum", "https://www.emodnet", "biology.eu/portal/index.php?dasid=5113", "https://www.emodnet", "biology.eu/toolbox/en/download/occurrence/dataset/5113", "https://www.gbif.org/dataset/e55a4257", "819d", "48e2", "a0af", "83c3448bc0ee", "http://ipt.vliz.be/eurobis/resource?r=ecological_study_intertidal_clay", "_and_peatbanks_raversijde_1970", "https://obis.org/dataset/0a075be8", "7a61", "46b4", "9269", "95b20f2e1d8f", "http://www.eurobis.org//imis?dasid=5113"],
"creator" :["Flanders Marine Institute ("],
"modificationDate" :[""],
"distribution" :["https://www.emodnet", "biology.eu/portal/index.php?dasid=5113", "https://www.emodnet", "biology.eu/toolbox/en/download/occurrence/dataset/5113", "https://www.gbif.org/dataset/e55a4257", "819d", "48e2", "a0af", "83c3448bc0ee", "http://ipt.vliz.be/eurobis/resource?r=ecological_study_intertidal_clay", "_and_peatbanks_raversijde_1970", "https://obis.org/dataset/0a075be8", "7a61", "46b4", "9269", "95b20f2e1d8f", "http://www.eurobis.org//imis?dasid=5113"],
"image" :[""],
"thumbnailUrl" :[""],
"headline" :["Jocqué R.; Van Damme D.; Laboratorium voor Oecologie der Dieren", "Zoögeografie en Natuurbehoud; Laboratorium voor Paleontologie. RUG: Belgium; (2016): Ecological study of intertidal clay", "and peatbanks at Raversijde (Belgium) in 1970. (http://www.vliz.be/en/imis?module=dataset&dasid=5113) http://dx.doi.org/10.14284/138"],
"abstract" :["Overview of plankton species found in the peatbanks for 12 sampling days between June and December 1970 and species list for the whole sampling period with their exact locality at the beach of Raversijde. The data were digitized by VLIZ from the original report: Jocqué", "R.; Van Damme", "D. (1971). Inleidende oecologische studie van klei", "en turfbanken in de getijdenzone te Raversijde (België)."],
"theme" :["species", "habitat"],
"dateCreated" :["1970", "06", "12"],
"creditText" :[""],
"datePublished" :["2021", "03", "11T09:26:10"],
"producer" :[""],
"author" :[""],
"spatialCoverage" :["Belgium"],
"url" :["https://metadatacatalogue.lifewatch.eu/srv/api/records/oai:marineinfo.org:id:dataset:5113/formatters/xml?approved=true"],
"sponsor" :[""],
"size" :[""],
"sameAs" :[""],
"publication" :[""],
"provider" :[""],
"position" :[""],
"name" :[""],
"measurementTechnique" :[""],
"material" :[""],
"maintainer" :[""],
"locationCreated" :["Belgium"],
"issn" :[""],
"isPartOf" :[""],
"isBasedOn" :[""],
"isAccessibleForFree" :[""],
"includedInDataCatalog" :[""],
"editor" :[""],
"editEIDR" :[""],
"copyrightYear" :[""],
"copyrightNotice" :[""],
"copyrightHolder" :["Vlaams Instituut voor de Zee", "Flanders Marine Institute", "VLIZ"],
"contributor" :["Vlaams Instituut voor de Zee", "Flanders Marine Institute", "VLIZ"],
"contentReferenceTime" :[""],
"contentLocation" :[""],
"character" :[""],
"acquireLicensePage" :[""],
"accessModeSufficient" :[""],
"about" :[""],
"rights" :[""],
"relation" :[""],
"qualifiedRelation" :[""],
"qualifiedAttribution" :[""],
"previousVersion" :[""],
"nextVersion" :[""],
"landingPage" :["https://www.emodnet", "biology.eu/portal/index.php?dasid=5113", "", "https://www.emodnet", "biology.eu/toolbox/en/download/occurrence/dataset/5113", "", "https://www.gbif.org/dataset/e55a4257", "819d", "48e2", "a0af", "83c3448bc0ee", "", "http://ipt.vliz.be/eurobis/resource?r=ecological_study_intertidal_clay", "_and_peatbanks_raversijde_1970", "", "https://obis.org/dataset/0a075be8", "7a61", "46b4", "9269", "95b20f2e1d8f", "", "http://www.eurobis.org//imis?dasid=5113"],
"isReferencedBy" :["http://www.vliz.be/en/imis?module=dataset&dasid=5113)", "http://dx.doi.org/10.14284/138"],
"hasVersion" :[""],
"hasPolicy" :[""],
"hasCurrentVersion" :[""],
"useConstraints" :[""],
"status" :[""],
"spatialRepresentationType" :[""],
"spatialRepresentationInfo" :[""],
"scope" :[""],
"purpose" :[""],
"otherLocale" :[""],
"metadataProfile" :["Flanders Marine Institute (VLIZ)"],
"metadataLinkage" :[""],
"metadataIdentifier" :[""],
"environmentDescription" :[""],
"distributionInfo" :["https://www.emodnet", "biology.eu/portal/index.php?dasid=5113", "https://www.emodnet", "biology.eu/toolbox/en/download/occurrence/dataset/5113", "https://www.gbif.org/dataset/e55a4257", "819d", "48e2", "a0af", "83c3448bc0ee", "http://ipt.vliz.be/eurobis/resource?r=ecological_study_intertidal_clay", "_and_peatbanks_raversijde_1970", "https://obis.org/dataset/0a075be8", "7a61", "46b4", "9269", "95b20f2e1d8f", "http://www.eurobis.org//imis?dasid=5113"],
"dataQualityInfo" :[""],
"contentInfo" :[""],
"ResearchInfrastructure" :["LifeWatch"],
"EssentialVariables" :["Species distributions", "Species abundances", "Phenology", "Taxonomic/phylogenetic diversity", "Ecosystem phenology"],
"potentialTopics" :["van", "der", "rug", "study", "intertidal", "ecological", "specie", "sampling", "exact", "found", "overview", "data", "locality", "digitized", "report", "original", "plankton", "beach"]
}