{
"description" :["None"],
"identifier" :["http://www.emodnet", "biology.eu/portal/index.php?dasid=3085", "https://www.emodnet", "biology.eu/toolbox/en/download/occurrence/dataset/3085", "http://mda.vliz.be/mda/directlink.php?fid=VLIZ_00000308_1337862112", "https://obis.org/dataset/3232e8ce", "2581", "4bc3", "8641", "75d01311bcec", "http://www.eurobis.org//imis?dasid=3085"],
"keywords" :["Crustacea"],
"language" :["English"],
"accessibilitySummary" :[""],
"contact" :["Murat"],
"version" :[""],
"temporalCoverage" :["2004", "06", "21"],
"publisher" :["Flanders Marine Institute", "VLIZ", "Sezgin", "Sinop University Fisheries Faculty", "SNU", "FF"],
"spatial" :["Sinop Peninsula", "Turkey"],
"license" :[""],
"citation" :["Sezgin", "M. 2005. Crustacea data from 2004", "2005. Sinop University Fisheries Faculty (SNU", "FF)."],
"genre" :["subphylum", "http://www.emodnet", "biology.eu/portal/index.php?dasid=3085", "https://www.emodnet", "biology.eu/toolbox/en/download/occurrence/dataset/3085", "http://mda.vliz.be/mda/directlink.php?fid=VLIZ_00000308_1337862112", "https://obis.org/dataset/3232e8ce", "2581", "4bc3", "8641", "75d01311bcec", "http://www.eurobis.org//imis?dasid=3085"],
"creator" :["Murat"],
"modificationDate" :[""],
"distribution" :["http://www.emodnet", "biology.eu/portal/index.php?dasid=3085", "https://www.emodnet", "biology.eu/toolbox/en/download/occurrence/dataset/3085", "http://mda.vliz.be/mda/directlink.php?fid=VLIZ_00000308_1337862112", "https://obis.org/dataset/3232e8ce", "2581", "4bc3", "8641", "75d01311bcec", "http://www.eurobis.org//imis?dasid=3085"],
"image" :[""],
"thumbnailUrl" :[""],
"headline" :["Sezgin", "M. 2005. Crustacea data from 2004", "2005. Sinop University Fisheries Faculty (SNU", "FF)."],
"abstract" :["In the present study", "the taxonomical and ecological characteristics of species belonging to the subphylum Crustacea were determined in the Zostera facies along the Sinop Peninsula coasts of Turkey."],
"theme" :["species"],
"dateCreated" :["2004", "06", "21"],
"creditText" :[""],
"datePublished" :["2021", "03", "11T09:53:31"],
"producer" :[""],
"author" :[""],
"spatialCoverage" :["Sinop Peninsula", "Turkey"],
"url" :["https://metadatacatalogue.lifewatch.eu/srv/api/records/oai:marineinfo.org:id:dataset:3085/formatters/xml?approved=true"],
"sponsor" :[""],
"size" :[""],
"sameAs" :[""],
"publication" :[""],
"provider" :[""],
"position" :[""],
"name" :[""],
"measurementTechnique" :[""],
"material" :[""],
"maintainer" :[""],
"locationCreated" :["Sinop Peninsula", "Turkey"],
"issn" :[""],
"isPartOf" :[""],
"isBasedOn" :[""],
"isAccessibleForFree" :[""],
"includedInDataCatalog" :[""],
"editor" :[""],
"editEIDR" :[""],
"copyrightYear" :[""],
"copyrightNotice" :[""],
"copyrightHolder" :["Flanders Marine Institute", "VLIZ"],
"contributor" :["Flanders Marine Institute", "VLIZ"],
"contentReferenceTime" :[""],
"contentLocation" :[""],
"character" :[""],
"acquireLicensePage" :[""],
"accessModeSufficient" :[""],
"about" :[""],
"rights" :[""],
"relation" :[""],
"qualifiedRelation" :[""],
"qualifiedAttribution" :[""],
"previousVersion" :[""],
"nextVersion" :[""],
"landingPage" :["http://www.emodnet", "biology.eu/portal/index.php?dasid=3085", "", "https://www.emodnet", "biology.eu/toolbox/en/download/occurrence/dataset/3085", "", "http://mda.vliz.be/mda/directlink.php?fid=VLIZ_00000308_1337862112", "", "https://obis.org/dataset/3232e8ce", "2581", "4bc3", "8641", "75d01311bcec", "", "http://www.eurobis.org//imis?dasid=3085"],
"isReferencedBy" :[""],
"hasVersion" :[""],
"hasPolicy" :[""],
"hasCurrentVersion" :[""],
"useConstraints" :[""],
"status" :[""],
"spatialRepresentationType" :[""],
"spatialRepresentationInfo" :[""],
"scope" :[""],
"purpose" :[""],
"otherLocale" :[""],
"metadataProfile" :["Flanders Marine Institute (VLIZ)"],
"metadataLinkage" :[""],
"metadataIdentifier" :[""],
"environmentDescription" :[""],
"distributionInfo" :["http://www.emodnet", "biology.eu/portal/index.php?dasid=3085", "https://www.emodnet", "biology.eu/toolbox/en/download/occurrence/dataset/3085", "http://mda.vliz.be/mda/directlink.php?fid=VLIZ_00000308_1337862112", "https://obis.org/dataset/3232e8ce", "2581", "4bc3", "8641", "75d01311bcec", "http://www.eurobis.org//imis?dasid=3085"],
"dataQualityInfo" :[""],
"contentInfo" :[""],
"ResearchInfrastructure" :["LifeWatch"],
"EssentialVariables" :["Species distributions", "Species abundances", "Morphology", "Taxonomic/phylogenetic diversity"],
"potentialTopics" :["snuff", "faculty", "data", "fishery", "university", "turkey", "determined", "peninsula", "subphylum", "belonging", "present", "study", "specie", "characteristic", "coast", "ecological", "along", "facies"]
}