{
"description" :["None"],
"identifier" :["http://www.emodnet", "biology.eu/portal/index.php?dasid=5730", "http://www.emodnet", "biology.eu/toolbox/en/download/occurrence/dataset/5730", "http://gbif.imr.no/ipt/resource?r=imr_lophelia_pertusa_reefs", "https://obis.org/dataset/628600f7", "1580", "4c0e", "b1b3", "acb5c5613966", "http://www.eurobis.org//imis?dasid=5730"],
"keywords" :[""],
"language" :["English"],
"accessibilitySummary" :[""],
"contact" :["Kjell"],
"version" :[""],
"temporalCoverage" :["1929", "01", "01"],
"publisher" :["http://www.emodnet", "biology.eu/toolbox/en/download/occurrence/dataset/5730", "Flanders Marine Institute", "VLIZ", "Institute of Marine Research"],
"spatial" :["North Sea"],
"license" :[""],
"citation" :["Pål Buhl Mortensen; Institute of Marine Research", "Norway (2018): Lophelia pertusa reefs in Norwegian seawaters."],
"genre" :["species", "http://www.emodnet", "biology.eu/portal/index.php?dasid=5730", "http://www.emodnet", "biology.eu/toolbox/en/download/occurrence/dataset/5730", "http://gbif.imr.no/ipt/resource?r=imr_lophelia_pertusa_reefs", "https://obis.org/dataset/628600f7", "1580", "4c0e", "b1b3", "acb5c5613966", "http://www.eurobis.org//imis?dasid=5730"],
"creator" :[""],
"modificationDate" :[""],
"distribution" :["http://www.emodnet", "biology.eu/portal/index.php?dasid=5730", "http://www.emodnet", "biology.eu/toolbox/en/download/occurrence/dataset/5730", "http://gbif.imr.no/ipt/resource?r=imr_lophelia_pertusa_reefs", "https://obis.org/dataset/628600f7", "1580", "4c0e", "b1b3", "acb5c5613966", "http://www.eurobis.org//imis?dasid=5730"],
"image" :[""],
"thumbnailUrl" :[""],
"headline" :["Pål Buhl Mortensen; Institute of Marine Research", "Norway (2018): Lophelia pertusa reefs in Norwegian seawaters."],
"abstract" :["<i>Lophelia pertusa</i> reefs dataset contains scientific registrations of reefs in Norwegian seawaters done by Institute of Marine Research through their own seabed mapping", "registrations from MAREANO", "information from fishermen", "registrations from the oil industry and from scientific litterature."],
"theme" :[""],
"dateCreated" :[""],
"creditText" :[""],
"datePublished" :["2021", "03", "11T10:02:00"],
"producer" :[""],
"author" :[""],
"spatialCoverage" :["North Sea"],
"url" :["https://metadatacatalogue.lifewatch.eu/srv/api/records/oai:marineinfo.org:id:dataset:5730/formatters/xml?approved=true"],
"sponsor" :[""],
"size" :[""],
"sameAs" :[""],
"publication" :[""],
"provider" :[""],
"position" :[""],
"name" :[""],
"measurementTechnique" :[""],
"material" :[""],
"maintainer" :[""],
"locationCreated" :["North Sea"],
"issn" :[""],
"isPartOf" :[""],
"isBasedOn" :[""],
"isAccessibleForFree" :[""],
"includedInDataCatalog" :[""],
"editor" :[""],
"editEIDR" :[""],
"copyrightYear" :[""],
"copyrightNotice" :[""],
"copyrightHolder" :["Flanders Marine Institute", "VLIZ"],
"contributor" :["Flanders Marine Institute", "VLIZ"],
"contentReferenceTime" :[""],
"contentLocation" :[""],
"character" :[""],
"acquireLicensePage" :[""],
"accessModeSufficient" :[""],
"about" :[""],
"rights" :[""],
"relation" :[""],
"qualifiedRelation" :[""],
"qualifiedAttribution" :[""],
"previousVersion" :[""],
"nextVersion" :[""],
"landingPage" :["http://www.emodnet", "biology.eu/portal/index.php?dasid=5730", "", "http://www.emodnet", "biology.eu/toolbox/en/download/occurrence/dataset/5730", "", "http://gbif.imr.no/ipt/resource?r=imr_lophelia_pertusa_reefs", "", "https://obis.org/dataset/628600f7", "1580", "4c0e", "b1b3", "acb5c5613966", "", "http://www.eurobis.org//imis?dasid=5730"],
"isReferencedBy" :[""],
"hasVersion" :[""],
"hasPolicy" :[""],
"hasCurrentVersion" :[""],
"useConstraints" :[""],
"status" :[""],
"spatialRepresentationType" :[""],
"spatialRepresentationInfo" :[""],
"scope" :[""],
"purpose" :[""],
"otherLocale" :[""],
"metadataProfile" :["Flanders Marine Institute (VLIZ)"],
"metadataLinkage" :[""],
"metadataIdentifier" :[""],
"environmentDescription" :[""],
"distributionInfo" :["http://www.emodnet", "biology.eu/portal/index.php?dasid=5730", "http://www.emodnet", "biology.eu/toolbox/en/download/occurrence/dataset/5730", "http://gbif.imr.no/ipt/resource?r=imr_lophelia_pertusa_reefs", "https://obis.org/dataset/628600f7", "1580", "4c0e", "b1b3", "acb5c5613966", "http://www.eurobis.org//imis?dasid=5730"],
"dataQualityInfo" :[""],
"contentInfo" :[""],
"ResearchInfrastructure" :["LifeWatch"],
"EssentialVariables" :[""],
"potentialTopics" :["reef", "registration", "scientific", "fisherman", "contains", "oil", "done", "information", "mapping", "industry", "marine", "institute", "research", "buhl", "seabed"]
}