{
"description" :["None"],
"identifier" :["https://doi.org/10.15468/dz1kk0", "http://www.emodnet", "biology.eu/portal/index.php?dasid=3125", "https://www.emodnet", "biology.eu/toolbox/en/download/occurrence/dataset/3125", "http://www.gbif.org/dataset/0e3d6f05", "a287", "4ffd", "852d", "4e17db22d810", "https://obis.org/dataset/f62024d7", "1126", "41a8", "8dde", "ff257d232c4d", "http://vmirdgbif", "proto.mpl.ird.fr:8080/ipt/resource.do?r=ecoscope_observation_database", "http://www.eurobis.org//imis?dasid=3125"],
"keywords" :["Tuna fisheries"],
"language" :["English"],
"accessibilitySummary" :[""],
"contact" :["Julien"],
"version" :[""],
"temporalCoverage" :[""],
"publisher" :["http://www.emodnet", "biology.eu/portal/index.php?dasid=3125", "http://vmirdgbif", "proto.mpl.ird.fr:8080/ipt/resource.do?r=ecoscope_observation_database", "Flanders Marine Institute", "VLIZ", "Cauquil", "Rodriguez", "C.", "Chassot", "Chavance", "Ecoscope Observation Database", "Institut de Recherche", "IRD"],
"spatial" :["Atlantic"],
"license" :[""],
"citation" :["Cauquil", "P.", "Barde", "J.", "Rodriguez", "C.", "Chassot", "E.", "Chavance", "P. 2012. Ecoscope Observation Database. Institut de Recherche pour le Developpement (IRD). https://doi.org/10.15468/dz1kk0"],
"genre" :["superclass", "https://doi.org/10.15468/dz1kk0", "http://www.emodnet", "biology.eu/portal/index.php?dasid=3125", "https://www.emodnet", "biology.eu/toolbox/en/download/occurrence/dataset/3125", "http://www.gbif.org/dataset/0e3d6f05", "a287", "4ffd", "852d", "4e17db22d810", "https://obis.org/dataset/f62024d7", "1126", "41a8", "8dde", "ff257d232c4d", "http://vmirdgbif", "proto.mpl.ird.fr:8080/ipt/resource.do?r=ecoscope_observation_database", "http://www.eurobis.org//imis?dasid=3125"],
"creator" :["Flanders Marine Institute ("],
"modificationDate" :[""],
"distribution" :["https://doi.org/10.15468/dz1kk0", "http://www.emodnet", "biology.eu/portal/index.php?dasid=3125", "https://www.emodnet", "biology.eu/toolbox/en/download/occurrence/dataset/3125", "http://www.gbif.org/dataset/0e3d6f05", "a287", "4ffd", "852d", "4e17db22d810", "https://obis.org/dataset/f62024d7", "1126", "41a8", "8dde", "ff257d232c4d", "http://vmirdgbif", "proto.mpl.ird.fr:8080/ipt/resource.do?r=ecoscope_observation_database", "http://www.eurobis.org//imis?dasid=3125"],
"image" :[""],
"thumbnailUrl" :[""],
"headline" :["Cauquil", "P.", "Barde", "J.", "Rodriguez", "C.", "Chassot", "E.", "Chavance", "P. 2012. Ecoscope Observation Database. Institut de Recherche pour le Developpement (IRD). https://doi.org/10.15468/dz1kk0"],
"abstract" :["Dataseries collected for tropical tuna fisheries and research of tuna and associated species."],
"theme" :["species"],
"dateCreated" :[""],
"creditText" :[""],
"datePublished" :["2021", "03", "11T10:04:28"],
"producer" :[""],
"author" :[""],
"spatialCoverage" :["Atlantic"],
"url" :["https://metadatacatalogue.lifewatch.eu/srv/api/records/oai:marineinfo.org:id:dataset:3125/formatters/xml?approved=true"],
"sponsor" :[""],
"size" :[""],
"sameAs" :[""],
"publication" :[""],
"provider" :[""],
"position" :[""],
"name" :[""],
"measurementTechnique" :[""],
"material" :[""],
"maintainer" :[""],
"locationCreated" :["Atlantic"],
"issn" :[""],
"isPartOf" :[""],
"isBasedOn" :[""],
"isAccessibleForFree" :[""],
"includedInDataCatalog" :[""],
"editor" :[""],
"editEIDR" :[""],
"copyrightYear" :[""],
"copyrightNotice" :[""],
"copyrightHolder" :["Flanders Marine Institute", "VLIZ"],
"contributor" :["Flanders Marine Institute", "VLIZ"],
"contentReferenceTime" :[""],
"contentLocation" :[""],
"character" :[""],
"acquireLicensePage" :[""],
"accessModeSufficient" :[""],
"about" :[""],
"rights" :[""],
"relation" :[""],
"qualifiedRelation" :[""],
"qualifiedAttribution" :[""],
"previousVersion" :[""],
"nextVersion" :[""],
"landingPage" :["https://doi.org/10.15468/dz1kk0", "", "http://www.emodnet", "biology.eu/portal/index.php?dasid=3125", "", "https://www.emodnet", "biology.eu/toolbox/en/download/occurrence/dataset/3125", "", "http://www.gbif.org/dataset/0e3d6f05", "a287", "4ffd", "852d", "4e17db22d810", "", "https://obis.org/dataset/f62024d7", "1126", "41a8", "8dde", "ff257d232c4d", "", "http://vmirdgbif", "proto.mpl.ird.fr:8080/ipt/resource.do?r=ecoscope_observation_database", "", "http://www.eurobis.org//imis?dasid=3125"],
"isReferencedBy" :["https://doi.org/10.15468/dz1kk0"],
"hasVersion" :[""],
"hasPolicy" :[""],
"hasCurrentVersion" :[""],
"useConstraints" :[""],
"status" :[""],
"spatialRepresentationType" :[""],
"spatialRepresentationInfo" :[""],
"scope" :[""],
"purpose" :[""],
"otherLocale" :[""],
"metadataProfile" :["Flanders Marine Institute (VLIZ)"],
"metadataLinkage" :[""],
"metadataIdentifier" :[""],
"environmentDescription" :[""],
"distributionInfo" :["https://doi.org/10.15468/dz1kk0", "http://www.emodnet", "biology.eu/portal/index.php?dasid=3125", "https://www.emodnet", "biology.eu/toolbox/en/download/occurrence/dataset/3125", "http://www.gbif.org/dataset/0e3d6f05", "a287", "4ffd", "852d", "4e17db22d810", "https://obis.org/dataset/f62024d7", "1126", "41a8", "8dde", "ff257d232c4d", "http://vmirdgbif", "proto.mpl.ird.fr:8080/ipt/resource.do?r=ecoscope_observation_database", "http://www.eurobis.org//imis?dasid=3125"],
"dataQualityInfo" :[""],
"contentInfo" :[""],
"ResearchInfrastructure" :["LifeWatch"],
"EssentialVariables" :["Species distributions", "Species abundances", "Taxonomic/phylogenetic diversity"],
"potentialTopics" :["database", "observation", "pour", "barde", "recherche", "tuna", "associated", "specie", "collected", "fishery", "research", "tropical"]
}