{
"description" :["None"],
"identifier" :["https://www.emodnet", "biology.eu/portal/index.php?dasid=5044", "https://www.emodnet", "biology.eu/toolbox/en/download/occurrence/dataset/5044", "https://www.gbif.org/dataset/fb83157c", "53b4", "45fc", "9468", "66402ecfd173", "http://ipt.vliz.be/eurobis/resource?r=contamination_nicoyagulf_1988", "https://obis.org/dataset/c63cb543", "80b2", "4a6c", "81ec", "a954f0694fe6", "http://www.eurobis.org//imis?dasid=5044"],
"keywords" :["Contamination"],
"language" :["English"],
"accessibilitySummary" :[""],
"contact" :["Vlaams Instituut voor de Zee"],
"version" :[""],
"temporalCoverage" :["1988", "09", "01"],
"publisher" :["Vlaams Instituut voor de Zee", "Flanders Marine Institute", "VLIZ", "Delbeke K.", "Applied Marine Ecology Post Graduate Program", "Laboratory of Ecotoxicology", "VUB", "Organochlorine"],
"spatial" :["Costa Rica", "Nicoya Gulf"],
"license" :[""],
"citation" :["de la Cruz E.; Delbeke K.; Fundamental and Applied Marine Ecology Post Graduate Program (FAME); Laboratory of Ecotoxicology. VUB: Belgium; (2016): Organochlorine and total mercury in bivalve <i>Anadara tuberculosa</i> and other species from the Nicoya Gulf", "Costa Rica in 1988. (http://www.vliz.be/en/imis?module=dataset&dasid=5044) http://dx.doi.org/10.14284/226"],
"genre" :["class", "https://www.emodnet", "biology.eu/portal/index.php?dasid=5044", "https://www.emodnet", "biology.eu/toolbox/en/download/occurrence/dataset/5044", "https://www.gbif.org/dataset/fb83157c", "53b4", "45fc", "9468", "66402ecfd173", "http://ipt.vliz.be/eurobis/resource?r=contamination_nicoyagulf_1988", "https://obis.org/dataset/c63cb543", "80b2", "4a6c", "81ec", "a954f0694fe6", "http://www.eurobis.org//imis?dasid=5044"],
"creator" :["Claude"],
"modificationDate" :[""],
"distribution" :["https://www.emodnet", "biology.eu/portal/index.php?dasid=5044", "https://www.emodnet", "biology.eu/toolbox/en/download/occurrence/dataset/5044", "https://www.gbif.org/dataset/fb83157c", "53b4", "45fc", "9468", "66402ecfd173", "http://ipt.vliz.be/eurobis/resource?r=contamination_nicoyagulf_1988", "https://obis.org/dataset/c63cb543", "80b2", "4a6c", "81ec", "a954f0694fe6", "http://www.eurobis.org//imis?dasid=5044"],
"image" :[""],
"thumbnailUrl" :[""],
"headline" :["de la Cruz E.; Delbeke K.; Fundamental and Applied Marine Ecology Post Graduate Program (FAME); Laboratory of Ecotoxicology. VUB: Belgium; (2016): Organochlorine and total mercury in bivalve <i>Anadara tuberculosa</i> and other species from the Nicoya Gulf", "Costa Rica in 1988. (http://www.vliz.be/en/imis?module=dataset&dasid=5044) http://dx.doi.org/10.14284/226"],
"abstract" :["Contamination level by PCB", "organochlorines pesticides and mercury for <i>Anadara tuberculosa</i> and other species at Punta Morales", "Puerto Alto and Jicaral during 2 sampling periods in 1988. The data were digitized by VLIZ from the original report: de la Cruz", "E. (1989). Organochlorine and total mercury in the Anadara tuberculosa bivalve and other species from the Nicoya Gulf", "Costa Rica. MSc Thesis. KBIN: Brussel. 59 pp."],
"theme" :["species"],
"dateCreated" :["1988", "09", "01"],
"creditText" :[""],
"datePublished" :["2021", "03", "11T09:47:24"],
"producer" :[""],
"author" :[""],
"spatialCoverage" :["Costa Rica", "Nicoya Gulf"],
"url" :["https://metadatacatalogue.lifewatch.eu/srv/api/records/oai:marineinfo.org:id:dataset:5044/formatters/xml?approved=true"],
"sponsor" :[""],
"size" :[""],
"sameAs" :[""],
"publication" :[""],
"provider" :[""],
"position" :[""],
"name" :[""],
"measurementTechnique" :[""],
"material" :[""],
"maintainer" :[""],
"locationCreated" :["Costa Rica", "Nicoya Gulf"],
"issn" :[""],
"isPartOf" :[""],
"isBasedOn" :[""],
"isAccessibleForFree" :[""],
"includedInDataCatalog" :[""],
"editor" :[""],
"editEIDR" :[""],
"copyrightYear" :[""],
"copyrightNotice" :[""],
"copyrightHolder" :["Vlaams Instituut voor de Zee", "Flanders Marine Institute", "VLIZ"],
"contributor" :["Vlaams Instituut voor de Zee", "Flanders Marine Institute", "VLIZ"],
"contentReferenceTime" :[""],
"contentLocation" :[""],
"character" :[""],
"acquireLicensePage" :[""],
"accessModeSufficient" :[""],
"about" :[""],
"rights" :[""],
"relation" :[""],
"qualifiedRelation" :[""],
"qualifiedAttribution" :[""],
"previousVersion" :[""],
"nextVersion" :[""],
"landingPage" :["https://www.emodnet", "biology.eu/portal/index.php?dasid=5044", "", "https://www.emodnet", "biology.eu/toolbox/en/download/occurrence/dataset/5044", "", "https://www.gbif.org/dataset/fb83157c", "53b4", "45fc", "9468", "66402ecfd173", "", "http://ipt.vliz.be/eurobis/resource?r=contamination_nicoyagulf_1988", "", "https://obis.org/dataset/c63cb543", "80b2", "4a6c", "81ec", "a954f0694fe6", "", "http://www.eurobis.org//imis?dasid=5044"],
"isReferencedBy" :["http://www.vliz.be/en/imis?module=dataset&dasid=5044)", "http://dx.doi.org/10.14284/226"],
"hasVersion" :[""],
"hasPolicy" :[""],
"hasCurrentVersion" :[""],
"useConstraints" :[""],
"status" :[""],
"spatialRepresentationType" :[""],
"spatialRepresentationInfo" :[""],
"scope" :[""],
"purpose" :[""],
"otherLocale" :[""],
"metadataProfile" :["Flanders Marine Institute (VLIZ)"],
"metadataLinkage" :[""],
"metadataIdentifier" :[""],
"environmentDescription" :[""],
"distributionInfo" :["https://www.emodnet", "biology.eu/portal/index.php?dasid=5044", "https://www.emodnet", "biology.eu/toolbox/en/download/occurrence/dataset/5044", "https://www.gbif.org/dataset/fb83157c", "53b4", "45fc", "9468", "66402ecfd173", "http://ipt.vliz.be/eurobis/resource?r=contamination_nicoyagulf_1988", "https://obis.org/dataset/c63cb543", "80b2", "4a6c", "81ec", "a954f0694fe6", "http://www.eurobis.org//imis?dasid=5044"],
"dataQualityInfo" :[""],
"contentInfo" :[""],
"ResearchInfrastructure" :["LifeWatch"],
"EssentialVariables" :["Species distributions", "Species abundances", "Physiology", "Taxonomic/phylogenetic diversity"],
"potentialTopics" :["total", "organochlorine", "bivalve", "costa", "gulf", "laboratory", "fame", "applied", "ecology", "post", "mercury", "specie", "sampling", "level", "period", "thesis"]
}