{
"description" :["None"],
"identifier" :["https://www.emodnet", "biology.eu/portal/index.php?dasid=6513", "https://www.emodnet", "biology.eu/toolbox/en/download/occurrence/dataset/6513", "http://ipt.vliz.be/eurobis/resource?r=dasid_6513", "https://obis.org/dataset/e8f6f42e", "0e33", "4382", "9998", "9a178eac3191", "http://www.eurobis.org//imis?dasid=6513"],
"keywords" :["Imaging"],
"language" :["English"],
"accessibilitySummary" :[""],
"contact" :["Fabien"],
"version" :[""],
"temporalCoverage" :["2010", "03", "12"],
"publisher" :["Flanders Marine Institute", "VLIZ", "Llopiz Monferrer", "Elineau", "Kandels", "Lewis", "Tara Oceans Consortium Coordinators", "Tara Oceans"],
"spatial" :[""],
"license" :[""],
"citation" :["Romagnan", "J.B.", "Jalabert", "L.", "Llopiz Monferrer", "N.", "Merland", "C.", "Trudnowska", "E.", "Brandao", "M.", "Elineau", "A.", "Dimier", "C.", "Picheral", "M.", "Searson", "S.", "Kandels", "Lewis", "S.", "Tara Oceans Consortium Coordinators", "Karsenti", "E.", "Pesant", "S.", "Irisson", "J.O.", "Lombard", "F.", "Stemmann", "L.", "Gorsky", "G.; (2020) Occurrence of Eukaryotes in the size fraction >300 micrometres", "collected worldwide during the Tara Oceans expedition (2009", "2013) using a Multinet and analysed on a ZooScan imaging platform"],
"genre" :["family", "family", "phylum", "family", "family", "order", "species", "family", "family", "subclass", "family", "family", "subclass", "order", "phylum", "species", "family", "suborder", "family", "genus", "genus", "family", "infrakingdom", "family", "https://www.emodnet", "biology.eu/portal/index.php?dasid=6513", "https://www.emodnet", "biology.eu/toolbox/en/download/occurrence/dataset/6513", "http://ipt.vliz.be/eurobis/resource?r=dasid_6513", "https://obis.org/dataset/e8f6f42e", "0e33", "4382", "9998", "9a178eac3191", "http://www.eurobis.org//imis?dasid=6513"],
"creator" :["Stéphane"],
"modificationDate" :[""],
"distribution" :["https://www.emodnet", "biology.eu/portal/index.php?dasid=6513", "https://www.emodnet", "biology.eu/toolbox/en/download/occurrence/dataset/6513", "http://ipt.vliz.be/eurobis/resource?r=dasid_6513", "https://obis.org/dataset/e8f6f42e", "0e33", "4382", "9998", "9a178eac3191", "http://www.eurobis.org//imis?dasid=6513"],
"image" :[""],
"thumbnailUrl" :[""],
"headline" :["Romagnan", "J.B.", "Jalabert", "L.", "Llopiz Monferrer", "N.", "Merland", "C.", "Trudnowska", "E.", "Brandao", "M.", "Elineau", "A.", "Dimier", "C.", "Picheral", "M.", "Searson", "S.", "Kandels", "Lewis", "S.", "Tara Oceans Consortium Coordinators", "Karsenti", "E.", "Pesant", "S.", "Irisson", "J.O.", "Lombard", "F.", "Stemmann", "L.", "Gorsky", "G.; (2020) Occurrence of Eukaryotes in the size fraction >300 micrometres", "collected worldwide during the Tara Oceans expedition (2009", "2013) using a Multinet and analysed on a ZooScan imaging platform"],
"abstract" :["Tara expeditions (2009", "2013) sampled the world’s oceans with standardized protocols", "putting an exceptional effort into sampling plankton diversity across a large size range", "using a combination of water samples and net tows.The efforts to explore the genomic diversity of plankton", "through metabarcoding and metagenomics", "have led to well publicized papers and have made the renown of Tara. While a similar extensive effort has been put on imaging", "the datasets are not public yet. In a limited number of stations", "in addition to the usual 5μm", "> ~5cm Tara sampling strategy", "multinet trawls allowed to sample the vertical distribution of plankton; this is the content of this dataset. Using a 300µm mesh net", "it cover organisms from 300µm to ~3cm."],
"theme" :["diversity", "organism", "fungi"],
"dateCreated" :["2010", "03", "12"],
"creditText" :[""],
"datePublished" :["2021", "03", "11T09:36:39"],
"producer" :[""],
"author" :[""],
"spatialCoverage" :[""],
"url" :["https://metadatacatalogue.lifewatch.eu/srv/api/records/oai:marineinfo.org:id:dataset:6513/formatters/xml?approved=true"],
"sponsor" :[""],
"size" :[""],
"sameAs" :[""],
"publication" :[""],
"provider" :[""],
"position" :[""],
"name" :[""],
"measurementTechnique" :[""],
"material" :[""],
"maintainer" :[""],
"locationCreated" :[""],
"issn" :[""],
"isPartOf" :[""],
"isBasedOn" :[""],
"isAccessibleForFree" :[""],
"includedInDataCatalog" :[""],
"editor" :[""],
"editEIDR" :[""],
"copyrightYear" :[""],
"copyrightNotice" :[""],
"copyrightHolder" :["Flanders Marine Institute", "VLIZ"],
"contributor" :["Flanders Marine Institute", "VLIZ"],
"contentReferenceTime" :[""],
"contentLocation" :[""],
"character" :[""],
"acquireLicensePage" :[""],
"accessModeSufficient" :[""],
"about" :[""],
"rights" :[""],
"relation" :[""],
"qualifiedRelation" :[""],
"qualifiedAttribution" :[""],
"previousVersion" :[""],
"nextVersion" :[""],
"landingPage" :["https://www.emodnet", "biology.eu/portal/index.php?dasid=6513", "", "https://www.emodnet", "biology.eu/toolbox/en/download/occurrence/dataset/6513", "", "http://ipt.vliz.be/eurobis/resource?r=dasid_6513", "", "https://obis.org/dataset/e8f6f42e", "0e33", "4382", "9998", "9a178eac3191", "", "http://www.eurobis.org//imis?dasid=6513"],
"isReferencedBy" :[""],
"hasVersion" :[""],
"hasPolicy" :[""],
"hasCurrentVersion" :[""],
"useConstraints" :[""],
"status" :[""],
"spatialRepresentationType" :[""],
"spatialRepresentationInfo" :[""],
"scope" :[""],
"purpose" :[""],
"otherLocale" :[""],
"metadataProfile" :["Flanders Marine Institute (VLIZ)"],
"metadataLinkage" :[""],
"metadataIdentifier" :[""],
"environmentDescription" :[""],
"distributionInfo" :["https://www.emodnet", "biology.eu/portal/index.php?dasid=6513", "https://www.emodnet", "biology.eu/toolbox/en/download/occurrence/dataset/6513", "http://ipt.vliz.be/eurobis/resource?r=dasid_6513", "https://obis.org/dataset/e8f6f42e", "0e33", "4382", "9998", "9a178eac3191", "http://www.eurobis.org//imis?dasid=6513"],
"dataQualityInfo" :[""],
"contentInfo" :[""],
"ResearchInfrastructure" :["LifeWatch"],
"EssentialVariables" :["Taxonomic/phylogenetic diversity", "Trait diversity", "Interaction diversity"],
"potentialTopics" :["plankton", "effort", "net", "diversity", "sample", "sampling", "using", "extensive", "exceptional", "datasets", "ocean", "imaging", "size", "expedition", "worldwide", "occurrence", "platform", "collected", "eukaryote", "water", "led", "limited", "cover"]
}