{
"description" :["None"],
"identifier" :["https://www.emodnet", "biology.eu/portal/index.php?dasid=5979", "https://www.emodnet", "biology.eu/toolbox/en/download/occurrence/dataset/5979", "http://ipt.naturalsciences.be/resource?r=be_rbins_vertebrates_aves", "https://obis.org/dataset/e9acab50", "8203", "4c1e", "b2e7", "cbb850670808", "http://www.eurobis.org//imis?dasid=5979"],
"keywords" :[""],
"language" :["English"],
"accessibilitySummary" :[""],
"contact" :["Flanders Marine Institute ("],
"version" :[""],
"temporalCoverage" :["1800", "01", "01"],
"publisher" :["Flanders Marine Institute", "VLIZ", "Semal", "Royal Belgian Institute of Natural Sciences Bird Collection"],
"spatial" :[""],
"license" :[""],
"citation" :["Semal", "P. (2020) Royal Belgian Institute of Natural Sciences Bird Collection"],
"genre" :["class", "https://www.emodnet", "biology.eu/portal/index.php?dasid=5979", "https://www.emodnet", "biology.eu/toolbox/en/download/occurrence/dataset/5979", "http://ipt.naturalsciences.be/resource?r=be_rbins_vertebrates_aves", "https://obis.org/dataset/e9acab50", "8203", "4c1e", "b2e7", "cbb850670808", "http://www.eurobis.org//imis?dasid=5979"],
"creator" :[""],
"modificationDate" :[""],
"distribution" :["https://www.emodnet", "biology.eu/portal/index.php?dasid=5979", "https://www.emodnet", "biology.eu/toolbox/en/download/occurrence/dataset/5979", "http://ipt.naturalsciences.be/resource?r=be_rbins_vertebrates_aves", "https://obis.org/dataset/e9acab50", "8203", "4c1e", "b2e7", "cbb850670808", "http://www.eurobis.org//imis?dasid=5979"],
"image" :[""],
"thumbnailUrl" :[""],
"headline" :["Semal", "P. (2020) Royal Belgian Institute of Natural Sciences Bird Collection"],
"abstract" :["The Royal Belgian Institute of Natural Sciences Bird Collection contains 5242 digitised specimens over 149 taxa (mostly species). This dataset only contains the marine species of the collection. The following classes are included: Aves."],
"theme" :["species"],
"dateCreated" :["1800", "01", "01"],
"creditText" :[""],
"datePublished" :["2021", "03"],
"producer" :[""],
"author" :[""],
"spatialCoverage" :[""],
"url" :["https://metadatacatalogue.lifewatch.eu/srv/api/records/oai:marineinfo.org:id:dataset:5979/formatters/xml?approved=true"],
"sponsor" :[""],
"size" :[""],
"sameAs" :[""],
"publication" :[""],
"provider" :[""],
"position" :[""],
"name" :[""],
"measurementTechnique" :[""],
"material" :[""],
"maintainer" :[""],
"locationCreated" :[""],
"issn" :[""],
"isPartOf" :[""],
"isBasedOn" :[""],
"isAccessibleForFree" :[""],
"includedInDataCatalog" :[""],
"editor" :[""],
"editEIDR" :[""],
"copyrightYear" :[""],
"copyrightNotice" :[""],
"copyrightHolder" :["Flanders Marine Institute", "VLIZ"],
"contributor" :["Flanders Marine Institute", "VLIZ"],
"contentReferenceTime" :[""],
"contentLocation" :[""],
"character" :[""],
"acquireLicensePage" :[""],
"accessModeSufficient" :[""],
"about" :[""],
"rights" :[""],
"relation" :[""],
"qualifiedRelation" :[""],
"qualifiedAttribution" :[""],
"previousVersion" :[""],
"nextVersion" :[""],
"landingPage" :["https://www.emodnet", "biology.eu/portal/index.php?dasid=5979", "", "https://www.emodnet", "biology.eu/toolbox/en/download/occurrence/dataset/5979", "", "http://ipt.naturalsciences.be/resource?r=be_rbins_vertebrates_aves", "", "https://obis.org/dataset/e9acab50", "8203", "4c1e", "b2e7", "cbb850670808", "", "http://www.eurobis.org//imis?dasid=5979"],
"isReferencedBy" :[""],
"hasVersion" :[""],
"hasPolicy" :[""],
"hasCurrentVersion" :[""],
"useConstraints" :[""],
"status" :[""],
"spatialRepresentationType" :[""],
"spatialRepresentationInfo" :[""],
"scope" :[""],
"purpose" :[""],
"otherLocale" :[""],
"metadataProfile" :["Flanders Marine Institute (VLIZ)"],
"metadataLinkage" :[""],
"metadataIdentifier" :[""],
"environmentDescription" :[""],
"distributionInfo" :["https://www.emodnet", "biology.eu/portal/index.php?dasid=5979", "https://www.emodnet", "biology.eu/toolbox/en/download/occurrence/dataset/5979", "http://ipt.naturalsciences.be/resource?r=be_rbins_vertebrates_aves", "https://obis.org/dataset/e9acab50", "8203", "4c1e", "b2e7", "cbb850670808", "http://www.eurobis.org//imis?dasid=5979"],
"dataQualityInfo" :[""],
"contentInfo" :[""],
"ResearchInfrastructure" :["LifeWatch"],
"EssentialVariables" :["Species distributions", "Species abundances", "Taxonomic/phylogenetic diversity"],
"potentialTopics" :["collection", "institute", "royal", "natural", "science", "bird", "specie", "contains", "class", "marine", "specimen", "mostly", "included", "taxon", "following"]
}