{
"description" :["None"],
"identifier" :["https://www.emodnet", "biology.eu/portal/index.php?dasid=5985", "https://www.emodnet", "biology.eu/toolbox/en/download/occurrence/dataset/5985", "http://ipt.naturalsciences.be/resource?r=be_rbins_invertebrates_cnidaria", "https://obis.org/dataset/c0677106", "e5a9", "4a39", "8351", "c6a141ea7efa", "http://www.eurobis.org//imis?dasid=5985"],
"keywords" :["Cnidarian"],
"language" :["English"],
"accessibilitySummary" :[""],
"contact" :["Flanders Marine Institute ("],
"version" :[""],
"temporalCoverage" :["1800", "01", "01"],
"publisher" :["Flanders Marine Institute", "VLIZ", "Samyn", "Semal", "Royal Belgian Institute of Natural Sciences Cnidaria"],
"spatial" :[""],
"license" :[""],
"citation" :["Samyn", "Y.", "Semal", "P. (2020) Royal Belgian Institute of Natural Sciences Cnidaria collection"],
"genre" :["class", "class", "https://www.emodnet", "biology.eu/portal/index.php?dasid=5985", "https://www.emodnet", "biology.eu/toolbox/en/download/occurrence/dataset/5985", "http://ipt.naturalsciences.be/resource?r=be_rbins_invertebrates_cnidaria", "https://obis.org/dataset/c0677106", "e5a9", "4a39", "8351", "c6a141ea7efa", "http://www.eurobis.org//imis?dasid=5985"],
"creator" :[""],
"modificationDate" :[""],
"distribution" :["https://www.emodnet", "biology.eu/portal/index.php?dasid=5985", "https://www.emodnet", "biology.eu/toolbox/en/download/occurrence/dataset/5985", "http://ipt.naturalsciences.be/resource?r=be_rbins_invertebrates_cnidaria", "https://obis.org/dataset/c0677106", "e5a9", "4a39", "8351", "c6a141ea7efa", "http://www.eurobis.org//imis?dasid=5985"],
"image" :[""],
"thumbnailUrl" :[""],
"headline" :["Samyn", "Y.", "Semal", "P. (2020) Royal Belgian Institute of Natural Sciences Cnidaria collection"],
"abstract" :["The Royal Belgian Institute of Natural Sciences Cnidaria collection contains 5754 digitised specimens over 281 taxa (mostly species). This dataset only contains the marine species of the collection. The following classes are included: Gastropoda Cuvier", "1797", "Hydrozoa Owen", "1843."],
"theme" :["species"],
"dateCreated" :["1800", "01", "01"],
"creditText" :[""],
"datePublished" :["2021", "03", "11T09:58:18"],
"producer" :[""],
"author" :[""],
"spatialCoverage" :[""],
"url" :["https://metadatacatalogue.lifewatch.eu/srv/api/records/oai:marineinfo.org:id:dataset:5985/formatters/xml?approved=true"],
"sponsor" :[""],
"size" :[""],
"sameAs" :[""],
"publication" :[""],
"provider" :[""],
"position" :[""],
"name" :[""],
"measurementTechnique" :[""],
"material" :[""],
"maintainer" :[""],
"locationCreated" :[""],
"issn" :[""],
"isPartOf" :[""],
"isBasedOn" :[""],
"isAccessibleForFree" :[""],
"includedInDataCatalog" :[""],
"editor" :[""],
"editEIDR" :[""],
"copyrightYear" :[""],
"copyrightNotice" :[""],
"copyrightHolder" :["Flanders Marine Institute", "VLIZ"],
"contributor" :["Flanders Marine Institute", "VLIZ"],
"contentReferenceTime" :[""],
"contentLocation" :[""],
"character" :[""],
"acquireLicensePage" :[""],
"accessModeSufficient" :[""],
"about" :[""],
"rights" :[""],
"relation" :[""],
"qualifiedRelation" :[""],
"qualifiedAttribution" :[""],
"previousVersion" :[""],
"nextVersion" :[""],
"landingPage" :["https://www.emodnet", "biology.eu/portal/index.php?dasid=5985", "", "https://www.emodnet", "biology.eu/toolbox/en/download/occurrence/dataset/5985", "", "http://ipt.naturalsciences.be/resource?r=be_rbins_invertebrates_cnidaria", "", "https://obis.org/dataset/c0677106", "e5a9", "4a39", "8351", "c6a141ea7efa", "", "http://www.eurobis.org//imis?dasid=5985"],
"isReferencedBy" :[""],
"hasVersion" :[""],
"hasPolicy" :[""],
"hasCurrentVersion" :[""],
"useConstraints" :[""],
"status" :[""],
"spatialRepresentationType" :[""],
"spatialRepresentationInfo" :[""],
"scope" :[""],
"purpose" :[""],
"otherLocale" :[""],
"metadataProfile" :["Flanders Marine Institute (VLIZ)"],
"metadataLinkage" :[""],
"metadataIdentifier" :[""],
"environmentDescription" :[""],
"distributionInfo" :["https://www.emodnet", "biology.eu/portal/index.php?dasid=5985", "https://www.emodnet", "biology.eu/toolbox/en/download/occurrence/dataset/5985", "http://ipt.naturalsciences.be/resource?r=be_rbins_invertebrates_cnidaria", "https://obis.org/dataset/c0677106", "e5a9", "4a39", "8351", "c6a141ea7efa", "http://www.eurobis.org//imis?dasid=5985"],
"dataQualityInfo" :[""],
"contentInfo" :[""],
"ResearchInfrastructure" :["LifeWatch"],
"EssentialVariables" :["Species distributions", "Species abundances", "Taxonomic/phylogenetic diversity"],
"potentialTopics" :["natural", "royal", "institute", "science", "collection", "contains", "specie", "mostly", "marine", "specimen", "class", "included", "following"]
}