{
"description" :["None"],
"identifier" :["http://www.emodnet", "biology.eu/portal/index.php?dasid=2827", "https://www.emodnet", "biology.eu/toolbox/en/download/occurrence/dataset/2827", "http://ipt.env.duke.edu/resource?r=zd_662", "https://obis.org/dataset/19ae0b90", "d0ef", "426d", "9918", "89160ca2abaa", "http://seamap.env.duke.edu/datasets/detail/662", "http://www.eurobis.org//imis?dasid=2827"],
"keywords" :[""],
"language" :["English"],
"accessibilitySummary" :[""],
"contact" :[""],
"version" :[""],
"temporalCoverage" :["2001", "01", "01"],
"publisher" :["https://obis.org/dataset/19ae0b90", "d0ef", "426d", "9918", "89160ca2abaa", "Flanders Marine Institute", "VLIZ", "Frey", "yyyy", "mm", "OceanCare", "http://seamap.env.duke.edu/dataset/662"],
"spatial" :["Mediterranean Region"],
"license" :[""],
"citation" :["Frey", "S. 2015. OceanCare cetacean sightings 2001", "2014. Data downloaded from OBIS", "SEAMAP (http://seamap.env.duke.edu/dataset/662) on yyyy", "mm", "dd."],
"genre" :["infraorder", "http://www.emodnet", "biology.eu/portal/index.php?dasid=2827", "https://www.emodnet", "biology.eu/toolbox/en/download/occurrence/dataset/2827", "http://ipt.env.duke.edu/resource?r=zd_662", "https://obis.org/dataset/19ae0b90", "d0ef", "426d", "9918", "89160ca2abaa", "http://seamap.env.duke.edu/datasets/detail/662", "http://www.eurobis.org//imis?dasid=2827"],
"creator" :["Flanders Marine Institute ("],
"modificationDate" :[""],
"distribution" :["http://www.emodnet", "biology.eu/portal/index.php?dasid=2827", "https://www.emodnet", "biology.eu/toolbox/en/download/occurrence/dataset/2827", "http://ipt.env.duke.edu/resource?r=zd_662", "https://obis.org/dataset/19ae0b90", "d0ef", "426d", "9918", "89160ca2abaa", "http://seamap.env.duke.edu/datasets/detail/662", "http://www.eurobis.org//imis?dasid=2827"],
"image" :[""],
"thumbnailUrl" :[""],
"headline" :["Frey", "S. 2015. OceanCare cetacean sightings 2001", "2014. Data downloaded from OBIS", "SEAMAP (http://seamap.env.duke.edu/dataset/662) on yyyy", "mm", "dd."],
"abstract" :["Monitoring data of cetacean population in the Mediterranean Sea between 2001 and 2010."],
"theme" :[""],
"dateCreated" :["2001", "01", "01"],
"creditText" :[""],
"datePublished" :["2021", "03", "11T09:50:14"],
"producer" :[""],
"author" :[""],
"spatialCoverage" :["Mediterranean Region"],
"url" :["https://metadatacatalogue.lifewatch.eu/srv/api/records/oai:marineinfo.org:id:dataset:2827/formatters/xml?approved=true"],
"sponsor" :[""],
"size" :[""],
"sameAs" :[""],
"publication" :[""],
"provider" :[""],
"position" :[""],
"name" :[""],
"measurementTechnique" :[""],
"material" :[""],
"maintainer" :[""],
"locationCreated" :["Mediterranean Region"],
"issn" :[""],
"isPartOf" :[""],
"isBasedOn" :[""],
"isAccessibleForFree" :[""],
"includedInDataCatalog" :[""],
"editor" :[""],
"editEIDR" :[""],
"copyrightYear" :[""],
"copyrightNotice" :[""],
"copyrightHolder" :["Flanders Marine Institute", "VLIZ"],
"contributor" :["Flanders Marine Institute", "VLIZ"],
"contentReferenceTime" :[""],
"contentLocation" :[""],
"character" :[""],
"acquireLicensePage" :[""],
"accessModeSufficient" :[""],
"about" :[""],
"rights" :[""],
"relation" :[""],
"qualifiedRelation" :[""],
"qualifiedAttribution" :[""],
"previousVersion" :[""],
"nextVersion" :[""],
"landingPage" :["http://www.emodnet", "biology.eu/portal/index.php?dasid=2827", "", "https://www.emodnet", "biology.eu/toolbox/en/download/occurrence/dataset/2827", "", "http://ipt.env.duke.edu/resource?r=zd_662", "", "https://obis.org/dataset/19ae0b90", "d0ef", "426d", "9918", "89160ca2abaa", "", "http://seamap.env.duke.edu/datasets/detail/662", "", "http://www.eurobis.org//imis?dasid=2827"],
"isReferencedBy" :["http://seamap.env.duke.edu/dataset/662)"],
"hasVersion" :[""],
"hasPolicy" :[""],
"hasCurrentVersion" :[""],
"useConstraints" :[""],
"status" :[""],
"spatialRepresentationType" :[""],
"spatialRepresentationInfo" :[""],
"scope" :[""],
"purpose" :[""],
"otherLocale" :[""],
"metadataProfile" :["Flanders Marine Institute (VLIZ)"],
"metadataLinkage" :[""],
"metadataIdentifier" :[""],
"environmentDescription" :[""],
"distributionInfo" :["http://www.emodnet", "biology.eu/portal/index.php?dasid=2827", "https://www.emodnet", "biology.eu/toolbox/en/download/occurrence/dataset/2827", "http://ipt.env.duke.edu/resource?r=zd_662", "https://obis.org/dataset/19ae0b90", "d0ef", "426d", "9918", "89160ca2abaa", "http://seamap.env.duke.edu/datasets/detail/662", "http://www.eurobis.org//imis?dasid=2827"],
"dataQualityInfo" :[""],
"contentInfo" :[""],
"ResearchInfrastructure" :["LifeWatch"],
"EssentialVariables" :["Effective population size"],
"potentialTopics" :["cetacean", "sighting", "monitoring", "sea", "population", "data", "downloaded"]
}