{
"description" :["None"],
"identifier" :["https://www.emodnet", "biology.eu/portal/index.php?dasid=5432", "https://www.emodnet", "biology.eu/toolbox/en/download/occurrence/dataset/5432", "https://www.gbif.org/dataset/9758adf3", "77f1", "464b", "b6ab", "79e6d605e297", "http://ipt.vliz.be/eurobis/resource?r=macrobenthic_community_nieuwpoort_1970", "1971", "https://obis.org/dataset/db9358a6", "7487", "4c74", "8fd8", "9d47c2a3a30e", "http://www.eurobis.org//imis?dasid=5432"],
"keywords" :["Grain size analysis"],
"language" :["English"],
"accessibilitySummary" :[""],
"contact" :["Vlaams Instituut voor de Zee"],
"version" :[""],
"temporalCoverage" :["1970", "06", "23"],
"publisher" :["https://www.emodnet", "biology.eu/portal/index.php?dasid=5432", "Vlaams Instituut voor de Zee", "Flanders Marine Institute", "VLIZ", "Govaere J.", "Laboratorium voor Morfologie en Systematiek der"],
"spatial" :["Belgium", "Nieuwpoort"],
"license" :[""],
"citation" :["Govaere J.; Laboratorium voor Morfologie en Systematiek der Dieren. RUG: Belgium; (2016): Analysis of the macrobenthic community near Nieuwpoort (1970", "1971). (http://www.vliz.be/en/imis?module=dataset&dasid=5432) http://dx.doi.org/10.14284/206"],
"genre" :["subphylum", "phylum", "phylum", "class", "https://www.emodnet", "biology.eu/portal/index.php?dasid=5432", "https://www.emodnet", "biology.eu/toolbox/en/download/occurrence/dataset/5432", "https://www.gbif.org/dataset/9758adf3", "77f1", "464b", "b6ab", "79e6d605e297", "http://ipt.vliz.be/eurobis/resource?r=macrobenthic_community_nieuwpoort_1970", "1971", "https://obis.org/dataset/db9358a6", "7487", "4c74", "8fd8", "9d47c2a3a30e", "http://www.eurobis.org//imis?dasid=5432"],
"creator" :["Flanders Marine Institute ("],
"modificationDate" :[""],
"distribution" :["https://www.emodnet", "biology.eu/portal/index.php?dasid=5432", "https://www.emodnet", "biology.eu/toolbox/en/download/occurrence/dataset/5432", "https://www.gbif.org/dataset/9758adf3", "77f1", "464b", "b6ab", "79e6d605e297", "http://ipt.vliz.be/eurobis/resource?r=macrobenthic_community_nieuwpoort_1970", "1971", "https://obis.org/dataset/db9358a6", "7487", "4c74", "8fd8", "9d47c2a3a30e", "http://www.eurobis.org//imis?dasid=5432"],
"image" :[""],
"thumbnailUrl" :[""],
"headline" :["Govaere J.; Laboratorium voor Morfologie en Systematiek der Dieren. RUG: Belgium; (2016): Analysis of the macrobenthic community near Nieuwpoort (1970", "1971). (http://www.vliz.be/en/imis?module=dataset&dasid=5432) http://dx.doi.org/10.14284/206"],
"abstract" :["Average density and biomass for macrobenthos species sampled at 7 stations near Nieuwpoort between June 1970 and November 1971. The data were digitized by VLIZ from the original report: Govaere", "J. (1975). Kwalitatieve en kwantitatieve analyse van het macrobenthos ter hoogte van Nieuwpoort. Mededelingen van het Rijksstation voor Zeevisserij (CLO Gent) 99: 315", "327."],
"theme" :["species"],
"dateCreated" :["1970", "06", "23"],
"creditText" :[""],
"datePublished" :["2021", "03", "11T09:37:23"],
"producer" :[""],
"author" :[""],
"spatialCoverage" :["Belgium", "Nieuwpoort"],
"url" :["https://metadatacatalogue.lifewatch.eu/srv/api/records/oai:marineinfo.org:id:dataset:5432/formatters/xml?approved=true"],
"sponsor" :[""],
"size" :[""],
"sameAs" :[""],
"publication" :[""],
"provider" :[""],
"position" :[""],
"name" :[""],
"measurementTechnique" :[""],
"material" :[""],
"maintainer" :[""],
"locationCreated" :["Belgium", "Nieuwpoort"],
"issn" :[""],
"isPartOf" :[""],
"isBasedOn" :[""],
"isAccessibleForFree" :[""],
"includedInDataCatalog" :[""],
"editor" :[""],
"editEIDR" :[""],
"copyrightYear" :[""],
"copyrightNotice" :[""],
"copyrightHolder" :["Vlaams Instituut voor de Zee", "Flanders Marine Institute", "VLIZ"],
"contributor" :["Vlaams Instituut voor de Zee", "Flanders Marine Institute", "VLIZ"],
"contentReferenceTime" :[""],
"contentLocation" :[""],
"character" :[""],
"acquireLicensePage" :[""],
"accessModeSufficient" :[""],
"about" :[""],
"rights" :[""],
"relation" :[""],
"qualifiedRelation" :[""],
"qualifiedAttribution" :[""],
"previousVersion" :[""],
"nextVersion" :[""],
"landingPage" :["https://www.emodnet", "biology.eu/portal/index.php?dasid=5432", "", "https://www.emodnet", "biology.eu/toolbox/en/download/occurrence/dataset/5432", "", "https://www.gbif.org/dataset/9758adf3", "77f1", "464b", "b6ab", "79e6d605e297", "", "http://ipt.vliz.be/eurobis/resource?r=macrobenthic_community_nieuwpoort_1970", "1971", "", "https://obis.org/dataset/db9358a6", "7487", "4c74", "8fd8", "9d47c2a3a30e", "", "http://www.eurobis.org//imis?dasid=5432"],
"isReferencedBy" :["http://www.vliz.be/en/imis?module=dataset&dasid=5432)", "http://dx.doi.org/10.14284/206"],
"hasVersion" :[""],
"hasPolicy" :[""],
"hasCurrentVersion" :[""],
"useConstraints" :[""],
"status" :[""],
"spatialRepresentationType" :[""],
"spatialRepresentationInfo" :[""],
"scope" :[""],
"purpose" :[""],
"otherLocale" :[""],
"metadataProfile" :["Flanders Marine Institute (VLIZ)"],
"metadataLinkage" :[""],
"metadataIdentifier" :[""],
"environmentDescription" :[""],
"distributionInfo" :["https://www.emodnet", "biology.eu/portal/index.php?dasid=5432", "https://www.emodnet", "biology.eu/toolbox/en/download/occurrence/dataset/5432", "https://www.gbif.org/dataset/9758adf3", "77f1", "464b", "b6ab", "79e6d605e297", "http://ipt.vliz.be/eurobis/resource?r=macrobenthic_community_nieuwpoort_1970", "1971", "https://obis.org/dataset/db9358a6", "7487", "4c74", "8fd8", "9d47c2a3a30e", "http://www.eurobis.org//imis?dasid=5432"],
"dataQualityInfo" :[""],
"contentInfo" :[""],
"ResearchInfrastructure" :["LifeWatch"],
"EssentialVariables" :["Species distributions", "Species abundances", "Community abundance", "Taxonomic/phylogenetic diversity"],
"potentialTopics" :["van", "report", "gent", "original", "average", "density", "digitized", "biomass", "ter", "data", "near", "community", "specie", "analysis", "sampled", "station", "der", "rug"]
}