{
"description" :["None"],
"identifier" :["http://www.emodnet", "biology.eu/portal/index.php?dasid=4683", "https://www.emodnet", "biology.eu/toolbox/en/download/occurrence/dataset/4683", "https://www.gbif.org/dataset/1a546878", "7cf6", "47b4", "a5c9", "350486122d5a", "http://ipt.vliz.be/imar/resource.do?r=be_bird_sightings_2004_2013", "https://obis.org/dataset/3497a1a0", "247f", "4cff", "ab6e", "da7772fa71e1", "http://www.eurobis.org//imis?dasid=4683"],
"keywords" :[""],
"language" :["English"],
"accessibilitySummary" :[""],
"contact" :["Matthias"],
"version" :[""],
"temporalCoverage" :["2004", "01", "01"],
"publisher" :["Flanders Marine Institute", "VLIZ", "Machete", "M.", "Institute of Marine Research (IMAR", "Department of Oceanography and Fisheries", "University of the Azores", "DOP", "Fisheries Observer Program of the Azores", "Azores", "Biosphere Expedition"],
"spatial" :[""],
"license" :[""],
"citation" :["Machete", "M.; Institute of Marine Research (IMAR)", "Portugal; Department of Oceanography and Fisheries", "University of the Azores (DOP/UAC)", "Portugal; (2014): POPA", "Fisheries Observer Program of the Azores: Sea bird sightings in the Azores between 2004 and 2013 recorded by Biosphere Expedition. http://dx.doi.org/10.14284/15"],
"genre" :["class", "http://www.emodnet", "biology.eu/portal/index.php?dasid=4683", "https://www.emodnet", "biology.eu/toolbox/en/download/occurrence/dataset/4683", "https://www.gbif.org/dataset/1a546878", "7cf6", "47b4", "a5c9", "350486122d5a", "http://ipt.vliz.be/imar/resource.do?r=be_bird_sightings_2004_2013", "https://obis.org/dataset/3497a1a0", "247f", "4cff", "ab6e", "da7772fa71e1", "http://www.eurobis.org//imis?dasid=4683"],
"creator" :["Flanders Marine Institute ("],
"modificationDate" :[""],
"distribution" :["http://www.emodnet", "biology.eu/portal/index.php?dasid=4683", "https://www.emodnet", "biology.eu/toolbox/en/download/occurrence/dataset/4683", "https://www.gbif.org/dataset/1a546878", "7cf6", "47b4", "a5c9", "350486122d5a", "http://ipt.vliz.be/imar/resource.do?r=be_bird_sightings_2004_2013", "https://obis.org/dataset/3497a1a0", "247f", "4cff", "ab6e", "da7772fa71e1", "http://www.eurobis.org//imis?dasid=4683"],
"image" :[""],
"thumbnailUrl" :[""],
"headline" :["Machete", "M.; Institute of Marine Research (IMAR)", "Portugal; Department of Oceanography and Fisheries", "University of the Azores (DOP/UAC)", "Portugal; (2014): POPA", "Fisheries Observer Program of the Azores: Sea bird sightings in the Azores between 2004 and 2013 recorded by Biosphere Expedition. http://dx.doi.org/10.14284/15"],
"abstract" :["Sightings (snap shots) of sea birds collected by Biosphere Expeditions collaborators specifically for POPA. Since 2004 that Biosphere Expeditions (www.biosphere", "expeditions.org) collects data for POPA in the Azores central group in April and May."],
"theme" :["ecosystem"],
"dateCreated" :["2004", "01", "01"],
"creditText" :[""],
"datePublished" :["2021", "03", "11T10:08:23"],
"producer" :[""],
"author" :[""],
"spatialCoverage" :[""],
"url" :["https://metadatacatalogue.lifewatch.eu/srv/api/records/oai:marineinfo.org:id:dataset:4683/formatters/xml?approved=true"],
"sponsor" :[""],
"size" :[""],
"sameAs" :[""],
"publication" :[""],
"provider" :[""],
"position" :[""],
"name" :[""],
"measurementTechnique" :[""],
"material" :[""],
"maintainer" :[""],
"locationCreated" :[""],
"issn" :[""],
"isPartOf" :[""],
"isBasedOn" :[""],
"isAccessibleForFree" :[""],
"includedInDataCatalog" :[""],
"editor" :[""],
"editEIDR" :[""],
"copyrightYear" :[""],
"copyrightNotice" :[""],
"copyrightHolder" :["Flanders Marine Institute", "VLIZ"],
"contributor" :["Flanders Marine Institute", "VLIZ"],
"contentReferenceTime" :[""],
"contentLocation" :[""],
"character" :[""],
"acquireLicensePage" :[""],
"accessModeSufficient" :[""],
"about" :[""],
"rights" :[""],
"relation" :[""],
"qualifiedRelation" :[""],
"qualifiedAttribution" :[""],
"previousVersion" :[""],
"nextVersion" :[""],
"landingPage" :["http://www.emodnet", "biology.eu/portal/index.php?dasid=4683", "", "https://www.emodnet", "biology.eu/toolbox/en/download/occurrence/dataset/4683", "", "https://www.gbif.org/dataset/1a546878", "7cf6", "47b4", "a5c9", "350486122d5a", "", "http://ipt.vliz.be/imar/resource.do?r=be_bird_sightings_2004_2013", "", "https://obis.org/dataset/3497a1a0", "247f", "4cff", "ab6e", "da7772fa71e1", "", "http://www.eurobis.org//imis?dasid=4683"],
"isReferencedBy" :["http://dx.doi.org/10.14284/15"],
"hasVersion" :[""],
"hasPolicy" :[""],
"hasCurrentVersion" :[""],
"useConstraints" :[""],
"status" :[""],
"spatialRepresentationType" :[""],
"spatialRepresentationInfo" :[""],
"scope" :[""],
"purpose" :[""],
"otherLocale" :[""],
"metadataProfile" :["Flanders Marine Institute (VLIZ)"],
"metadataLinkage" :[""],
"metadataIdentifier" :[""],
"environmentDescription" :[""],
"distributionInfo" :["http://www.emodnet", "biology.eu/portal/index.php?dasid=4683", "https://www.emodnet", "biology.eu/toolbox/en/download/occurrence/dataset/4683", "https://www.gbif.org/dataset/1a546878", "7cf6", "47b4", "a5c9", "350486122d5a", "http://ipt.vliz.be/imar/resource.do?r=be_bird_sightings_2004_2013", "https://obis.org/dataset/3497a1a0", "247f", "4cff", "ab6e", "da7772fa71e1", "http://www.eurobis.org//imis?dasid=4683"],
"dataQualityInfo" :[""],
"contentInfo" :[""],
"ResearchInfrastructure" :["LifeWatch"],
"EssentialVariables" :["Physiology", "Ecosystem phenology", "Ecosystem distribution"],
"potentialTopics" :["program", "recorded", "observer", "fishery", "sea", "sighting", "bird", "biosphere", "expedition", "since", "collect", "machete", "university", "research", "institute", "marine", "department", "oceanography"]
}