{
"description" :["None"],
"identifier" :["https://dx.doi.org/10.15468/kzvjzv", "https://www.emodnet", "biology.eu/portal/index.php?dasid=5515", "https://www.emodnet", "biology.eu/toolbox/en/download/occurrence/dataset/5515", "http://www.gbif.org/dataset/45adf020", "a40b", "4530", "bbc0", "0242daa4bd6c", "http://ipt.medobis.eu/resource?r=egyptexpeditionascidiacea", "https://obis.org/dataset/e19c7a38", "8a8f", "4c95", "be7a", "983733ca1069", "http://www.eurobis.org//imis?dasid=5515"],
"keywords" :["Data"],
"language" :["English"],
"accessibilitySummary" :[""],
"contact" :[""],
"version" :[""],
"temporalCoverage" :["1933", "01", "01"],
"publisher" :["Flanders Marine Institute", "VLIZ", "Ascidiacea", "Institut Fouad", "Digitation of Les fonds de peche pres dAlexandrie"],
"spatial" :["Egypt", "Alexandria"],
"license" :[""],
"citation" :["Irini Tsikopoulou and Stamatina Nikolopoulou (2016). Digitation of Les fonds de peche pres dAlexandrie. Ascidiacea. Notes et Memoires No 28. Institut Fouad 1er d’Hydrobiologie et de peche", "1939", "Egypt https://dx.doi.org/10.15468/kzvjzv"],
"genre" :["class", "https://dx.doi.org/10.15468/kzvjzv", "https://www.emodnet", "biology.eu/portal/index.php?dasid=5515", "https://www.emodnet", "biology.eu/toolbox/en/download/occurrence/dataset/5515", "http://www.gbif.org/dataset/45adf020", "a40b", "4530", "bbc0", "0242daa4bd6c", "http://ipt.medobis.eu/resource?r=egyptexpeditionascidiacea", "https://obis.org/dataset/e19c7a38", "8a8f", "4c95", "be7a", "983733ca1069", "http://www.eurobis.org//imis?dasid=5515"],
"creator" :["Flanders Marine Institute ("],
"modificationDate" :[""],
"distribution" :["https://dx.doi.org/10.15468/kzvjzv", "https://www.emodnet", "biology.eu/portal/index.php?dasid=5515", "https://www.emodnet", "biology.eu/toolbox/en/download/occurrence/dataset/5515", "http://www.gbif.org/dataset/45adf020", "a40b", "4530", "bbc0", "0242daa4bd6c", "http://ipt.medobis.eu/resource?r=egyptexpeditionascidiacea", "https://obis.org/dataset/e19c7a38", "8a8f", "4c95", "be7a", "983733ca1069", "http://www.eurobis.org//imis?dasid=5515"],
"image" :[""],
"thumbnailUrl" :[""],
"headline" :["Irini Tsikopoulou and Stamatina Nikolopoulou (2016). Digitation of Les fonds de peche pres d\\Alexandrie. Ascidiacea. Notes et Memoires No 28. Institut Fouad 1er d’Hydrobiologie et de peche", "1939", "Egypt https://dx.doi.org/10.15468/kzvjzv"],
"abstract" :["This is a historical dataset that was published in 1939 by H. Harant and concerns of the faunistic report on the Ascidiacea collected during the floristical and faunistical survey of Adolf Steuer on the coasts near Alexandria mainly with the vessel El Hoot."],
"theme" :[""],
"dateCreated" :["1933", "01", "01"],
"creditText" :[""],
"datePublished" :["2021", "03", "11T09:59:30"],
"producer" :[""],
"author" :[""],
"spatialCoverage" :["Egypt", "Alexandria"],
"url" :["https://metadatacatalogue.lifewatch.eu/srv/api/records/oai:marineinfo.org:id:dataset:5515/formatters/xml?approved=true"],
"sponsor" :[""],
"size" :[""],
"sameAs" :[""],
"publication" :[""],
"provider" :[""],
"position" :[""],
"name" :[""],
"measurementTechnique" :[""],
"material" :[""],
"maintainer" :[""],
"locationCreated" :["Egypt", "Alexandria"],
"issn" :[""],
"isPartOf" :[""],
"isBasedOn" :[""],
"isAccessibleForFree" :[""],
"includedInDataCatalog" :[""],
"editor" :[""],
"editEIDR" :[""],
"copyrightYear" :[""],
"copyrightNotice" :[""],
"copyrightHolder" :["Flanders Marine Institute", "VLIZ"],
"contributor" :["Flanders Marine Institute", "VLIZ"],
"contentReferenceTime" :[""],
"contentLocation" :[""],
"character" :[""],
"acquireLicensePage" :[""],
"accessModeSufficient" :[""],
"about" :[""],
"rights" :[""],
"relation" :[""],
"qualifiedRelation" :[""],
"qualifiedAttribution" :[""],
"previousVersion" :[""],
"nextVersion" :[""],
"landingPage" :["https://dx.doi.org/10.15468/kzvjzv", "", "https://www.emodnet", "biology.eu/portal/index.php?dasid=5515", "", "https://www.emodnet", "biology.eu/toolbox/en/download/occurrence/dataset/5515", "", "http://www.gbif.org/dataset/45adf020", "a40b", "4530", "bbc0", "0242daa4bd6c", "", "http://ipt.medobis.eu/resource?r=egyptexpeditionascidiacea", "", "https://obis.org/dataset/e19c7a38", "8a8f", "4c95", "be7a", "983733ca1069", "", "http://www.eurobis.org//imis?dasid=5515"],
"isReferencedBy" :["https://dx.doi.org/10.15468/kzvjzv"],
"hasVersion" :[""],
"hasPolicy" :[""],
"hasCurrentVersion" :[""],
"useConstraints" :[""],
"status" :[""],
"spatialRepresentationType" :[""],
"spatialRepresentationInfo" :[""],
"scope" :[""],
"purpose" :[""],
"otherLocale" :[""],
"metadataProfile" :["Flanders Marine Institute (VLIZ)"],
"metadataLinkage" :[""],
"metadataIdentifier" :[""],
"environmentDescription" :[""],
"distributionInfo" :["https://dx.doi.org/10.15468/kzvjzv", "https://www.emodnet", "biology.eu/portal/index.php?dasid=5515", "https://www.emodnet", "biology.eu/toolbox/en/download/occurrence/dataset/5515", "http://www.gbif.org/dataset/45adf020", "a40b", "4530", "bbc0", "0242daa4bd6c", "http://ipt.medobis.eu/resource?r=egyptexpeditionascidiacea", "https://obis.org/dataset/e19c7a38", "8a8f", "4c95", "be7a", "983733ca1069", "http://www.eurobis.org//imis?dasid=5515"],
"dataQualityInfo" :[""],
"contentInfo" :[""],
"ResearchInfrastructure" :["LifeWatch"],
"EssentialVariables" :[""],
"potentialTopics" :["near", "historical", "survey", "report", "mainly", "vessel", "collected", "hoot", "faunistic", "coast", "note", "ground", "fishery", "carte", "memoir", "pres", "concern", "published"]
}