{
"description" :["None"],
"identifier" :["http://biology.st", "and.ac.uk/scans2/", "http://www.emodnet", "biology.eu/portal/index.php?dasid=2875", "https://www.emodnet", "biology.eu/toolbox/en/download/occurrence/dataset/2875", "http://mda.vliz.be/mda/directlink.php?fid=VLIZ_00000017_1319101709", "http://mda.vliz.be/mda/directlink.php?fid=VLIZ_00000017_1319101792", "http://mda.vliz.be/mda/directlink.php?fid=VLIZ_00000017_1319102237", "http://mda.vliz.be/mda/directlink.php?fid=VLIZ_00000017_1319102263", "http://www.eurobis.org//imis?dasid=2875"],
"keywords" :[""],
"language" :["English"],
"accessibilitySummary" :[""],
"contact" :["Philip"],
"version" :[""],
"temporalCoverage" :["2005", "06", "01"],
"publisher" :["Flanders Marine Institute", "VLIZ"],
"spatial" :["Biscay Bay"],
"license" :[""],
"citation" :["None"],
"genre" :["species", "infraorder", "species", "species", "species", "species", "species", "species", "species", "species", "http://biology.st", "and.ac.uk/scans2/", "http://www.emodnet", "biology.eu/portal/index.php?dasid=2875", "https://www.emodnet", "biology.eu/toolbox/en/download/occurrence/dataset/2875", "http://mda.vliz.be/mda/directlink.php?fid=VLIZ_00000017_1319101709", "http://mda.vliz.be/mda/directlink.php?fid=VLIZ_00000017_1319101792", "http://mda.vliz.be/mda/directlink.php?fid=VLIZ_00000017_1319102237", "http://mda.vliz.be/mda/directlink.php?fid=VLIZ_00000017_1319102263", "http://www.eurobis.org//imis?dasid=2875"],
"creator" :["Philip"],
"modificationDate" :[""],
"distribution" :["http://biology.st", "and.ac.uk/scans2/", "http://www.emodnet", "biology.eu/portal/index.php?dasid=2875", "https://www.emodnet", "biology.eu/toolbox/en/download/occurrence/dataset/2875", "http://mda.vliz.be/mda/directlink.php?fid=VLIZ_00000017_1319101709", "http://mda.vliz.be/mda/directlink.php?fid=VLIZ_00000017_1319101792", "http://mda.vliz.be/mda/directlink.php?fid=VLIZ_00000017_1319102237", "http://mda.vliz.be/mda/directlink.php?fid=VLIZ_00000017_1319102263", "http://www.eurobis.org//imis?dasid=2875"],
"image" :[""],
"thumbnailUrl" :[""],
"headline" :["None"],
"abstract" :["Sightings SCANS", "II", "shipboard data"],
"theme" :[""],
"dateCreated" :["2005", "06", "01"],
"creditText" :[""],
"datePublished" :["2021", "03", "11T10:10:07"],
"producer" :[""],
"author" :[""],
"spatialCoverage" :["Biscay Bay"],
"url" :["https://metadatacatalogue.lifewatch.eu/srv/api/records/oai:marineinfo.org:id:dataset:2875/formatters/xml?approved=true"],
"sponsor" :[""],
"size" :[""],
"sameAs" :[""],
"publication" :[""],
"provider" :[""],
"position" :[""],
"name" :[""],
"measurementTechnique" :[""],
"material" :[""],
"maintainer" :[""],
"locationCreated" :["Biscay Bay"],
"issn" :[""],
"isPartOf" :[""],
"isBasedOn" :[""],
"isAccessibleForFree" :[""],
"includedInDataCatalog" :[""],
"editor" :[""],
"editEIDR" :[""],
"copyrightYear" :[""],
"copyrightNotice" :[""],
"copyrightHolder" :["Flanders Marine Institute", "VLIZ"],
"contributor" :["Flanders Marine Institute", "VLIZ"],
"contentReferenceTime" :[""],
"contentLocation" :[""],
"character" :[""],
"acquireLicensePage" :[""],
"accessModeSufficient" :[""],
"about" :[""],
"rights" :[""],
"relation" :[""],
"qualifiedRelation" :[""],
"qualifiedAttribution" :[""],
"previousVersion" :[""],
"nextVersion" :[""],
"landingPage" :["http://biology.st", "and.ac.uk/scans2/", "", "http://www.emodnet", "biology.eu/portal/index.php?dasid=2875", "", "https://www.emodnet", "biology.eu/toolbox/en/download/occurrence/dataset/2875", "", "http://mda.vliz.be/mda/directlink.php?fid=VLIZ_00000017_1319101709", "", "http://mda.vliz.be/mda/directlink.php?fid=VLIZ_00000017_1319101792", "", "http://mda.vliz.be/mda/directlink.php?fid=VLIZ_00000017_1319102237", "", "http://mda.vliz.be/mda/directlink.php?fid=VLIZ_00000017_1319102263", "", "http://www.eurobis.org//imis?dasid=2875"],
"isReferencedBy" :[""],
"hasVersion" :[""],
"hasPolicy" :[""],
"hasCurrentVersion" :[""],
"useConstraints" :[""],
"status" :[""],
"spatialRepresentationType" :[""],
"spatialRepresentationInfo" :[""],
"scope" :[""],
"purpose" :[""],
"otherLocale" :[""],
"metadataProfile" :["Flanders Marine Institute (VLIZ)"],
"metadataLinkage" :[""],
"metadataIdentifier" :[""],
"environmentDescription" :[""],
"distributionInfo" :["http://biology.st", "and.ac.uk/scans2/", "http://www.emodnet", "biology.eu/portal/index.php?dasid=2875", "https://www.emodnet", "biology.eu/toolbox/en/download/occurrence/dataset/2875", "http://mda.vliz.be/mda/directlink.php?fid=VLIZ_00000017_1319101709", "http://mda.vliz.be/mda/directlink.php?fid=VLIZ_00000017_1319101792", "http://mda.vliz.be/mda/directlink.php?fid=VLIZ_00000017_1319102237", "http://mda.vliz.be/mda/directlink.php?fid=VLIZ_00000017_1319102263", "http://www.eurobis.org//imis?dasid=2875"],
"dataQualityInfo" :[""],
"contentInfo" :[""],
"ResearchInfrastructure" :["LifeWatch"],
"EssentialVariables" :[""],
"potentialTopics" :["none", "scan", "sea", "small", "cetacean", "north", "sighting", "shipboard", "data"]
}