{
"description" :["None"],
"identifier" :["https://doi.org/10.6092/04wy", "4b44", "https://www.emodnet", "biology.eu/portal/index.php?dasid=6138", "http://www.emodnet", "biology.eu/toolbox/en/download/occurrence/dataset/6138", "http://nodc.ogs.trieste.it/ipt/resource?r=macrobenthos", "monitoringportauthority", "https://obis.org/dataset/ee924936", "1a03", "400d", "a21d", "16a2a4587bda", "http://www.eurobis.org//imis?dasid=6138"],
"keywords" :[""],
"language" :["English"],
"accessibilitySummary" :[""],
"contact" :["Paola"],
"version" :[""],
"temporalCoverage" :["2013", "06", "01", "2015", "03", "20"],
"publisher" :["Flanders Marine Institute", "VLIZ", "R. Auriemma", "Macrobenthos", "& Del Negro P.", "Port Authority", "OGS", "Istituto Nazionale di Oceanografia e di Geofisica Sperimentale", "Division of Oceanography"],
"spatial" :["Adriatic", "Trieste"],
"license" :[""],
"citation" :["R. Auriemma", "F. Nasi", "& Del Negro P. (2018): Macrobenthos monitoring in the Trieste harbour", "North Adriatic Sea (Port Authority) in June 2013 and March 2015. OGS (Istituto Nazionale di Oceanografia e di Geofisica Sperimentale)", "Division of Oceanography. Italy. https://doi.org/10.6092/04wy", "4b44"],
"genre" :["https://doi.org/10.6092/04wy", "4b44", "https://www.emodnet", "biology.eu/portal/index.php?dasid=6138", "http://www.emodnet", "biology.eu/toolbox/en/download/occurrence/dataset/6138", "http://nodc.ogs.trieste.it/ipt/resource?r=macrobenthos", "monitoringportauthority", "https://obis.org/dataset/ee924936", "1a03", "400d", "a21d", "16a2a4587bda", "http://www.eurobis.org//imis?dasid=6138"],
"creator" :[""],
"modificationDate" :[""],
"distribution" :["https://doi.org/10.6092/04wy", "4b44", "https://www.emodnet", "biology.eu/portal/index.php?dasid=6138", "http://www.emodnet", "biology.eu/toolbox/en/download/occurrence/dataset/6138", "http://nodc.ogs.trieste.it/ipt/resource?r=macrobenthos", "monitoringportauthority", "https://obis.org/dataset/ee924936", "1a03", "400d", "a21d", "16a2a4587bda", "http://www.eurobis.org//imis?dasid=6138"],
"image" :[""],
"thumbnailUrl" :[""],
"headline" :["R. Auriemma", "F. Nasi", "& Del Negro P. (2018): Macrobenthos monitoring in the Trieste harbour", "North Adriatic Sea (Port Authority) in June 2013 and March 2015. OGS (Istituto Nazionale di Oceanografia e di Geofisica Sperimentale)", "Division of Oceanography. Italy. https://doi.org/10.6092/04wy", "4b44"],
"abstract" :["Macrobenthos monitoring in the Trieste harbour", "North Adriatic Sea (Port Authority) in June 2013 and March 2015"],
"theme" :[""],
"dateCreated" :["2013", "06", "01", "2015", "03", "20"],
"creditText" :[""],
"datePublished" :["2021", "03", "11T09:47:39"],
"producer" :[""],
"author" :[""],
"spatialCoverage" :["Adriatic", "Trieste"],
"url" :["https://metadatacatalogue.lifewatch.eu/srv/api/records/oai:marineinfo.org:id:dataset:6138/formatters/xml?approved=true"],
"sponsor" :[""],
"size" :[""],
"sameAs" :[""],
"publication" :[""],
"provider" :[""],
"position" :[""],
"name" :[""],
"measurementTechnique" :[""],
"material" :[""],
"maintainer" :[""],
"locationCreated" :["Adriatic", "Trieste"],
"issn" :[""],
"isPartOf" :[""],
"isBasedOn" :[""],
"isAccessibleForFree" :[""],
"includedInDataCatalog" :[""],
"editor" :[""],
"editEIDR" :[""],
"copyrightYear" :[""],
"copyrightNotice" :[""],
"copyrightHolder" :["Flanders Marine Institute", "VLIZ"],
"contributor" :["Flanders Marine Institute", "VLIZ"],
"contentReferenceTime" :[""],
"contentLocation" :[""],
"character" :[""],
"acquireLicensePage" :[""],
"accessModeSufficient" :[""],
"about" :[""],
"rights" :[""],
"relation" :[""],
"qualifiedRelation" :[""],
"qualifiedAttribution" :[""],
"previousVersion" :[""],
"nextVersion" :[""],
"landingPage" :["https://doi.org/10.6092/04wy", "4b44", "", "https://www.emodnet", "biology.eu/portal/index.php?dasid=6138", "", "http://www.emodnet", "biology.eu/toolbox/en/download/occurrence/dataset/6138", "", "http://nodc.ogs.trieste.it/ipt/resource?r=macrobenthos", "monitoringportauthority", "", "https://obis.org/dataset/ee924936", "1a03", "400d", "a21d", "16a2a4587bda", "", "http://www.eurobis.org//imis?dasid=6138"],
"isReferencedBy" :["https://doi.org/10.6092/04wy", "4b44"],
"hasVersion" :[""],
"hasPolicy" :[""],
"hasCurrentVersion" :[""],
"useConstraints" :[""],
"status" :[""],
"spatialRepresentationType" :[""],
"spatialRepresentationInfo" :[""],
"scope" :[""],
"purpose" :[""],
"otherLocale" :[""],
"metadataProfile" :["Flanders Marine Institute (VLIZ)"],
"metadataLinkage" :[""],
"metadataIdentifier" :[""],
"environmentDescription" :[""],
"distributionInfo" :["https://doi.org/10.6092/04wy", "4b44", "https://www.emodnet", "biology.eu/portal/index.php?dasid=6138", "http://www.emodnet", "biology.eu/toolbox/en/download/occurrence/dataset/6138", "http://nodc.ogs.trieste.it/ipt/resource?r=macrobenthos", "monitoringportauthority", "https://obis.org/dataset/ee924936", "1a03", "400d", "a21d", "16a2a4587bda", "http://www.eurobis.org//imis?dasid=6138"],
"dataQualityInfo" :[""],
"contentInfo" :[""],
"ResearchInfrastructure" :["LifeWatch"],
"EssentialVariables" :["Physiology"],
"potentialTopics" :["authority", "port", "north", "sea", "monitoring", "march", "del", "negro", "division", "oceanography"]
}