{
"description" :["None"],
"identifier" :["http://www.emodnet", "biology.eu/portal/index.php?dasid=4677", "https://www.emodnet", "biology.eu/toolbox/en/download/occurrence/dataset/4677", "https://www.gbif.org/dataset/ce695983", "1492", "433e", "8f79", "1f18e2393cf5", "http://ipt.vliz.be/imar/resource.do?r=popa_marine_mammals_sightings_1998_2013", "https://obis.org/dataset/22940bb9", "80b7", "431b", "a3c3", "2b937714ddf1", "http://www.eurobis.org//imis?dasid=4677"],
"keywords" :["Tuna fisheries"],
"language" :["English"],
"accessibilitySummary" :[""],
"contact" :[""],
"version" :[""],
"temporalCoverage" :["1998", "01", "01"],
"publisher" :["http://www.emodnet", "biology.eu/portal/index.php?dasid=4677", "Flanders Marine Institute", "VLIZ", "http://dx.doi.org/10.14284/19", "Machete", "M.", "Institute of Marine Research (IMAR", "Department of Oceanography and Fisheries", "University of the Azores", "DOP", "Fisheries Observer Program of the", "Azores"],
"spatial" :[""],
"license" :[""],
"citation" :["Machete", "M.; Institute of Marine Research (IMAR)", "Portugal; Department of Oceanography and Fisheries", "University of the Azores (DOP/UAC)", "Portugal; (2016): POPA", "Fisheries Observer Program of the Azores: Marine mammal sightings in the Azores tuna fishery from 1998 on: during navigation or search mode. http://dx.doi.org/10.14284/19"],
"genre" :["infraorder", "http://www.emodnet", "biology.eu/portal/index.php?dasid=4677", "https://www.emodnet", "biology.eu/toolbox/en/download/occurrence/dataset/4677", "https://www.gbif.org/dataset/ce695983", "1492", "433e", "8f79", "1f18e2393cf5", "http://ipt.vliz.be/imar/resource.do?r=popa_marine_mammals_sightings_1998_2013", "https://obis.org/dataset/22940bb9", "80b7", "431b", "a3c3", "2b937714ddf1", "http://www.eurobis.org//imis?dasid=4677"],
"creator" :["Flanders Marine Institute ("],
"modificationDate" :[""],
"distribution" :["http://www.emodnet", "biology.eu/portal/index.php?dasid=4677", "https://www.emodnet", "biology.eu/toolbox/en/download/occurrence/dataset/4677", "https://www.gbif.org/dataset/ce695983", "1492", "433e", "8f79", "1f18e2393cf5", "http://ipt.vliz.be/imar/resource.do?r=popa_marine_mammals_sightings_1998_2013", "https://obis.org/dataset/22940bb9", "80b7", "431b", "a3c3", "2b937714ddf1", "http://www.eurobis.org//imis?dasid=4677"],
"image" :[""],
"thumbnailUrl" :[""],
"headline" :["Machete", "M.; Institute of Marine Research (IMAR)", "Portugal; Department of Oceanography and Fisheries", "University of the Azores (DOP/UAC)", "Portugal; (2016): POPA", "Fisheries Observer Program of the Azores: Marine mammal sightings in the Azores tuna fishery from 1998 on: during navigation or search mode. http://dx.doi.org/10.14284/19"],
"abstract" :["Sightings of cetaceans were recorded daily", "at 6 different fixed periods (snap shots)", "when the boat was in navigation or search mode.Sightings were recorded at distances shorter and larger than 300 meters from the boat."],
"theme" :[""],
"dateCreated" :["1998", "01", "01"],
"creditText" :[""],
"datePublished" :["2021", "03", "11T10:07:42"],
"producer" :[""],
"author" :[""],
"spatialCoverage" :[""],
"url" :["https://metadatacatalogue.lifewatch.eu/srv/api/records/oai:marineinfo.org:id:dataset:4677/formatters/xml?approved=true"],
"sponsor" :[""],
"size" :[""],
"sameAs" :[""],
"publication" :[""],
"provider" :[""],
"position" :[""],
"name" :[""],
"measurementTechnique" :[""],
"material" :[""],
"maintainer" :[""],
"locationCreated" :[""],
"issn" :[""],
"isPartOf" :[""],
"isBasedOn" :[""],
"isAccessibleForFree" :[""],
"includedInDataCatalog" :[""],
"editor" :[""],
"editEIDR" :[""],
"copyrightYear" :[""],
"copyrightNotice" :[""],
"copyrightHolder" :["Flanders Marine Institute", "VLIZ"],
"contributor" :["Flanders Marine Institute", "VLIZ"],
"contentReferenceTime" :[""],
"contentLocation" :[""],
"character" :[""],
"acquireLicensePage" :[""],
"accessModeSufficient" :[""],
"about" :[""],
"rights" :[""],
"relation" :[""],
"qualifiedRelation" :[""],
"qualifiedAttribution" :[""],
"previousVersion" :[""],
"nextVersion" :[""],
"landingPage" :["http://www.emodnet", "biology.eu/portal/index.php?dasid=4677", "", "https://www.emodnet", "biology.eu/toolbox/en/download/occurrence/dataset/4677", "", "https://www.gbif.org/dataset/ce695983", "1492", "433e", "8f79", "1f18e2393cf5", "", "http://ipt.vliz.be/imar/resource.do?r=popa_marine_mammals_sightings_1998_2013", "", "https://obis.org/dataset/22940bb9", "80b7", "431b", "a3c3", "2b937714ddf1", "", "http://www.eurobis.org//imis?dasid=4677"],
"isReferencedBy" :["http://dx.doi.org/10.14284/19"],
"hasVersion" :[""],
"hasPolicy" :[""],
"hasCurrentVersion" :[""],
"useConstraints" :[""],
"status" :[""],
"spatialRepresentationType" :[""],
"spatialRepresentationInfo" :[""],
"scope" :[""],
"purpose" :[""],
"otherLocale" :[""],
"metadataProfile" :["Flanders Marine Institute (VLIZ)"],
"metadataLinkage" :[""],
"metadataIdentifier" :[""],
"environmentDescription" :[""],
"distributionInfo" :["http://www.emodnet", "biology.eu/portal/index.php?dasid=4677", "https://www.emodnet", "biology.eu/toolbox/en/download/occurrence/dataset/4677", "https://www.gbif.org/dataset/ce695983", "1492", "433e", "8f79", "1f18e2393cf5", "http://ipt.vliz.be/imar/resource.do?r=popa_marine_mammals_sightings_1998_2013", "https://obis.org/dataset/22940bb9", "80b7", "431b", "a3c3", "2b937714ddf1", "http://www.eurobis.org//imis?dasid=4677"],
"dataQualityInfo" :[""],
"contentInfo" :[""],
"ResearchInfrastructure" :["LifeWatch"],
"EssentialVariables" :[""],
"potentialTopics" :["recorded", "navigation", "sighting", "search", "boat", "period", "cetacean", "distance", "fixed", "snap", "fishery", "marine", "observer", "mode", "tuna", "mammal", "program", "shorter", "larger", "different", "meter", "shot"]
}