{
"description" :["None"],
"identifier" :["http://www.emodnet", "biology.eu/portal/index.php?dasid=1980", "https://www.emodnet", "biology.eu/toolbox/en/download/occurrence/dataset/1980", "http://icomm.mbl.edu/microbis/", "https://obis.org/dataset/2fd06604", "7d20", "4712", "9f68", "eae9ae336bb5", "http://www.eurobis.org//imis?dasid=1980"],
"keywords" :["Microbes"],
"language" :["English"],
"accessibilitySummary" :[""],
"contact" :["Flanders Marine Institute ("],
"version" :[""],
"temporalCoverage" :[""],
"publisher" :["http://www.emodnet", "biology.eu/portal/index.php?dasid=1980", "Woods Hole Oceanographic Institution", "Marine Biological Laboratory", "The Josephine Bay Paul Center", "Camparative Molecular Biology and Evolution", "Flanders Marine Institute", "Neal", "P. R.", "Patterson"],
"spatial" :["Europe"],
"license" :[""],
"citation" :["Neal", "P. R.", "Patterson", "D.J. MICROBIS. 1 Jan. 2005", "Version 1 (European data)."],
"genre" :["http://www.emodnet", "biology.eu/portal/index.php?dasid=1980", "https://www.emodnet", "biology.eu/toolbox/en/download/occurrence/dataset/1980", "http://icomm.mbl.edu/microbis/", "https://obis.org/dataset/2fd06604", "7d20", "4712", "9f68", "eae9ae336bb5", "http://www.eurobis.org//imis?dasid=1980"],
"creator" :["Woods Hole Oceanographic Institution", "Marine Biological Laboratory", "The Josephine Bay Paul Center", "Camparative Molecular Biology and Evolution"],
"modificationDate" :[""],
"distribution" :["http://www.emodnet", "biology.eu/portal/index.php?dasid=1980", "https://www.emodnet", "biology.eu/toolbox/en/download/occurrence/dataset/1980", "http://icomm.mbl.edu/microbis/", "https://obis.org/dataset/2fd06604", "7d20", "4712", "9f68", "eae9ae336bb5", "http://www.eurobis.org//imis?dasid=1980"],
"image" :[""],
"thumbnailUrl" :[""],
"headline" :["Neal", "P. R.", "Patterson", "D.J. MICROBIS. 1 Jan. 2005", "Version 1 (European data)."],
"abstract" :["This dataset contains the European data of MICROBIS", "a database of marine microbial biota."],
"theme" :["ecosystem"],
"dateCreated" :[""],
"creditText" :[""],
"datePublished" :["2021", "03", "11T09:48:37"],
"producer" :[""],
"author" :[""],
"spatialCoverage" :["Europe"],
"url" :["https://metadatacatalogue.lifewatch.eu/srv/api/records/oai:marineinfo.org:id:dataset:1980/formatters/xml?approved=true"],
"sponsor" :[""],
"size" :[""],
"sameAs" :[""],
"publication" :[""],
"provider" :[""],
"position" :[""],
"name" :[""],
"measurementTechnique" :[""],
"material" :[""],
"maintainer" :[""],
"locationCreated" :["Europe", "US"],
"issn" :[""],
"isPartOf" :[""],
"isBasedOn" :[""],
"isAccessibleForFree" :[""],
"includedInDataCatalog" :[""],
"editor" :[""],
"editEIDR" :[""],
"copyrightYear" :[""],
"copyrightNotice" :[""],
"copyrightHolder" :["Woods Hole Oceanographic Institution", "Marine Biological Laboratory", "The Josephine Bay Paul Center", "Camparative Molecular Biology and Evolution", "Flanders Marine Institute"],
"contributor" :["Woods Hole Oceanographic Institution", "Marine Biological Laboratory", "The Josephine Bay Paul Center", "Camparative Molecular Biology and Evolution", "Flanders Marine Institute"],
"contentReferenceTime" :[""],
"contentLocation" :["US"],
"character" :[""],
"acquireLicensePage" :[""],
"accessModeSufficient" :[""],
"about" :[""],
"rights" :[""],
"relation" :[""],
"qualifiedRelation" :[""],
"qualifiedAttribution" :[""],
"previousVersion" :[""],
"nextVersion" :[""],
"landingPage" :["http://www.emodnet", "biology.eu/portal/index.php?dasid=1980", "", "https://www.emodnet", "biology.eu/toolbox/en/download/occurrence/dataset/1980", "", "http://icomm.mbl.edu/microbis/", "", "https://obis.org/dataset/2fd06604", "7d20", "4712", "9f68", "eae9ae336bb5", "", "http://www.eurobis.org//imis?dasid=1980"],
"isReferencedBy" :[""],
"hasVersion" :[""],
"hasPolicy" :[""],
"hasCurrentVersion" :[""],
"useConstraints" :[""],
"status" :[""],
"spatialRepresentationType" :[""],
"spatialRepresentationInfo" :[""],
"scope" :[""],
"purpose" :[""],
"otherLocale" :[""],
"metadataProfile" :["Flanders Marine Institute (VLIZ)"],
"metadataLinkage" :[""],
"metadataIdentifier" :[""],
"environmentDescription" :[""],
"distributionInfo" :["http://www.emodnet", "biology.eu/portal/index.php?dasid=1980", "https://www.emodnet", "biology.eu/toolbox/en/download/occurrence/dataset/1980", "http://icomm.mbl.edu/microbis/", "https://obis.org/dataset/2fd06604", "7d20", "4712", "9f68", "eae9ae336bb5", "http://www.eurobis.org//imis?dasid=1980"],
"dataQualityInfo" :[""],
"contentInfo" :[""],
"ResearchInfrastructure" :["LifeWatch"],
"EssentialVariables" :["Physiology", "Ecosystem phenology", "Ecosystem distribution"],
"potentialTopics" :["data", "version", "database", "marine", "biota", "microbial", "contains"]
}