{
"description" :["None"],
"identifier" :["https://dx.doi.org/10.15468/hk89ld", "https://www.emodnet", "biology.eu/portal/index.php?dasid=5526", "https://www.emodnet", "biology.eu/toolbox/en/download/occurrence/dataset/5526", "http://www.gbif.org/dataset/7b0b3928", "76bd", "4b4b", "b11b", "c5f858e294d8", "http://ipt.medobis.eu/resource?r=egyptexpeditionsipunculoideaphoronidaebrachiopodaenteropneustaacrania", "https://obis.org/dataset/ea46cabd", "f49d", "4d3b", "be46", "7d71ce7cf7f6", "http://www.eurobis.org//imis?dasid=5526"],
"keywords" :["Data"],
"language" :["English"],
"accessibilitySummary" :[""],
"contact" :[""],
"version" :[""],
"temporalCoverage" :["1933", "04", "01"],
"publisher" :["Flanders Marine Institute", "VLIZ", "Irini Tsikopoulou", "Acrania", "Fouad I Institute of Hydrobioloy", "Stamatina Nikolopoulou"],
"spatial" :["Egypt", "Alexandria"],
"license" :[""],
"citation" :["Stamatina Nikolopoulou and Irini Tsikopoulou (2016). Digitization of The fishery grounds near Alexandria. XVIII Sipunculoidea", "Phoronidea", "Brachiopoda", "Enteropneusta and Acrania. Notes and Memoirs No. 30. Fouad I Institute of Hydrobioloy and Fisheries", "1939", "Egypt https://dx.doi.org/10.15468/hk89ld"],
"genre" :["phylum", "class", "class", "phylum", "phylum", "https://dx.doi.org/10.15468/hk89ld", "https://www.emodnet", "biology.eu/portal/index.php?dasid=5526", "https://www.emodnet", "biology.eu/toolbox/en/download/occurrence/dataset/5526", "http://www.gbif.org/dataset/7b0b3928", "76bd", "4b4b", "b11b", "c5f858e294d8", "http://ipt.medobis.eu/resource?r=egyptexpeditionsipunculoideaphoronidaebrachiopodaenteropneustaacrania", "https://obis.org/dataset/ea46cabd", "f49d", "4d3b", "be46", "7d71ce7cf7f6", "http://www.eurobis.org//imis?dasid=5526"],
"creator" :[""],
"modificationDate" :[""],
"distribution" :["https://dx.doi.org/10.15468/hk89ld", "https://www.emodnet", "biology.eu/portal/index.php?dasid=5526", "https://www.emodnet", "biology.eu/toolbox/en/download/occurrence/dataset/5526", "http://www.gbif.org/dataset/7b0b3928", "76bd", "4b4b", "b11b", "c5f858e294d8", "http://ipt.medobis.eu/resource?r=egyptexpeditionsipunculoideaphoronidaebrachiopodaenteropneustaacrania", "https://obis.org/dataset/ea46cabd", "f49d", "4d3b", "be46", "7d71ce7cf7f6", "http://www.eurobis.org//imis?dasid=5526"],
"image" :[""],
"thumbnailUrl" :[""],
"headline" :["Stamatina Nikolopoulou and Irini Tsikopoulou (2016). Digitization of The fishery grounds near Alexandria. XVIII Sipunculoidea", "Phoronidea", "Brachiopoda", "Enteropneusta and Acrania. Notes and Memoirs No. 30. Fouad I Institute of Hydrobioloy and Fisheries", "1939", "Egypt https://dx.doi.org/10.15468/hk89ld"],
"abstract" :["This is a historical dataset that was published in 1939 by Ad. Steuer and concerns of the faunistic report on the Sipunculoidea", "Phoronidea", "Brachiopoda", "Enteropneusta and Acrania collected during the floristical and faunistical survey of Adolf Steuer on the coasts near Alexandria mainly with the vessel “El Hoot”."],
"theme" :[""],
"dateCreated" :["1933", "04", "01"],
"creditText" :[""],
"datePublished" :["2021", "03", "11T10:07:20"],
"producer" :[""],
"author" :[""],
"spatialCoverage" :["Egypt", "Alexandria"],
"url" :["https://metadatacatalogue.lifewatch.eu/srv/api/records/oai:marineinfo.org:id:dataset:5526/formatters/xml?approved=true"],
"sponsor" :[""],
"size" :[""],
"sameAs" :[""],
"publication" :[""],
"provider" :[""],
"position" :[""],
"name" :[""],
"measurementTechnique" :[""],
"material" :[""],
"maintainer" :[""],
"locationCreated" :["Egypt", "Alexandria"],
"issn" :[""],
"isPartOf" :[""],
"isBasedOn" :[""],
"isAccessibleForFree" :[""],
"includedInDataCatalog" :[""],
"editor" :[""],
"editEIDR" :[""],
"copyrightYear" :[""],
"copyrightNotice" :[""],
"copyrightHolder" :["Flanders Marine Institute", "VLIZ"],
"contributor" :["Flanders Marine Institute", "VLIZ"],
"contentReferenceTime" :[""],
"contentLocation" :[""],
"character" :[""],
"acquireLicensePage" :[""],
"accessModeSufficient" :[""],
"about" :[""],
"rights" :[""],
"relation" :[""],
"qualifiedRelation" :[""],
"qualifiedAttribution" :[""],
"previousVersion" :[""],
"nextVersion" :[""],
"landingPage" :["https://dx.doi.org/10.15468/hk89ld", "", "https://www.emodnet", "biology.eu/portal/index.php?dasid=5526", "", "https://www.emodnet", "biology.eu/toolbox/en/download/occurrence/dataset/5526", "", "http://www.gbif.org/dataset/7b0b3928", "76bd", "4b4b", "b11b", "c5f858e294d8", "", "http://ipt.medobis.eu/resource?r=egyptexpeditionsipunculoideaphoronidaebrachiopodaenteropneustaacrania", "", "https://obis.org/dataset/ea46cabd", "f49d", "4d3b", "be46", "7d71ce7cf7f6", "", "http://www.eurobis.org//imis?dasid=5526"],
"isReferencedBy" :["https://dx.doi.org/10.15468/hk89ld"],
"hasVersion" :[""],
"hasPolicy" :[""],
"hasCurrentVersion" :[""],
"useConstraints" :[""],
"status" :[""],
"spatialRepresentationType" :[""],
"spatialRepresentationInfo" :[""],
"scope" :[""],
"purpose" :[""],
"otherLocale" :[""],
"metadataProfile" :["Flanders Marine Institute (VLIZ)"],
"metadataLinkage" :[""],
"metadataIdentifier" :[""],
"environmentDescription" :[""],
"distributionInfo" :["https://dx.doi.org/10.15468/hk89ld", "https://www.emodnet", "biology.eu/portal/index.php?dasid=5526", "https://www.emodnet", "biology.eu/toolbox/en/download/occurrence/dataset/5526", "http://www.gbif.org/dataset/7b0b3928", "76bd", "4b4b", "b11b", "c5f858e294d8", "http://ipt.medobis.eu/resource?r=egyptexpeditionsipunculoideaphoronidaebrachiopodaenteropneustaacrania", "https://obis.org/dataset/ea46cabd", "f49d", "4d3b", "be46", "7d71ce7cf7f6", "http://www.eurobis.org//imis?dasid=5526"],
"dataQualityInfo" :[""],
"contentInfo" :[""],
"ResearchInfrastructure" :["LifeWatch"],
"EssentialVariables" :[""],
"potentialTopics" :["near", "fishery", "ground", "xviii", "institute", "note", "memoir", "digitization", "published", "faunistic", "collected", "coast", "survey", "report", "historical", "concern", "vessel", "mainly"]
}