{
"description" :["None"],
"identifier" :["http://www.emodnet", "biology.eu/portal/index.php?dasid=2744", "https://www.emodnet", "biology.eu/toolbox/en/download/occurrence/dataset/2744", "https://obis.org/dataset/9243edbf", "0c0e", "4b95", "a181", "973223b0c78c", "http://www.eurobis.org//imis?dasid=2744"],
"keywords" :[""],
"language" :["English"],
"accessibilitySummary" :[""],
"contact" :["Koninklijk Nederlands Instituut voor Onderzoek der Zee"],
"version" :[""],
"temporalCoverage" :["1965", "01", "01"],
"publisher" :["Koninklijk Nederlands Instituut voor Onderzoek der Zee", "Flanders Marine Institute"],
"spatial" :["Indian Ocean"],
"license" :[""],
"citation" :["None"],
"genre" :["http://www.emodnet", "biology.eu/portal/index.php?dasid=2744", "https://www.emodnet", "biology.eu/toolbox/en/download/occurrence/dataset/2744", "https://obis.org/dataset/9243edbf", "0c0e", "4b95", "a181", "973223b0c78c", "http://www.eurobis.org//imis?dasid=2744"],
"creator" :["Koninklijk Nederlands Instituut voor Onderzoek der Zee"],
"modificationDate" :[""],
"distribution" :["http://www.emodnet", "biology.eu/portal/index.php?dasid=2744", "https://www.emodnet", "biology.eu/toolbox/en/download/occurrence/dataset/2744", "https://obis.org/dataset/9243edbf", "0c0e", "4b95", "a181", "973223b0c78c", "http://www.eurobis.org//imis?dasid=2744"],
"image" :[""],
"thumbnailUrl" :[""],
"headline" :["None"],
"abstract" :["The Netherlands Indian Ocean Programme (NIOP) studied the effect of the monsoon on the climate system in the northern Indian Ocean. Information on the research themes", "scientists involved and instruments used together with most of the basic scientific data gathered from May 1992 until February 1993 is available on a CDRom. It was developed in cooperation with the Netherlands Geosci. Foundation (GOA) and ETI Biodiversity Centre in the Netherlands.Through PANGAEA", "data on the abundance of dinoflagellate cysts have been made available."],
"theme" :[""],
"dateCreated" :["1965", "01", "01"],
"creditText" :[""],
"datePublished" :["2021", "03", "11T09:42:24"],
"producer" :[""],
"author" :[""],
"spatialCoverage" :["Indian Ocean"],
"url" :["https://metadatacatalogue.lifewatch.eu/srv/api/records/oai:marineinfo.org:id:dataset:2744/formatters/xml?approved=true"],
"sponsor" :[""],
"size" :[""],
"sameAs" :[""],
"publication" :[""],
"provider" :[""],
"position" :[""],
"name" :[""],
"measurementTechnique" :[""],
"material" :[""],
"maintainer" :[""],
"locationCreated" :["Indian Ocean"],
"issn" :[""],
"isPartOf" :[""],
"isBasedOn" :[""],
"isAccessibleForFree" :[""],
"includedInDataCatalog" :[""],
"editor" :[""],
"editEIDR" :[""],
"copyrightYear" :[""],
"copyrightNotice" :[""],
"copyrightHolder" :["Koninklijk Nederlands Instituut voor Onderzoek der Zee", "Flanders Marine Institute"],
"contributor" :["Koninklijk Nederlands Instituut voor Onderzoek der Zee", "Flanders Marine Institute"],
"contentReferenceTime" :[""],
"contentLocation" :[""],
"character" :[""],
"acquireLicensePage" :[""],
"accessModeSufficient" :[""],
"about" :[""],
"rights" :[""],
"relation" :[""],
"qualifiedRelation" :[""],
"qualifiedAttribution" :[""],
"previousVersion" :[""],
"nextVersion" :[""],
"landingPage" :["http://www.emodnet", "biology.eu/portal/index.php?dasid=2744", "", "https://www.emodnet", "biology.eu/toolbox/en/download/occurrence/dataset/2744", "", "https://obis.org/dataset/9243edbf", "0c0e", "4b95", "a181", "973223b0c78c", "", "http://www.eurobis.org//imis?dasid=2744"],
"isReferencedBy" :[""],
"hasVersion" :[""],
"hasPolicy" :[""],
"hasCurrentVersion" :[""],
"useConstraints" :[""],
"status" :[""],
"spatialRepresentationType" :[""],
"spatialRepresentationInfo" :[""],
"scope" :[""],
"purpose" :[""],
"otherLocale" :[""],
"metadataProfile" :["Flanders Marine Institute (VLIZ)"],
"metadataLinkage" :[""],
"metadataIdentifier" :[""],
"environmentDescription" :[""],
"distributionInfo" :["http://www.emodnet", "biology.eu/portal/index.php?dasid=2744", "https://www.emodnet", "biology.eu/toolbox/en/download/occurrence/dataset/2744", "https://obis.org/dataset/9243edbf", "0c0e", "4b95", "a181", "973223b0c78c", "http://www.eurobis.org//imis?dasid=2744"],
"dataQualityInfo" :[""],
"contentInfo" :[""],
"ResearchInfrastructure" :["LifeWatch"],
"EssentialVariables" :["Community abundance"],
"potentialTopics" :["ocean", "data", "available", "effect", "cyst", "system", "cooperation", "abundance", "may", "together", "none", "involved", "information", "made", "climate", "scientist", "scientific", "used", "goa", "monsoon"]
}