{
"description" :["None"],
"identifier" :["https://www.emodnet", "biology.eu/portal/index.php?dasid=5993", "https://www.emodnet", "biology.eu/toolbox/en/download/occurrence/dataset/5993", "http://ipt.naturalsciences.be/resource?r=be_rbins_vertebrates_reptilia", "https://obis.org/dataset/a86b3849", "dc24", "4058", "a8a6", "7b6fd55a0151", "http://www.eurobis.org//imis?dasid=5993"],
"keywords" :["Marine reptiles"],
"language" :["English"],
"accessibilitySummary" :[""],
"contact" :["Flanders Marine Institute ("],
"version" :[""],
"temporalCoverage" :["1800", "06", "19"],
"publisher" :["Flanders Marine Institute", "VLIZ", "Semal", "Royal Belgian Institute of Natural Sciences"],
"spatial" :[""],
"license" :[""],
"citation" :["Semal", "P. (2020) Royal Belgian Institute of Natural Sciences Pisces collection"],
"genre" :["class", "https://www.emodnet", "biology.eu/portal/index.php?dasid=5993", "https://www.emodnet", "biology.eu/toolbox/en/download/occurrence/dataset/5993", "http://ipt.naturalsciences.be/resource?r=be_rbins_vertebrates_reptilia", "https://obis.org/dataset/a86b3849", "dc24", "4058", "a8a6", "7b6fd55a0151", "http://www.eurobis.org//imis?dasid=5993"],
"creator" :[""],
"modificationDate" :[""],
"distribution" :["https://www.emodnet", "biology.eu/portal/index.php?dasid=5993", "https://www.emodnet", "biology.eu/toolbox/en/download/occurrence/dataset/5993", "http://ipt.naturalsciences.be/resource?r=be_rbins_vertebrates_reptilia", "https://obis.org/dataset/a86b3849", "dc24", "4058", "a8a6", "7b6fd55a0151", "http://www.eurobis.org//imis?dasid=5993"],
"image" :[""],
"thumbnailUrl" :[""],
"headline" :["Semal", "P. (2020) Royal Belgian Institute of Natural Sciences Pisces collection"],
"abstract" :["The Royal Belgian Institute of Natural Sciences Reptilia collection contains 211 digitised specimens over 24 taxa (mostly species). This dataset only contains the marine species of the collection. The following classes are included: Reptilia Laurenti", "1768."],
"theme" :["species"],
"dateCreated" :["1800", "06", "19"],
"creditText" :[""],
"datePublished" :["2021", "03", "11T09:58:52"],
"producer" :[""],
"author" :[""],
"spatialCoverage" :[""],
"url" :["https://metadatacatalogue.lifewatch.eu/srv/api/records/oai:marineinfo.org:id:dataset:5993/formatters/xml?approved=true"],
"sponsor" :[""],
"size" :[""],
"sameAs" :[""],
"publication" :[""],
"provider" :[""],
"position" :[""],
"name" :[""],
"measurementTechnique" :[""],
"material" :[""],
"maintainer" :[""],
"locationCreated" :[""],
"issn" :[""],
"isPartOf" :[""],
"isBasedOn" :[""],
"isAccessibleForFree" :[""],
"includedInDataCatalog" :[""],
"editor" :[""],
"editEIDR" :[""],
"copyrightYear" :[""],
"copyrightNotice" :[""],
"copyrightHolder" :["Flanders Marine Institute", "VLIZ"],
"contributor" :["Flanders Marine Institute", "VLIZ"],
"contentReferenceTime" :[""],
"contentLocation" :[""],
"character" :[""],
"acquireLicensePage" :[""],
"accessModeSufficient" :[""],
"about" :[""],
"rights" :[""],
"relation" :[""],
"qualifiedRelation" :[""],
"qualifiedAttribution" :[""],
"previousVersion" :[""],
"nextVersion" :[""],
"landingPage" :["https://www.emodnet", "biology.eu/portal/index.php?dasid=5993", "", "https://www.emodnet", "biology.eu/toolbox/en/download/occurrence/dataset/5993", "", "http://ipt.naturalsciences.be/resource?r=be_rbins_vertebrates_reptilia", "", "https://obis.org/dataset/a86b3849", "dc24", "4058", "a8a6", "7b6fd55a0151", "", "http://www.eurobis.org//imis?dasid=5993"],
"isReferencedBy" :[""],
"hasVersion" :[""],
"hasPolicy" :[""],
"hasCurrentVersion" :[""],
"useConstraints" :[""],
"status" :[""],
"spatialRepresentationType" :[""],
"spatialRepresentationInfo" :[""],
"scope" :[""],
"purpose" :[""],
"otherLocale" :[""],
"metadataProfile" :["Flanders Marine Institute (VLIZ)"],
"metadataLinkage" :[""],
"metadataIdentifier" :[""],
"environmentDescription" :[""],
"distributionInfo" :["https://www.emodnet", "biology.eu/portal/index.php?dasid=5993", "https://www.emodnet", "biology.eu/toolbox/en/download/occurrence/dataset/5993", "http://ipt.naturalsciences.be/resource?r=be_rbins_vertebrates_reptilia", "https://obis.org/dataset/a86b3849", "dc24", "4058", "a8a6", "7b6fd55a0151", "http://www.eurobis.org//imis?dasid=5993"],
"dataQualityInfo" :[""],
"contentInfo" :[""],
"ResearchInfrastructure" :["LifeWatch"],
"EssentialVariables" :["Species distributions", "Species abundances", "Taxonomic/phylogenetic diversity"],
"potentialTopics" :["collection", "natural", "institute", "science", "royal", "contains", "specie", "included", "following", "mostly", "class", "specimen", "marine", "taxon"]
}