{
"description" :["None"],
"identifier" :["http://www.emodnet", "biology.eu/portal/index.php?dasid=1611", "https://www.emodnet", "biology.eu/toolbox/en/download/occurrence/dataset/1611", "http://mda.vliz.be/mda/directlink.php?fid=VLIZ_00000014_1206018409", "https://obis.org/dataset/4903d162", "73ef", "4abc", "a934", "7aae1adf5803", "http://www.eurobis.org//imis?dasid=1611"],
"keywords" :["Benthos"],
"language" :["English"],
"accessibilitySummary" :[""],
"contact" :["Sotiris"],
"version" :[""],
"temporalCoverage" :["2004", "02", "01"],
"publisher" :["Flanders Marine Institute", "VLIZ", "Orfanidis S.", "Tsiaga E.", "National Agricultural Research Foundation", "Fisheries Research Institute"],
"spatial" :["Kavala Gulf"],
"license" :[""],
"citation" :["Orfanidis S.; Tsiaga E. (2004). National monitoring of macrobenthos in the Kavala Gulf. National Agricultural Research Foundation; Fisheries Research Institute (FRI)", "Greece."],
"genre" :["http://www.emodnet", "biology.eu/portal/index.php?dasid=1611", "https://www.emodnet", "biology.eu/toolbox/en/download/occurrence/dataset/1611", "http://mda.vliz.be/mda/directlink.php?fid=VLIZ_00000014_1206018409", "https://obis.org/dataset/4903d162", "73ef", "4abc", "a934", "7aae1adf5803", "http://www.eurobis.org//imis?dasid=1611"],
"creator" :["Sotiris"],
"modificationDate" :[""],
"distribution" :["http://www.emodnet", "biology.eu/portal/index.php?dasid=1611", "https://www.emodnet", "biology.eu/toolbox/en/download/occurrence/dataset/1611", "http://mda.vliz.be/mda/directlink.php?fid=VLIZ_00000014_1206018409", "https://obis.org/dataset/4903d162", "73ef", "4abc", "a934", "7aae1adf5803", "http://www.eurobis.org//imis?dasid=1611"],
"image" :[""],
"thumbnailUrl" :[""],
"headline" :["Orfanidis S.; Tsiaga E. (2004). National monitoring of macrobenthos in the Kavala Gulf. National Agricultural Research Foundation; Fisheries Research Institute (FRI)", "Greece."],
"abstract" :["Data were collected as part of a monitoring programme", "studying the changes in seaweed communities across an eutrophication gradient in the Kavala Gulf. As part of the Water Framework Directive (WFD)", "the results of this study were then compared to the Ecological Status assessment of the coastline", "based on the Ecological Evaluation Index (EEI)."],
"theme" :[""],
"dateCreated" :["2004", "02", "01"],
"creditText" :[""],
"datePublished" :["2021", "03", "11T09:24:35"],
"producer" :[""],
"author" :[""],
"spatialCoverage" :["Kavala Gulf"],
"url" :["https://metadatacatalogue.lifewatch.eu/srv/api/records/oai:marineinfo.org:id:dataset:1611/formatters/xml?approved=true"],
"sponsor" :[""],
"size" :[""],
"sameAs" :[""],
"publication" :[""],
"provider" :[""],
"position" :[""],
"name" :[""],
"measurementTechnique" :[""],
"material" :[""],
"maintainer" :[""],
"locationCreated" :["Kavala Gulf"],
"issn" :[""],
"isPartOf" :[""],
"isBasedOn" :[""],
"isAccessibleForFree" :[""],
"includedInDataCatalog" :[""],
"editor" :[""],
"editEIDR" :[""],
"copyrightYear" :[""],
"copyrightNotice" :[""],
"copyrightHolder" :["Flanders Marine Institute", "VLIZ"],
"contributor" :["Flanders Marine Institute", "VLIZ"],
"contentReferenceTime" :[""],
"contentLocation" :[""],
"character" :[""],
"acquireLicensePage" :[""],
"accessModeSufficient" :[""],
"about" :[""],
"rights" :[""],
"relation" :[""],
"qualifiedRelation" :[""],
"qualifiedAttribution" :[""],
"previousVersion" :[""],
"nextVersion" :[""],
"landingPage" :["http://www.emodnet", "biology.eu/portal/index.php?dasid=1611", "", "https://www.emodnet", "biology.eu/toolbox/en/download/occurrence/dataset/1611", "", "http://mda.vliz.be/mda/directlink.php?fid=VLIZ_00000014_1206018409", "", "https://obis.org/dataset/4903d162", "73ef", "4abc", "a934", "7aae1adf5803", "", "http://www.eurobis.org//imis?dasid=1611"],
"isReferencedBy" :[""],
"hasVersion" :[""],
"hasPolicy" :[""],
"hasCurrentVersion" :[""],
"useConstraints" :[""],
"status" :[""],
"spatialRepresentationType" :[""],
"spatialRepresentationInfo" :[""],
"scope" :[""],
"purpose" :[""],
"otherLocale" :[""],
"metadataProfile" :["Flanders Marine Institute (VLIZ)"],
"metadataLinkage" :[""],
"metadataIdentifier" :[""],
"environmentDescription" :[""],
"distributionInfo" :["http://www.emodnet", "biology.eu/portal/index.php?dasid=1611", "https://www.emodnet", "biology.eu/toolbox/en/download/occurrence/dataset/1611", "http://mda.vliz.be/mda/directlink.php?fid=VLIZ_00000014_1206018409", "https://obis.org/dataset/4903d162", "73ef", "4abc", "a934", "7aae1adf5803", "http://www.eurobis.org//imis?dasid=1611"],
"dataQualityInfo" :[""],
"contentInfo" :[""],
"ResearchInfrastructure" :["LifeWatch"],
"EssentialVariables" :["Community abundance"],
"potentialTopics" :["national", "monitoring", "gulf", "research", "foundation", "fishery", "agricultural", "institute", "part", "ecological", "status", "eutrophication", "across", "evaluation", "water", "collected", "study", "community", "based", "seaweed", "gradient", "change", "assessment"]
}