{
"description" :["None"],
"identifier" :["http://www.emodnet", "biology.eu/portal/index.php?dasid=5976", "http://www.emodnet", "biology.eu/toolbox/en/download/occurrence/dataset/5976", "http://ipt.naturalsciences.be/resource?r=idod_amore_1", "https://obis.org/dataset/409ce59b", "e26f", "4196", "be98", "d79a52c8bf76", "http://www.eurobis.org//imis?dasid=5976"],
"keywords" :["Algae Diatoms"],
"language" :["English"],
"accessibilitySummary" :[""],
"contact" :["Flanders Marine Institute ("],
"version" :[""],
"temporalCoverage" :["1997", "01", "28"],
"publisher" :["http://ipt.naturalsciences.be/resource?r=idod_amore_1", "Flanders Marine Institute", "VLIZ", "Daro", "M. H. & Lancelot", "Advanced Modelling & Research on Eutrophication & the Structure"],
"spatial" :["Belgium"],
"license" :[""],
"citation" :["Daro", "M. H. & Lancelot", "C. (2019) Occurrences from Advanced Modelling & Research on Eutrophication & the Structure of coastal planktonic food", "webs: mechanisms &modelling (AMORE)."],
"genre" :["order", "order", "order", "http://www.emodnet", "biology.eu/portal/index.php?dasid=5976", "http://www.emodnet", "biology.eu/toolbox/en/download/occurrence/dataset/5976", "http://ipt.naturalsciences.be/resource?r=idod_amore_1", "https://obis.org/dataset/409ce59b", "e26f", "4196", "be98", "d79a52c8bf76", "http://www.eurobis.org//imis?dasid=5976"],
"creator" :["Marie Hermande"],
"modificationDate" :[""],
"distribution" :["http://www.emodnet", "biology.eu/portal/index.php?dasid=5976", "http://www.emodnet", "biology.eu/toolbox/en/download/occurrence/dataset/5976", "http://ipt.naturalsciences.be/resource?r=idod_amore_1", "https://obis.org/dataset/409ce59b", "e26f", "4196", "be98", "d79a52c8bf76", "http://www.eurobis.org//imis?dasid=5976"],
"image" :[""],
"thumbnailUrl" :[""],
"headline" :["Daro", "M. H. & Lancelot", "C. (2019) Occurrences from Advanced Modelling & Research on Eutrophication & the Structure of coastal planktonic food", "webs: mechanisms &modelling (AMORE)."],
"abstract" :["The AMORE project contributes to the implementation of an integrated land", "coastal zone research methodology to assess and predict the eutrophication level of the coastal North Sea and the associated undesirable effects.  The ultimate aim is to reduce the current context of uncertainty in which decisions to counteract the eutrophication of the NS and protect its natural resources are made. Process", "level field and laboratory", "scale experiments were conducted to improve the basic knowledge on mechanisms through which a change in nutrients (in terms of N:P:Si NO3:NH4 inorganic:organic N ratios) induced modification in the phytoplanktonic community structure and hence the functioning of the whole planktonic food", "web. For this the MUMM station 330_a has been monitored for a period of three years."],
"theme" :["organism", "fungi"],
"dateCreated" :["1997", "01", "28"],
"creditText" :[""],
"datePublished" :["2021", "03"],
"producer" :[""],
"author" :[""],
"spatialCoverage" :["Belgium"],
"url" :["https://metadatacatalogue.lifewatch.eu/srv/api/records/oai:marineinfo.org:id:dataset:5976/formatters/xml?approved=true"],
"sponsor" :[""],
"size" :[""],
"sameAs" :[""],
"publication" :[""],
"provider" :[""],
"position" :[""],
"name" :[""],
"measurementTechnique" :[""],
"material" :[""],
"maintainer" :[""],
"locationCreated" :["Belgium"],
"issn" :[""],
"isPartOf" :[""],
"isBasedOn" :[""],
"isAccessibleForFree" :[""],
"includedInDataCatalog" :[""],
"editor" :[""],
"editEIDR" :[""],
"copyrightYear" :[""],
"copyrightNotice" :[""],
"copyrightHolder" :["Flanders Marine Institute", "VLIZ"],
"contributor" :["Flanders Marine Institute", "VLIZ"],
"contentReferenceTime" :[""],
"contentLocation" :[""],
"character" :[""],
"acquireLicensePage" :[""],
"accessModeSufficient" :[""],
"about" :[""],
"rights" :[""],
"relation" :[""],
"qualifiedRelation" :[""],
"qualifiedAttribution" :[""],
"previousVersion" :[""],
"nextVersion" :[""],
"landingPage" :["http://www.emodnet", "biology.eu/portal/index.php?dasid=5976", "", "http://www.emodnet", "biology.eu/toolbox/en/download/occurrence/dataset/5976", "", "http://ipt.naturalsciences.be/resource?r=idod_amore_1", "", "https://obis.org/dataset/409ce59b", "e26f", "4196", "be98", "d79a52c8bf76", "", "http://www.eurobis.org//imis?dasid=5976"],
"isReferencedBy" :[""],
"hasVersion" :[""],
"hasPolicy" :[""],
"hasCurrentVersion" :[""],
"useConstraints" :[""],
"status" :[""],
"spatialRepresentationType" :[""],
"spatialRepresentationInfo" :[""],
"scope" :[""],
"purpose" :[""],
"otherLocale" :[""],
"metadataProfile" :["Flanders Marine Institute (VLIZ)"],
"metadataLinkage" :[""],
"metadataIdentifier" :[""],
"environmentDescription" :[""],
"distributionInfo" :["http://www.emodnet", "biology.eu/portal/index.php?dasid=5976", "http://www.emodnet", "biology.eu/toolbox/en/download/occurrence/dataset/5976", "http://ipt.naturalsciences.be/resource?r=idod_amore_1", "https://obis.org/dataset/409ce59b", "e26f", "4196", "be98", "d79a52c8bf76", "http://www.eurobis.org//imis?dasid=5976"],
"dataQualityInfo" :[""],
"contentInfo" :[""],
"ResearchInfrastructure" :["LifeWatch"],
"EssentialVariables" :[""],
"potentialTopics" :["eutrophication", "ultimate", "improve", "north", "context", "term", "three", "whole", "undesirable", "basic", "planktonic", "structure", "research", "mechanism", "coastal", "advanced", "occurrence", "hence", "uncertainty", "aim", "functioning", "year", "monitored"]
}