{
"description" :["None"],
"identifier" :["http://nodc.ogs.trieste.it/nodc/metadata/doidetails?doi=10.6092/ffbf4a8a", "e1a5", "4199", "9039", "8c61d4935939", "https://doi.org/10.6092/ffbf4a8a", "e1a5", "4199", "9039", "8c61d4935939", "http://www.emodnet", "biology.eu/portal/index.php?dasid=5735", "https://www.emodnet", "biology.eu/toolbox/en/download/occurrence/dataset/5735", "http://nodc.ogs.trieste.it/ipt/resource.do?r=taranto", "microphytobenthos", "https://obis.org/dataset/2c02b6a1", "4ee0", "4ace", "86e8", "7abeb963bfa1", "http://www.eurobis.org//imis?dasid=5735"],
"keywords" :["Microphytobenthos"],
"language" :["English"],
"accessibilitySummary" :[""],
"contact" :[""],
"version" :[""],
"temporalCoverage" :["2013", "01", "01"],
"publisher" :["https://doi.org/10.6092/ffbf4a8a", "e1a5", "4199", "9039", "8c61d4935939", "Flanders Marine Institute", "VLIZ", "OGS", "Istituto Nazionale di Oceanografia e di Geofisica Sperimentale", "Division of Oceanography"],
"spatial" :["Italy", "Taranto Gulf"],
"license" :[""],
"citation" :["Cibic T.", "Del Negro P. (2017): Microphytobenthos monitoring in the Mar Piccolo of Taranto. 2013", "2014. OGS (Istituto Nazionale di Oceanografia e di Geofisica Sperimentale)", "Division of Oceanography. https://doi.org/10.6092/ffbf4a8a", "e1a5", "4199", "9039", "8c61d4935939"],
"genre" :["class", "http://nodc.ogs.trieste.it/nodc/metadata/doidetails?doi=10.6092/ffbf4a8a", "e1a5", "4199", "9039", "8c61d4935939", "https://doi.org/10.6092/ffbf4a8a", "e1a5", "4199", "9039", "8c61d4935939", "http://www.emodnet", "biology.eu/portal/index.php?dasid=5735", "https://www.emodnet", "biology.eu/toolbox/en/download/occurrence/dataset/5735", "http://nodc.ogs.trieste.it/ipt/resource.do?r=taranto", "microphytobenthos", "https://obis.org/dataset/2c02b6a1", "4ee0", "4ace", "86e8", "7abeb963bfa1", "http://www.eurobis.org//imis?dasid=5735"],
"creator" :["Paola"],
"modificationDate" :[""],
"distribution" :["http://nodc.ogs.trieste.it/nodc/metadata/doidetails?doi=10.6092/ffbf4a8a", "e1a5", "4199", "9039", "8c61d4935939", "https://doi.org/10.6092/ffbf4a8a", "e1a5", "4199", "9039", "8c61d4935939", "http://www.emodnet", "biology.eu/portal/index.php?dasid=5735", "https://www.emodnet", "biology.eu/toolbox/en/download/occurrence/dataset/5735", "http://nodc.ogs.trieste.it/ipt/resource.do?r=taranto", "microphytobenthos", "https://obis.org/dataset/2c02b6a1", "4ee0", "4ace", "86e8", "7abeb963bfa1", "http://www.eurobis.org//imis?dasid=5735"],
"image" :[""],
"thumbnailUrl" :[""],
"headline" :["Cibic T.", "Del Negro P. (2017): Microphytobenthos monitoring in the Mar Piccolo of Taranto. 2013", "2014. OGS (Istituto Nazionale di Oceanografia e di Geofisica Sperimentale)", "Division of Oceanography. https://doi.org/10.6092/ffbf4a8a", "e1a5", "4199", "9039", "8c61d4935939"],
"abstract" :["Microphytobenthos monitoring in the Mar Piccolo of Taranto", "2013", "2014 in the framework of the Italian flagship project RITMARE"],
"theme" :[""],
"dateCreated" :["2013", "01", "01"],
"creditText" :[""],
"datePublished" :["2021", "03", "11T10:02:22"],
"producer" :[""],
"author" :[""],
"spatialCoverage" :["Italy", "Taranto Gulf"],
"url" :["https://metadatacatalogue.lifewatch.eu/srv/api/records/oai:marineinfo.org:id:dataset:5735/formatters/xml?approved=true"],
"sponsor" :[""],
"size" :[""],
"sameAs" :[""],
"publication" :[""],
"provider" :[""],
"position" :[""],
"name" :[""],
"measurementTechnique" :[""],
"material" :[""],
"maintainer" :[""],
"locationCreated" :["Italy", "Taranto Gulf"],
"issn" :[""],
"isPartOf" :[""],
"isBasedOn" :[""],
"isAccessibleForFree" :[""],
"includedInDataCatalog" :[""],
"editor" :[""],
"editEIDR" :[""],
"copyrightYear" :[""],
"copyrightNotice" :[""],
"copyrightHolder" :["Flanders Marine Institute", "VLIZ"],
"contributor" :["Flanders Marine Institute", "VLIZ"],
"contentReferenceTime" :[""],
"contentLocation" :[""],
"character" :[""],
"acquireLicensePage" :[""],
"accessModeSufficient" :[""],
"about" :[""],
"rights" :[""],
"relation" :[""],
"qualifiedRelation" :[""],
"qualifiedAttribution" :[""],
"previousVersion" :[""],
"nextVersion" :[""],
"landingPage" :["http://nodc.ogs.trieste.it/nodc/metadata/doidetails?doi=10.6092/ffbf4a8a", "e1a5", "4199", "9039", "8c61d4935939", "", "https://doi.org/10.6092/ffbf4a8a", "e1a5", "4199", "9039", "8c61d4935939", "", "http://www.emodnet", "biology.eu/portal/index.php?dasid=5735", "", "https://www.emodnet", "biology.eu/toolbox/en/download/occurrence/dataset/5735", "", "http://nodc.ogs.trieste.it/ipt/resource.do?r=taranto", "microphytobenthos", "", "https://obis.org/dataset/2c02b6a1", "4ee0", "4ace", "86e8", "7abeb963bfa1", "", "http://www.eurobis.org//imis?dasid=5735"],
"isReferencedBy" :["https://doi.org/10.6092/ffbf4a8a", "e1a5", "4199", "9039", "8c61d4935939"],
"hasVersion" :[""],
"hasPolicy" :[""],
"hasCurrentVersion" :[""],
"useConstraints" :[""],
"status" :[""],
"spatialRepresentationType" :[""],
"spatialRepresentationInfo" :[""],
"scope" :[""],
"purpose" :[""],
"otherLocale" :[""],
"metadataProfile" :["Flanders Marine Institute (VLIZ)"],
"metadataLinkage" :[""],
"metadataIdentifier" :[""],
"environmentDescription" :[""],
"distributionInfo" :["http://nodc.ogs.trieste.it/nodc/metadata/doidetails?doi=10.6092/ffbf4a8a", "e1a5", "4199", "9039", "8c61d4935939", "https://doi.org/10.6092/ffbf4a8a", "e1a5", "4199", "9039", "8c61d4935939", "http://www.emodnet", "biology.eu/portal/index.php?dasid=5735", "https://www.emodnet", "biology.eu/toolbox/en/download/occurrence/dataset/5735", "http://nodc.ogs.trieste.it/ipt/resource.do?r=taranto", "microphytobenthos", "https://obis.org/dataset/2c02b6a1", "4ee0", "4ace", "86e8", "7abeb963bfa1", "http://www.eurobis.org//imis?dasid=5735"],
"dataQualityInfo" :[""],
"contentInfo" :[""],
"ResearchInfrastructure" :["LifeWatch"],
"EssentialVariables" :["Physiology"],
"potentialTopics" :["division", "negro", "oceanography", "piccolo", "monitoring", "mar", "framework", "flagship", "project"]
}