{
"description" :["None"],
"identifier" :["http://www.emodnet", "biology.eu/portal/index.php?dasid=5400", "https://www.emodnet", "biology.eu/toolbox/en/download/occurrence/dataset/5400", "http://www.eurobis.org//imis?dasid=5400"],
"keywords" :["Environmental parameters"],
"language" :["English"],
"accessibilitySummary" :[""],
"contact" :["Vlaams Instituut voor de Zee"],
"version" :[""],
"temporalCoverage" :["1990", "03", "09"],
"publisher" :["https://www.emodnet", "biology.eu/toolbox/en/download/occurrence/dataset/5400", "Vlaams Instituut voor de Zee", "Flanders Marine Institute", "VLIZ", "Daro M.H.", "Laboratorium voor Ecologie en Systematiek", "Lamu", "Applied Marine Ecology Post Graduate Program", "VUB"],
"spatial" :["Kenya"],
"license" :[""],
"citation" :["Osore M.K.W.; Daro M.H.; Fundamental and Applied Marine Ecology Post Graduate Program (FAME); Laboratorium voor Ecologie en Systematiek. VUB: Belgium; (2016): Seasonal variation of the zooplankton community at Gazi", "Lamu and Malindi (Kenya) sampled between 1990 and 1992. (http://www.vliz.be/en/imis?module=dataset&dasid=5400) http://dx.doi.org/10.14284/153"],
"genre" :["family", "species", "order", "class", "class", "infraorder", "family", "family", "family", "infraorder", "family", "phylum", "infraclass", "superorder", "family", "family", "family", "phylum", "order", "order", "order", "family", "family", "order", "family", "genus", "class", "superfamily", "suborder", "order", "Medusae", "family", "family", "family", "family", "order", "phylum", "genus", "family", "family", "class", "family", "genus", "family", "family", "family", "order", "family", "family", "order", "order", "order", "family", "family", "http://www.emodnet", "biology.eu/portal/index.php?dasid=5400", "https://www.emodnet", "biology.eu/toolbox/en/download/occurrence/dataset/5400", "http://www.eurobis.org//imis?dasid=5400"],
"creator" :["Melckzedeck"],
"modificationDate" :[""],
"distribution" :["http://www.emodnet", "biology.eu/portal/index.php?dasid=5400", "https://www.emodnet", "biology.eu/toolbox/en/download/occurrence/dataset/5400", "http://www.eurobis.org//imis?dasid=5400"],
"image" :[""],
"thumbnailUrl" :[""],
"headline" :["Osore M.K.W.; Daro M.H.; Fundamental and Applied Marine Ecology Post Graduate Program (FAME); Laboratorium voor Ecologie en Systematiek. VUB: Belgium; (2016): Seasonal variation of the zooplankton community at Gazi", "Lamu and Malindi (Kenya) sampled between 1990 and 1992. (http://www.vliz.be/en/imis?module=dataset&dasid=5400) http://dx.doi.org/10.14284/153"],
"abstract" :["Copepoda species list", "zooplankton densities and measurement of environmental variables at Gazi", "Malindi and Lamu sampled between March and December 1992. The data were digitized by VLIZ from the original report: Osore", "M. K. W. (1994). A study of the zooplankton of Gazi Bay", "Kenya and the adjecent waters: community structure and seasonal variation. MSc Thesis. Universiteit Gent: Ghent. 112 pp."],
"theme" :["species"],
"dateCreated" :["1990", "03", "09"],
"creditText" :[""],
"datePublished" :["2021", "03", "11T09:38:42"],
"producer" :[""],
"author" :[""],
"spatialCoverage" :["Kenya"],
"url" :["https://metadatacatalogue.lifewatch.eu/srv/api/records/oai:marineinfo.org:id:dataset:5400/formatters/xml?approved=true"],
"sponsor" :[""],
"size" :[""],
"sameAs" :[""],
"publication" :[""],
"provider" :[""],
"position" :[""],
"name" :[""],
"measurementTechnique" :[""],
"material" :[""],
"maintainer" :[""],
"locationCreated" :["Kenya"],
"issn" :[""],
"isPartOf" :[""],
"isBasedOn" :[""],
"isAccessibleForFree" :[""],
"includedInDataCatalog" :[""],
"editor" :[""],
"editEIDR" :[""],
"copyrightYear" :[""],
"copyrightNotice" :[""],
"copyrightHolder" :["Vlaams Instituut voor de Zee", "Flanders Marine Institute", "VLIZ"],
"contributor" :["Vlaams Instituut voor de Zee", "Flanders Marine Institute", "VLIZ"],
"contentReferenceTime" :[""],
"contentLocation" :[""],
"character" :[""],
"acquireLicensePage" :[""],
"accessModeSufficient" :[""],
"about" :[""],
"rights" :[""],
"relation" :[""],
"qualifiedRelation" :[""],
"qualifiedAttribution" :[""],
"previousVersion" :[""],
"nextVersion" :[""],
"landingPage" :["http://www.emodnet", "biology.eu/portal/index.php?dasid=5400", "", "https://www.emodnet", "biology.eu/toolbox/en/download/occurrence/dataset/5400", "", "http://www.eurobis.org//imis?dasid=5400"],
"isReferencedBy" :["http://www.vliz.be/en/imis?module=dataset&dasid=5400)", "http://dx.doi.org/10.14284/153"],
"hasVersion" :[""],
"hasPolicy" :[""],
"hasCurrentVersion" :[""],
"useConstraints" :[""],
"status" :[""],
"spatialRepresentationType" :[""],
"spatialRepresentationInfo" :[""],
"scope" :[""],
"purpose" :[""],
"otherLocale" :[""],
"metadataProfile" :["Flanders Marine Institute (VLIZ)"],
"metadataLinkage" :[""],
"metadataIdentifier" :[""],
"environmentDescription" :[""],
"distributionInfo" :["http://www.emodnet", "biology.eu/portal/index.php?dasid=5400", "https://www.emodnet", "biology.eu/toolbox/en/download/occurrence/dataset/5400", "http://www.eurobis.org//imis?dasid=5400"],
"dataQualityInfo" :[""],
"contentInfo" :[""],
"ResearchInfrastructure" :["LifeWatch"],
"EssentialVariables" :["Species distributions", "Species abundances", "Physiology", "Community abundance", "Taxonomic/phylogenetic diversity"],
"potentialTopics" :["seasonal", "variation", "sampled", "community", "zooplankton", "thesis", "environmental", "study", "variable", "bay", "post", "fame", "ecology", "applied", "graduate", "fundamental", "marine", "program", "march", "structure", "list", "data", "digitized", "measurement", "specie", "density", "water"]
}