{
"description" :["None"],
"identifier" :["http://www.emodnet", "biology.eu/portal/index.php?dasid=2886", "https://www.emodnet", "biology.eu/toolbox/en/download/occurrence/dataset/2886", "http://mda.vliz.be/mda/directlink.php?fid=VLIZ_00000105_1323428682", "https://obis.org/dataset/500c9a4a", "30c7", "4b85", "82f8", "ce89b8c27512", "http://www.eurobis.org//imis?dasid=2886"],
"keywords" :["Benthic biomass"],
"language" :["English"],
"accessibilitySummary" :[""],
"contact" :["Christos"],
"version" :[""],
"temporalCoverage" :["1982", "07", "01"],
"publisher" :["Flanders Marine Institute", "VLIZ", "Petrov", "Shadrina L.", "Institute of Biology of Southern Seas"],
"spatial" :["Black Sea"],
"license" :[""],
"citation" :["Petrov", "A; Milovidova", "N.", "Alyomov S.", "Shadrina L. Initial data set (1982", "1992) on abundance and biomass of soft", "bottom macrozoobenthos", "key abiotic variables in near", "bottom layers of Sevastopol bay", "SW Crimea", "Ukraine. Institute of Biology of Southern Seas", "Ukraine."],
"genre" :["class", "phylum", "class", "phylum", "class", "class", "http://www.emodnet", "biology.eu/portal/index.php?dasid=2886", "https://www.emodnet", "biology.eu/toolbox/en/download/occurrence/dataset/2886", "http://mda.vliz.be/mda/directlink.php?fid=VLIZ_00000105_1323428682", "https://obis.org/dataset/500c9a4a", "30c7", "4b85", "82f8", "ce89b8c27512", "http://www.eurobis.org//imis?dasid=2886"],
"creator" :["Flanders Marine Institute ("],
"modificationDate" :[""],
"distribution" :["http://www.emodnet", "biology.eu/portal/index.php?dasid=2886", "https://www.emodnet", "biology.eu/toolbox/en/download/occurrence/dataset/2886", "http://mda.vliz.be/mda/directlink.php?fid=VLIZ_00000105_1323428682", "https://obis.org/dataset/500c9a4a", "30c7", "4b85", "82f8", "ce89b8c27512", "http://www.eurobis.org//imis?dasid=2886"],
"image" :[""],
"thumbnailUrl" :[""],
"headline" :["Petrov", "A; Milovidova", "N.", "Alyomov S.", "Shadrina L. Initial data set (1982", "1992) on abundance and biomass of soft", "bottom macrozoobenthos", "key abiotic variables in near", "bottom layers of Sevastopol bay", "SW Crimea", "Ukraine. Institute of Biology of Southern Seas", "Ukraine."],
"abstract" :["The dataset contains the abundance and biomass values of sediment organisms from the Sevastopol region (South", "Western Crimea", "The Black Sea", "Ukraine) collected between 1982 and 1992."],
"theme" :["organism", "fungi"],
"dateCreated" :["1982", "07", "01"],
"creditText" :[""],
"datePublished" :["2021", "03", "11T10:10:42"],
"producer" :[""],
"author" :[""],
"spatialCoverage" :["Black Sea"],
"url" :["https://metadatacatalogue.lifewatch.eu/srv/api/records/oai:marineinfo.org:id:dataset:2886/formatters/xml?approved=true"],
"sponsor" :[""],
"size" :[""],
"sameAs" :[""],
"publication" :[""],
"provider" :[""],
"position" :[""],
"name" :[""],
"measurementTechnique" :[""],
"material" :[""],
"maintainer" :[""],
"locationCreated" :["Black Sea"],
"issn" :[""],
"isPartOf" :[""],
"isBasedOn" :[""],
"isAccessibleForFree" :[""],
"includedInDataCatalog" :[""],
"editor" :[""],
"editEIDR" :[""],
"copyrightYear" :[""],
"copyrightNotice" :[""],
"copyrightHolder" :["Flanders Marine Institute", "VLIZ"],
"contributor" :["Flanders Marine Institute", "VLIZ"],
"contentReferenceTime" :[""],
"contentLocation" :[""],
"character" :[""],
"acquireLicensePage" :[""],
"accessModeSufficient" :[""],
"about" :[""],
"rights" :[""],
"relation" :[""],
"qualifiedRelation" :[""],
"qualifiedAttribution" :[""],
"previousVersion" :[""],
"nextVersion" :[""],
"landingPage" :["http://www.emodnet", "biology.eu/portal/index.php?dasid=2886", "", "https://www.emodnet", "biology.eu/toolbox/en/download/occurrence/dataset/2886", "", "http://mda.vliz.be/mda/directlink.php?fid=VLIZ_00000105_1323428682", "", "https://obis.org/dataset/500c9a4a", "30c7", "4b85", "82f8", "ce89b8c27512", "", "http://www.eurobis.org//imis?dasid=2886"],
"isReferencedBy" :[""],
"hasVersion" :[""],
"hasPolicy" :[""],
"hasCurrentVersion" :[""],
"useConstraints" :[""],
"status" :[""],
"spatialRepresentationType" :[""],
"spatialRepresentationInfo" :[""],
"scope" :[""],
"purpose" :[""],
"otherLocale" :[""],
"metadataProfile" :["Flanders Marine Institute (VLIZ)"],
"metadataLinkage" :[""],
"metadataIdentifier" :[""],
"environmentDescription" :[""],
"distributionInfo" :["http://www.emodnet", "biology.eu/portal/index.php?dasid=2886", "https://www.emodnet", "biology.eu/toolbox/en/download/occurrence/dataset/2886", "http://mda.vliz.be/mda/directlink.php?fid=VLIZ_00000105_1323428682", "https://obis.org/dataset/500c9a4a", "30c7", "4b85", "82f8", "ce89b8c27512", "http://www.eurobis.org//imis?dasid=2886"],
"dataQualityInfo" :[""],
"contentInfo" :[""],
"ResearchInfrastructure" :["LifeWatch"],
"EssentialVariables" :["Physiology", "Community abundance"],
"potentialTopics" :["sea", "black", "benthic", "data", "biomass", "abundance", "institute", "layer", "abiotic", "set", "value", "contains", "organism", "sediment", "region", "collected", "initial", "biology", "bay", "southern", "key"]
}