{
"description" :["None"],
"identifier" :["http://www.emodnet", "biology.eu/portal/index.php?dasid=839", "https://www.emodnet", "biology.eu/toolbox/en/download/occurrence/dataset/839", "http://mda.vliz.be/mda/directlink.php?fid=VLIZ_00000014_1225452500", "https://obis.org/dataset/a4573856", "73ef", "46a3", "8848", "8bfecaa4aa7b", "http://www.eurobis.org//imis?dasid=839"],
"keywords" :["Data"],
"language" :["English"],
"accessibilitySummary" :[""],
"contact" :[""],
"version" :[""],
"temporalCoverage" :["1997", "04", "24"],
"publisher" :["https://obis.org/dataset/a4573856", "73ef", "46a3", "8848", "8bfecaa4aa7b", "http://www.eurobis.org//imis?dasid=839", "Flanders Marine Institute", "VLIZ", "Kotwicki", "Manuela", "Institute of Oceanology", "IOPAS"],
"spatial" :["Sopot"],
"license" :[""],
"citation" :["Kotwicki", "L. (1998). Meiobenthic data Manuela. Polish Academy of Sciences", "Institute of Oceanology (IOPAS)", "Poland."],
"genre" :["class", "order", "phylum", "order", "phylum", "subclass", "class", "phylum", "class", "http://www.emodnet", "biology.eu/portal/index.php?dasid=839", "https://www.emodnet", "biology.eu/toolbox/en/download/occurrence/dataset/839", "http://mda.vliz.be/mda/directlink.php?fid=VLIZ_00000014_1225452500", "https://obis.org/dataset/a4573856", "73ef", "46a3", "8848", "8bfecaa4aa7b", "http://www.eurobis.org//imis?dasid=839"],
"creator" :["Flanders Marine Institute ("],
"modificationDate" :[""],
"distribution" :["http://www.emodnet", "biology.eu/portal/index.php?dasid=839", "https://www.emodnet", "biology.eu/toolbox/en/download/occurrence/dataset/839", "http://mda.vliz.be/mda/directlink.php?fid=VLIZ_00000014_1225452500", "https://obis.org/dataset/a4573856", "73ef", "46a3", "8848", "8bfecaa4aa7b", "http://www.eurobis.org//imis?dasid=839"],
"image" :[""],
"thumbnailUrl" :[""],
"headline" :["Kotwicki", "L. (1998). Meiobenthic data Manuela. Polish Academy of Sciences", "Institute of Oceanology (IOPAS)", "Poland."],
"abstract" :["Dataset of meiobenthos in the framework of Manuela."],
"theme" :[""],
"dateCreated" :["1997", "04", "24"],
"creditText" :[""],
"datePublished" :["2021", "03", "11T09:30:30"],
"producer" :[""],
"author" :[""],
"spatialCoverage" :["Sopot"],
"url" :["https://metadatacatalogue.lifewatch.eu/srv/api/records/oai:marineinfo.org:id:dataset:839/formatters/xml?approved=true"],
"sponsor" :[""],
"size" :[""],
"sameAs" :[""],
"publication" :[""],
"provider" :[""],
"position" :[""],
"name" :[""],
"measurementTechnique" :[""],
"material" :[""],
"maintainer" :[""],
"locationCreated" :["Sopot"],
"issn" :[""],
"isPartOf" :[""],
"isBasedOn" :[""],
"isAccessibleForFree" :[""],
"includedInDataCatalog" :[""],
"editor" :[""],
"editEIDR" :[""],
"copyrightYear" :[""],
"copyrightNotice" :[""],
"copyrightHolder" :["Flanders Marine Institute", "VLIZ"],
"contributor" :["Flanders Marine Institute", "VLIZ"],
"contentReferenceTime" :[""],
"contentLocation" :[""],
"character" :[""],
"acquireLicensePage" :[""],
"accessModeSufficient" :[""],
"about" :[""],
"rights" :[""],
"relation" :[""],
"qualifiedRelation" :[""],
"qualifiedAttribution" :[""],
"previousVersion" :[""],
"nextVersion" :[""],
"landingPage" :["http://www.emodnet", "biology.eu/portal/index.php?dasid=839", "", "https://www.emodnet", "biology.eu/toolbox/en/download/occurrence/dataset/839", "", "http://mda.vliz.be/mda/directlink.php?fid=VLIZ_00000014_1225452500", "", "https://obis.org/dataset/a4573856", "73ef", "46a3", "8848", "8bfecaa4aa7b", "", "http://www.eurobis.org//imis?dasid=839"],
"isReferencedBy" :[""],
"hasVersion" :[""],
"hasPolicy" :[""],
"hasCurrentVersion" :[""],
"useConstraints" :[""],
"status" :[""],
"spatialRepresentationType" :[""],
"spatialRepresentationInfo" :[""],
"scope" :[""],
"purpose" :[""],
"otherLocale" :[""],
"metadataProfile" :["Flanders Marine Institute (VLIZ)"],
"metadataLinkage" :[""],
"metadataIdentifier" :[""],
"environmentDescription" :[""],
"distributionInfo" :["http://www.emodnet", "biology.eu/portal/index.php?dasid=839", "https://www.emodnet", "biology.eu/toolbox/en/download/occurrence/dataset/839", "http://mda.vliz.be/mda/directlink.php?fid=VLIZ_00000014_1225452500", "https://obis.org/dataset/a4573856", "73ef", "46a3", "8848", "8bfecaa4aa7b", "http://www.eurobis.org//imis?dasid=839"],
"dataQualityInfo" :[""],
"contentInfo" :[""],
"ResearchInfrastructure" :["LifeWatch"],
"EssentialVariables" :["Physiology"],
"potentialTopics" :["framework", "data", "institute", "oceanology", "academy", "polish", "science"]
}