{
"description" :["None"],
"identifier" :["http://www.emodnet", "biology.eu/portal/index.php?dasid=5407", "https://www.emodnet", "biology.eu/toolbox/en/download/occurrence/dataset/5407", "http://www.eurobis.org//imis?dasid=5407"],
"keywords" :["Environmental data"],
"language" :["English"],
"accessibilitySummary" :[""],
"contact" :["Vlaams Instituut voor de Zee"],
"version" :[""],
"temporalCoverage" :["1998", "01", "01"],
"publisher" :["http://www.emodnet", "biology.eu/portal/index.php?dasid=5407", "Vlaams Instituut voor de Zee", "Flanders Marine Institute", "VLIZ", "Gillikin D.P.", "Tack J.", "Vannini M.", "Dabaso", "Gazi", "University of Florence", "University of Antwerp: Belgium"],
"spatial" :["Kenya"],
"license" :[""],
"citation" :["Gillikin D.P.; Tack J.; Vannini M.; De Wachter B; Free University of Brussels: Belgium; University of Florence: Italy; University of Antwerp: Belgium; (2016): Mangrove crabs and their relationship with the environment in mangrove forests of Dabaso and Gazi (Kenya) sampled in 1998 and 1999. (http://www.vliz.be/en/imis?module=dataset&dasid=5407) http://dx.doi.org/10.14284/157"],
"genre" :["species", "infraorder", "species", "species", "species", "species", "species", "species", "species", "species", "species", "species", "species", "species", "species", "species", "species", "species", "http://www.emodnet", "biology.eu/portal/index.php?dasid=5407", "https://www.emodnet", "biology.eu/toolbox/en/download/occurrence/dataset/5407", "http://www.eurobis.org//imis?dasid=5407"],
"creator" :["Jurgen"],
"modificationDate" :[""],
"distribution" :["http://www.emodnet", "biology.eu/portal/index.php?dasid=5407", "https://www.emodnet", "biology.eu/toolbox/en/download/occurrence/dataset/5407", "http://www.eurobis.org//imis?dasid=5407"],
"image" :[""],
"thumbnailUrl" :[""],
"headline" :["Gillikin D.P.; Tack J.; Vannini M.; De Wachter B; Free University of Brussels: Belgium; University of Florence: Italy; University of Antwerp: Belgium; (2016): Mangrove crabs and their relationship with the environment in mangrove forests of Dabaso and Gazi (Kenya) sampled in 1998 and 1999. (http://www.vliz.be/en/imis?module=dataset&dasid=5407) http://dx.doi.org/10.14284/157"],
"abstract" :["Counts of observed mangrove crabs and their relationship with the environment (abiotic data for the location where the crabs were found). The data were digitized by VLIZ from the original report: Gillikin", "D. P. (2000). Factors controlling the distribution of Kenyan brachyuran mangrove crabs: salinity tolerance and ecophysiology of two Kenyan Neosarmatium species. MSc Thesis. Vrije Universiteit Brussel (ECOMAMA): Brussel. 152 pp."],
"theme" :[""],
"dateCreated" :["1998", "01", "01"],
"creditText" :[""],
"datePublished" :["2021", "03", "11T09:39:00"],
"producer" :[""],
"author" :[""],
"spatialCoverage" :["Kenya"],
"url" :["https://metadatacatalogue.lifewatch.eu/srv/api/records/oai:marineinfo.org:id:dataset:5407/formatters/xml?approved=true"],
"sponsor" :[""],
"size" :[""],
"sameAs" :[""],
"publication" :[""],
"provider" :[""],
"position" :[""],
"name" :[""],
"measurementTechnique" :[""],
"material" :[""],
"maintainer" :[""],
"locationCreated" :["Kenya"],
"issn" :[""],
"isPartOf" :[""],
"isBasedOn" :[""],
"isAccessibleForFree" :[""],
"includedInDataCatalog" :[""],
"editor" :[""],
"editEIDR" :[""],
"copyrightYear" :[""],
"copyrightNotice" :[""],
"copyrightHolder" :["Vlaams Instituut voor de Zee", "Flanders Marine Institute", "VLIZ"],
"contributor" :["Vlaams Instituut voor de Zee", "Flanders Marine Institute", "VLIZ"],
"contentReferenceTime" :[""],
"contentLocation" :[""],
"character" :[""],
"acquireLicensePage" :[""],
"accessModeSufficient" :[""],
"about" :[""],
"rights" :[""],
"relation" :[""],
"qualifiedRelation" :[""],
"qualifiedAttribution" :[""],
"previousVersion" :[""],
"nextVersion" :[""],
"landingPage" :["http://www.emodnet", "biology.eu/portal/index.php?dasid=5407", "", "https://www.emodnet", "biology.eu/toolbox/en/download/occurrence/dataset/5407", "", "http://www.eurobis.org//imis?dasid=5407"],
"isReferencedBy" :["http://www.vliz.be/en/imis?module=dataset&dasid=5407)", "http://dx.doi.org/10.14284/157"],
"hasVersion" :[""],
"hasPolicy" :[""],
"hasCurrentVersion" :[""],
"useConstraints" :[""],
"status" :[""],
"spatialRepresentationType" :[""],
"spatialRepresentationInfo" :[""],
"scope" :[""],
"purpose" :[""],
"otherLocale" :[""],
"metadataProfile" :["Flanders Marine Institute (VLIZ)"],
"metadataLinkage" :[""],
"metadataIdentifier" :[""],
"environmentDescription" :[""],
"distributionInfo" :["http://www.emodnet", "biology.eu/portal/index.php?dasid=5407", "https://www.emodnet", "biology.eu/toolbox/en/download/occurrence/dataset/5407", "http://www.eurobis.org//imis?dasid=5407"],
"dataQualityInfo" :[""],
"contentInfo" :[""],
"ResearchInfrastructure" :["LifeWatch"],
"EssentialVariables" :[""],
"potentialTopics" :["crab", "mangrove", "relationship", "environment", "forest", "sampled", "tack", "free", "university", "data", "controlling", "count", "factor", "salinity", "two"]
}