{
"description" :["None"],
"identifier" :["https://doi.org/10.15468/mkrtxh", "http://www.emodnet", "biology.eu/portal/index.php?dasid=3127", "https://www.emodnet", "biology.eu/toolbox/en/download/occurrence/dataset/3127", "http://www.gbif.org/dataset/fca6b467", "9d35", "493a", "9a43", "56b096814536", "https://obis.org/dataset/5ad4244f", "895a", "4b9c", "99be", "1f88f5369023", "http://vmirdgbif", "proto.mpl.ird.fr:8080/ipt/resource.do?r=observe_tuna", "http://www.eurobis.org//imis?dasid=3127"],
"keywords" :["Tuna fisheries"],
"language" :["English"],
"accessibilitySummary" :[""],
"contact" :["Julien"],
"version" :[""],
"temporalCoverage" :[""],
"publisher" :["https://obis.org/dataset/5ad4244f", "895a", "4b9c", "99be", "1f88f5369023", "http://www.eurobis.org//imis?dasid=3127", "Flanders Marine Institute", "VLIZ", "Cauquil", "Rodriguez", "C.", "Chassot", "Chavance", "Institut de Recherche", "IRD"],
"spatial" :["Atlantic"],
"license" :[""],
"citation" :["Cauquil", "P.", "Barde", "J.", "Rodriguez", "C.", "Chassot", "E.", "Chavance", "P. 2012. Ecoscope tuna observer data. Institut de Recherche pour le Developpement (IRD). https://doi.org/10.15468/mkrtxh"],
"genre" :["superclass", "https://doi.org/10.15468/mkrtxh", "http://www.emodnet", "biology.eu/portal/index.php?dasid=3127", "https://www.emodnet", "biology.eu/toolbox/en/download/occurrence/dataset/3127", "http://www.gbif.org/dataset/fca6b467", "9d35", "493a", "9a43", "56b096814536", "https://obis.org/dataset/5ad4244f", "895a", "4b9c", "99be", "1f88f5369023", "http://vmirdgbif", "proto.mpl.ird.fr:8080/ipt/resource.do?r=observe_tuna", "http://www.eurobis.org//imis?dasid=3127"],
"creator" :["Céline"],
"modificationDate" :[""],
"distribution" :["https://doi.org/10.15468/mkrtxh", "http://www.emodnet", "biology.eu/portal/index.php?dasid=3127", "https://www.emodnet", "biology.eu/toolbox/en/download/occurrence/dataset/3127", "http://www.gbif.org/dataset/fca6b467", "9d35", "493a", "9a43", "56b096814536", "https://obis.org/dataset/5ad4244f", "895a", "4b9c", "99be", "1f88f5369023", "http://vmirdgbif", "proto.mpl.ird.fr:8080/ipt/resource.do?r=observe_tuna", "http://www.eurobis.org//imis?dasid=3127"],
"image" :[""],
"thumbnailUrl" :[""],
"headline" :["Cauquil", "P.", "Barde", "J.", "Rodriguez", "C.", "Chassot", "E.", "Chavance", "P. 2012. Ecoscope tuna observer data. Institut de Recherche pour le Developpement (IRD). https://doi.org/10.15468/mkrtxh"],
"abstract" :["Tuna observer data from the Atlantic and Indian Ocean."],
"theme" :[""],
"dateCreated" :[""],
"creditText" :[""],
"datePublished" :["2021", "03", "11T10:04:54"],
"producer" :[""],
"author" :[""],
"spatialCoverage" :["Atlantic"],
"url" :["https://metadatacatalogue.lifewatch.eu/srv/api/records/oai:marineinfo.org:id:dataset:3127/formatters/xml?approved=true"],
"sponsor" :[""],
"size" :[""],
"sameAs" :[""],
"publication" :[""],
"provider" :[""],
"position" :[""],
"name" :[""],
"measurementTechnique" :[""],
"material" :[""],
"maintainer" :[""],
"locationCreated" :["Atlantic"],
"issn" :[""],
"isPartOf" :[""],
"isBasedOn" :[""],
"isAccessibleForFree" :[""],
"includedInDataCatalog" :[""],
"editor" :[""],
"editEIDR" :[""],
"copyrightYear" :[""],
"copyrightNotice" :[""],
"copyrightHolder" :["Flanders Marine Institute", "VLIZ"],
"contributor" :["Flanders Marine Institute", "VLIZ"],
"contentReferenceTime" :[""],
"contentLocation" :[""],
"character" :[""],
"acquireLicensePage" :[""],
"accessModeSufficient" :[""],
"about" :[""],
"rights" :[""],
"relation" :[""],
"qualifiedRelation" :[""],
"qualifiedAttribution" :[""],
"previousVersion" :[""],
"nextVersion" :[""],
"landingPage" :["https://doi.org/10.15468/mkrtxh", "", "http://www.emodnet", "biology.eu/portal/index.php?dasid=3127", "", "https://www.emodnet", "biology.eu/toolbox/en/download/occurrence/dataset/3127", "", "http://www.gbif.org/dataset/fca6b467", "9d35", "493a", "9a43", "56b096814536", "", "https://obis.org/dataset/5ad4244f", "895a", "4b9c", "99be", "1f88f5369023", "", "http://vmirdgbif", "proto.mpl.ird.fr:8080/ipt/resource.do?r=observe_tuna", "", "http://www.eurobis.org//imis?dasid=3127"],
"isReferencedBy" :["https://doi.org/10.15468/mkrtxh"],
"hasVersion" :[""],
"hasPolicy" :[""],
"hasCurrentVersion" :[""],
"useConstraints" :[""],
"status" :[""],
"spatialRepresentationType" :[""],
"spatialRepresentationInfo" :[""],
"scope" :[""],
"purpose" :[""],
"otherLocale" :[""],
"metadataProfile" :["Flanders Marine Institute (VLIZ)"],
"metadataLinkage" :[""],
"metadataIdentifier" :[""],
"environmentDescription" :[""],
"distributionInfo" :["https://doi.org/10.15468/mkrtxh", "http://www.emodnet", "biology.eu/portal/index.php?dasid=3127", "https://www.emodnet", "biology.eu/toolbox/en/download/occurrence/dataset/3127", "http://www.gbif.org/dataset/fca6b467", "9d35", "493a", "9a43", "56b096814536", "https://obis.org/dataset/5ad4244f", "895a", "4b9c", "99be", "1f88f5369023", "http://vmirdgbif", "proto.mpl.ird.fr:8080/ipt/resource.do?r=observe_tuna", "http://www.eurobis.org//imis?dasid=3127"],
"dataQualityInfo" :[""],
"contentInfo" :[""],
"ResearchInfrastructure" :["LifeWatch"],
"EssentialVariables" :[""],
"potentialTopics" :["tuna", "data", "observer", "ocean", "recherche", "barde", "pour"]
}