{
"description" :["None"],
"identifier" :["http://www.emodnet", "biology.eu/portal/index.php?dasid=4511", "https://www.emodnet", "biology.eu/toolbox/en/download/occurrence/dataset/4511", "http://www.eurobis.org//imis?dasid=4511"],
"keywords" :["Coverage"],
"language" :["English"],
"accessibilitySummary" :[""],
"contact" :["Vlaams Instituut voor de Zee"],
"version" :[""],
"temporalCoverage" :["1997", "09", "30"],
"publisher" :["Vlaams Instituut voor de Zee", "Flanders Marine Institute", "VLIZ", "Van Hout T.", "Daro N.", "Laboratorium voor Ecologie en Systematiek", "Vakgroep Biologie", "Wetenschappen", "http://dx.doi.org/10.14284/89", "Vrije Universiteit Brussel"],
"spatial" :[""],
"license" :[""],
"citation" :["Van Hout T.; Daro N.; Laboratorium voor Ecologie en Systematiek; Vakgroep Biologie; Faculteit Wetenschappen. Vrije Universiteit Brussel: Belgium; (2016): Abundance of Echinothrix diadema and its substrate coverage in the Mombasa Marine National Park and Reserve (Kenya) in September", "October 1997. (http://www.vliz.be/en/imis?module=dataset&dasid=4511) http://dx.doi.org/10.14284/89"],
"genre" :["class", "species", "http://www.emodnet", "biology.eu/portal/index.php?dasid=4511", "https://www.emodnet", "biology.eu/toolbox/en/download/occurrence/dataset/4511", "http://www.eurobis.org//imis?dasid=4511"],
"creator" :["Tessa"],
"modificationDate" :[""],
"distribution" :["http://www.emodnet", "biology.eu/portal/index.php?dasid=4511", "https://www.emodnet", "biology.eu/toolbox/en/download/occurrence/dataset/4511", "http://www.eurobis.org//imis?dasid=4511"],
"image" :[""],
"thumbnailUrl" :[""],
"headline" :["Van Hout T.; Daro N.; Laboratorium voor Ecologie en Systematiek; Vakgroep Biologie; Faculteit Wetenschappen. Vrije Universiteit Brussel: Belgium; (2016): Abundance of Echinothrix diadema and its substrate coverage in the Mombasa Marine National Park and Reserve (Kenya) in September", "October 1997. (http://www.vliz.be/en/imis?module=dataset&dasid=4511) http://dx.doi.org/10.14284/89"],
"abstract" :["Absolute abundance of <i>Echinothrix diadema</i> in the Mombasa Marine National Park and Reserve in September", "October 1997", "together with percentages of substrate cover (seagrasses", "algae", "corals", "sediment) at the different sampling locations. The data were digitized by VLIZ from the original report: Van Hout", "T. (1998). Patterns of distribution of Echinothrix diadema (Echinodermata: Echinoidea) in the Mombasa Marine National Park and Reserve", "Kenya. MSc Thesis. Vrije Universiteit Brussel: Brussel. 71 pp."],
"theme" :[""],
"dateCreated" :["1997", "09", "30"],
"creditText" :[""],
"datePublished" :["2021", "03", "11T09:32:37"],
"producer" :[""],
"author" :[""],
"spatialCoverage" :[""],
"url" :["https://metadatacatalogue.lifewatch.eu/srv/api/records/oai:marineinfo.org:id:dataset:4511/formatters/xml?approved=true"],
"sponsor" :[""],
"size" :[""],
"sameAs" :[""],
"publication" :[""],
"provider" :[""],
"position" :[""],
"name" :[""],
"measurementTechnique" :[""],
"material" :[""],
"maintainer" :[""],
"locationCreated" :[""],
"issn" :[""],
"isPartOf" :[""],
"isBasedOn" :[""],
"isAccessibleForFree" :[""],
"includedInDataCatalog" :[""],
"editor" :[""],
"editEIDR" :[""],
"copyrightYear" :[""],
"copyrightNotice" :[""],
"copyrightHolder" :["Vlaams Instituut voor de Zee", "Flanders Marine Institute", "VLIZ"],
"contributor" :["Vlaams Instituut voor de Zee", "Flanders Marine Institute", "VLIZ"],
"contentReferenceTime" :[""],
"contentLocation" :[""],
"character" :[""],
"acquireLicensePage" :[""],
"accessModeSufficient" :[""],
"about" :[""],
"rights" :[""],
"relation" :[""],
"qualifiedRelation" :[""],
"qualifiedAttribution" :[""],
"previousVersion" :[""],
"nextVersion" :[""],
"landingPage" :["http://www.emodnet", "biology.eu/portal/index.php?dasid=4511", "", "https://www.emodnet", "biology.eu/toolbox/en/download/occurrence/dataset/4511", "", "http://www.eurobis.org//imis?dasid=4511"],
"isReferencedBy" :["http://www.vliz.be/en/imis?module=dataset&dasid=4511)", "http://dx.doi.org/10.14284/89"],
"hasVersion" :[""],
"hasPolicy" :[""],
"hasCurrentVersion" :[""],
"useConstraints" :[""],
"status" :[""],
"spatialRepresentationType" :[""],
"spatialRepresentationInfo" :[""],
"scope" :[""],
"purpose" :[""],
"otherLocale" :[""],
"metadataProfile" :["Flanders Marine Institute (VLIZ)"],
"metadataLinkage" :[""],
"metadataIdentifier" :[""],
"environmentDescription" :[""],
"distributionInfo" :["http://www.emodnet", "biology.eu/portal/index.php?dasid=4511", "https://www.emodnet", "biology.eu/toolbox/en/download/occurrence/dataset/4511", "http://www.eurobis.org//imis?dasid=4511"],
"dataQualityInfo" :[""],
"contentInfo" :[""],
"ResearchInfrastructure" :["LifeWatch"],
"EssentialVariables" :["Species distributions", "Community abundance", "Ecosystem distribution"],
"potentialTopics" :["park", "marine", "national", "reserve", "substrate", "abundance", "van", "coverage", "distribution", "percentage", "report", "sediment", "absolute"]
}