{
"description" :["None"],
"identifier" :["https://www.emodnet", "biology.eu/portal/index.php?dasid=5786", "https://www.emodnet", "biology.eu/toolbox/en/download/occurrence/dataset/5786", "http://ipt.vliz.be/eurobis/resource?r=prorecruit", "https://obis.org/dataset/7de27276", "f9f7", "40a2", "bbd3", "18512b50fe28", "http://www.eurobis.org//imis?dasid=5786"],
"keywords" :[""],
"language" :["English"],
"accessibilitySummary" :[""],
"contact" :["Antonina"],
"version" :[""],
"temporalCoverage" :["2002", "05", "01"],
"publisher" :["https://obis.org/dataset/7de27276", "f9f7", "40a2", "bbd3", "18512b50fe28", "https://www.emodnet", "biology.eu/portal/index.php?dasid=5786", "Flanders Marine Institute", "VLIZ", "Santos", "Stehle", "Lourenço", "Pires", "Ichthyoplankton"],
"spatial" :["Portugal"],
"license" :[""],
"citation" :["Dos Santos", "A.; Marraccini", "A.; Stehle", "M.J.; Lourenço", "P.; Pires", "R.; Queiroga", "H. (2017). Zooplankton and Ichthyoplankton of the North Western Portuguese Coast in May 2002"],
"genre" :["infraclass", "subclass", "subphylum", "order", "order", "order", "https://www.emodnet", "biology.eu/portal/index.php?dasid=5786", "https://www.emodnet", "biology.eu/toolbox/en/download/occurrence/dataset/5786", "http://ipt.vliz.be/eurobis/resource?r=prorecruit", "https://obis.org/dataset/7de27276", "f9f7", "40a2", "bbd3", "18512b50fe28", "http://www.eurobis.org//imis?dasid=5786"],
"creator" :[""],
"modificationDate" :[""],
"distribution" :["https://www.emodnet", "biology.eu/portal/index.php?dasid=5786", "https://www.emodnet", "biology.eu/toolbox/en/download/occurrence/dataset/5786", "http://ipt.vliz.be/eurobis/resource?r=prorecruit", "https://obis.org/dataset/7de27276", "f9f7", "40a2", "bbd3", "18512b50fe28", "http://www.eurobis.org//imis?dasid=5786"],
"image" :[""],
"thumbnailUrl" :[""],
"headline" :["Dos Santos", "A.; Marraccini", "A.; Stehle", "M.J.; Lourenço", "P.; Pires", "R.; Queiroga", "H. (2017). Zooplankton and Ichthyoplankton of the North Western Portuguese Coast in May 2002"],
"abstract" :["The objective of this data collection was to analise the daily vertical migration of decapod larvae in the water column in the northwestern portuguese coast and to assess its correlations with environmental parameteres. In order to do this plankton samples were collected with Bongo nets", "LHPR multisampler and Neuston net in a area between the north western Portuguese coast and the 10 °W and between the 40° and 42°N and", "aditionally at a fixed location during a 67 hours period", "every two hours. In the fixed sampling point a plankton trap was also deployed. The data set presented corresponds to the zooplankton analysed in all the samples taken. This work is part of the ProRecruit project", "which aimed to describe the spatial and temporal variability of the recruitment of coastal invertebrate species that show a planktonic larvar phase in their lifecylce", "and understand the impact of environmental variables which may control its supply to the coastal systems."],
"theme" :[""],
"dateCreated" :["2002", "05", "01"],
"creditText" :[""],
"datePublished" :["2021", "03"],
"producer" :[""],
"author" :[""],
"spatialCoverage" :["Portugal"],
"url" :["https://metadatacatalogue.lifewatch.eu/srv/api/records/oai:marineinfo.org:id:dataset:5786/formatters/xml?approved=true"],
"sponsor" :[""],
"size" :[""],
"sameAs" :[""],
"publication" :[""],
"provider" :[""],
"position" :[""],
"name" :[""],
"measurementTechnique" :[""],
"material" :[""],
"maintainer" :[""],
"locationCreated" :["Portugal"],
"issn" :[""],
"isPartOf" :[""],
"isBasedOn" :[""],
"isAccessibleForFree" :[""],
"includedInDataCatalog" :[""],
"editor" :[""],
"editEIDR" :[""],
"copyrightYear" :[""],
"copyrightNotice" :[""],
"copyrightHolder" :["Flanders Marine Institute", "VLIZ"],
"contributor" :["Flanders Marine Institute", "VLIZ"],
"contentReferenceTime" :[""],
"contentLocation" :[""],
"character" :[""],
"acquireLicensePage" :[""],
"accessModeSufficient" :[""],
"about" :[""],
"rights" :[""],
"relation" :[""],
"qualifiedRelation" :[""],
"qualifiedAttribution" :[""],
"previousVersion" :[""],
"nextVersion" :[""],
"landingPage" :["https://www.emodnet", "biology.eu/portal/index.php?dasid=5786", "", "https://www.emodnet", "biology.eu/toolbox/en/download/occurrence/dataset/5786", "", "http://ipt.vliz.be/eurobis/resource?r=prorecruit", "", "https://obis.org/dataset/7de27276", "f9f7", "40a2", "bbd3", "18512b50fe28", "", "http://www.eurobis.org//imis?dasid=5786"],
"isReferencedBy" :[""],
"hasVersion" :[""],
"hasPolicy" :[""],
"hasCurrentVersion" :[""],
"useConstraints" :[""],
"status" :[""],
"spatialRepresentationType" :[""],
"spatialRepresentationInfo" :[""],
"scope" :[""],
"purpose" :[""],
"otherLocale" :[""],
"metadataProfile" :["Flanders Marine Institute (VLIZ)"],
"metadataLinkage" :[""],
"metadataIdentifier" :[""],
"environmentDescription" :[""],
"distributionInfo" :["https://www.emodnet", "biology.eu/portal/index.php?dasid=5786", "https://www.emodnet", "biology.eu/toolbox/en/download/occurrence/dataset/5786", "http://ipt.vliz.be/eurobis/resource?r=prorecruit", "https://obis.org/dataset/7de27276", "f9f7", "40a2", "bbd3", "18512b50fe28", "http://www.eurobis.org//imis?dasid=5786"],
"dataQualityInfo" :[""],
"contentInfo" :[""],
"ResearchInfrastructure" :["LifeWatch"],
"EssentialVariables" :[""],
"potentialTopics" :["north", "zooplankton", "western", "may", "coast", "do", "fixed", "plankton", "net", "environmental", "coastal", "data", "hour", "sample", "water"]
}