{
"description" :["None"],
"identifier" :["http://www.emodnet", "biology.eu/portal/index.php?dasid=4682", "https://www.emodnet", "biology.eu/toolbox/en/download/occurrence/dataset/4682", "https://www.gbif.org/dataset/075d0752", "d817", "498f", "8be8", "3c7797844fde", "http://ipt.vliz.be/imar/resource.do?r=popa_turtles_sightings_azores_1998_2013", "https://obis.org/dataset/8fbf53ba", "500f", "4c9d", "8b70", "c7e0ad483291", "http://www.eurobis.org//imis?dasid=4682"],
"keywords" :["Tuna fisheries"],
"language" :["English"],
"accessibilitySummary" :[""],
"contact" :[""],
"version" :[""],
"temporalCoverage" :["1998", "01", "01"],
"publisher" :["http://ipt.vliz.be/imar/resource.do?r=popa_turtles_sightings_azores_1998_2013", "Flanders Marine Institute", "VLIZ", "Machete", "M.", "Institute of Marine Research (IMAR", "Department of Oceanography and Fisheries", "University of the Azores", "DOP", "Fisheries Observer Program of the", "Azores"],
"spatial" :[""],
"license" :[""],
"citation" :["Machete", "M.; Institute of Marine Research (IMAR)", "Portugal; Department of Oceanography and Fisheries", "University of the Azores (DOP/UAC)", "Portugal; (2016): POPA", "Fisheries Observer Program of the Azores: Turtle sightings in the Azores tuna fishery from 2000 on: during navigation or search mode. http://dx.doi.org/10.14284/13"],
"genre" :["suborder", "http://www.emodnet", "biology.eu/portal/index.php?dasid=4682", "https://www.emodnet", "biology.eu/toolbox/en/download/occurrence/dataset/4682", "https://www.gbif.org/dataset/075d0752", "d817", "498f", "8be8", "3c7797844fde", "http://ipt.vliz.be/imar/resource.do?r=popa_turtles_sightings_azores_1998_2013", "https://obis.org/dataset/8fbf53ba", "500f", "4c9d", "8b70", "c7e0ad483291", "http://www.eurobis.org//imis?dasid=4682"],
"creator" :["Flanders Marine Institute ("],
"modificationDate" :[""],
"distribution" :["http://www.emodnet", "biology.eu/portal/index.php?dasid=4682", "https://www.emodnet", "biology.eu/toolbox/en/download/occurrence/dataset/4682", "https://www.gbif.org/dataset/075d0752", "d817", "498f", "8be8", "3c7797844fde", "http://ipt.vliz.be/imar/resource.do?r=popa_turtles_sightings_azores_1998_2013", "https://obis.org/dataset/8fbf53ba", "500f", "4c9d", "8b70", "c7e0ad483291", "http://www.eurobis.org//imis?dasid=4682"],
"image" :[""],
"thumbnailUrl" :[""],
"headline" :["Machete", "M.; Institute of Marine Research (IMAR)", "Portugal; Department of Oceanography and Fisheries", "University of the Azores (DOP/UAC)", "Portugal; (2016): POPA", "Fisheries Observer Program of the Azores: Turtle sightings in the Azores tuna fishery from 2000 on: during navigation or search mode. http://dx.doi.org/10.14284/13"],
"abstract" :["Sightings of turtles were recorded daily", "at 6 different fixed periods (snap shots)", "when the boat was in navigation or search mode."],
"theme" :[""],
"dateCreated" :["1998", "01", "01"],
"creditText" :[""],
"datePublished" :["2021", "03", "11T10:08:27"],
"producer" :[""],
"author" :[""],
"spatialCoverage" :[""],
"url" :["https://metadatacatalogue.lifewatch.eu/srv/api/records/oai:marineinfo.org:id:dataset:4682/formatters/xml?approved=true"],
"sponsor" :[""],
"size" :[""],
"sameAs" :[""],
"publication" :[""],
"provider" :[""],
"position" :[""],
"name" :[""],
"measurementTechnique" :[""],
"material" :[""],
"maintainer" :[""],
"locationCreated" :[""],
"issn" :[""],
"isPartOf" :[""],
"isBasedOn" :[""],
"isAccessibleForFree" :[""],
"includedInDataCatalog" :[""],
"editor" :[""],
"editEIDR" :[""],
"copyrightYear" :[""],
"copyrightNotice" :[""],
"copyrightHolder" :["Flanders Marine Institute", "VLIZ"],
"contributor" :["Flanders Marine Institute", "VLIZ"],
"contentReferenceTime" :[""],
"contentLocation" :[""],
"character" :[""],
"acquireLicensePage" :[""],
"accessModeSufficient" :[""],
"about" :[""],
"rights" :[""],
"relation" :[""],
"qualifiedRelation" :[""],
"qualifiedAttribution" :[""],
"previousVersion" :[""],
"nextVersion" :[""],
"landingPage" :["http://www.emodnet", "biology.eu/portal/index.php?dasid=4682", "", "https://www.emodnet", "biology.eu/toolbox/en/download/occurrence/dataset/4682", "", "https://www.gbif.org/dataset/075d0752", "d817", "498f", "8be8", "3c7797844fde", "", "http://ipt.vliz.be/imar/resource.do?r=popa_turtles_sightings_azores_1998_2013", "", "https://obis.org/dataset/8fbf53ba", "500f", "4c9d", "8b70", "c7e0ad483291", "", "http://www.eurobis.org//imis?dasid=4682"],
"isReferencedBy" :["http://dx.doi.org/10.14284/13"],
"hasVersion" :[""],
"hasPolicy" :[""],
"hasCurrentVersion" :[""],
"useConstraints" :[""],
"status" :[""],
"spatialRepresentationType" :[""],
"spatialRepresentationInfo" :[""],
"scope" :[""],
"purpose" :[""],
"otherLocale" :[""],
"metadataProfile" :["Flanders Marine Institute (VLIZ)"],
"metadataLinkage" :[""],
"metadataIdentifier" :[""],
"environmentDescription" :[""],
"distributionInfo" :["http://www.emodnet", "biology.eu/portal/index.php?dasid=4682", "https://www.emodnet", "biology.eu/toolbox/en/download/occurrence/dataset/4682", "https://www.gbif.org/dataset/075d0752", "d817", "498f", "8be8", "3c7797844fde", "http://ipt.vliz.be/imar/resource.do?r=popa_turtles_sightings_azores_1998_2013", "https://obis.org/dataset/8fbf53ba", "500f", "4c9d", "8b70", "c7e0ad483291", "http://www.eurobis.org//imis?dasid=4682"],
"dataQualityInfo" :[""],
"contentInfo" :[""],
"ResearchInfrastructure" :["LifeWatch"],
"EssentialVariables" :[""],
"potentialTopics" :["fishery", "search", "tuna", "program", "sighting", "navigation", "observer", "turtle", "mode", "research", "fixed", "shot", "snap", "daily", "different", "marine"]
}