{
"description" :["None"],
"identifier" :["http://www.emodnet", "biology.eu/portal/index.php?dasid=2882", "https://www.emodnet", "biology.eu/toolbox/en/download/occurrence/dataset/2882", "http://mda.vliz.be/mda/directlink.php?fid=VLIZ_00000105_1323336468", "http://mda.vliz.be/mda/directlink.php?fid=VLIZ_00000105_1323336534", "https://obis.org/dataset/c2df871a", "533b", "4b9f", "8068", "76f1ffa439ae", "http://www.eurobis.org//imis?dasid=2882"],
"keywords" :["Bacillariophyta"],
"language" :["English"],
"accessibilitySummary" :[""],
"contact" :["Elena"],
"version" :[""],
"temporalCoverage" :["1996", "06", "26"],
"publisher" :["Flanders Marine Institute", "VLIZ", "Bacillariophyta", "Crimea", "Institute of Biology of Southern Seas", "NAS"],
"spatial" :["Black Sea"],
"license" :[""],
"citation" :["Nevrova E.L. Initial dataset on abundance of mass species and check", "list of benthic diatoms (Bacillariophyta) on the soft bottoms of Laspi Bay (SW Crimea", "the Black Sea). Institute of Biology of Southern Seas", "NAS of Ukraine", "Sevastopol."],
"genre" :["phylum", "http://www.emodnet", "biology.eu/portal/index.php?dasid=2882", "https://www.emodnet", "biology.eu/toolbox/en/download/occurrence/dataset/2882", "http://mda.vliz.be/mda/directlink.php?fid=VLIZ_00000105_1323336468", "http://mda.vliz.be/mda/directlink.php?fid=VLIZ_00000105_1323336534", "https://obis.org/dataset/c2df871a", "533b", "4b9f", "8068", "76f1ffa439ae", "http://www.eurobis.org//imis?dasid=2882"],
"creator" :["Flanders Marine Institute ("],
"modificationDate" :[""],
"distribution" :["http://www.emodnet", "biology.eu/portal/index.php?dasid=2882", "https://www.emodnet", "biology.eu/toolbox/en/download/occurrence/dataset/2882", "http://mda.vliz.be/mda/directlink.php?fid=VLIZ_00000105_1323336468", "http://mda.vliz.be/mda/directlink.php?fid=VLIZ_00000105_1323336534", "https://obis.org/dataset/c2df871a", "533b", "4b9f", "8068", "76f1ffa439ae", "http://www.eurobis.org//imis?dasid=2882"],
"image" :[""],
"thumbnailUrl" :[""],
"headline" :["Nevrova E.L. Initial dataset on abundance of mass species and check", "list of benthic diatoms (Bacillariophyta) on the soft bottoms of Laspi Bay (SW Crimea", "the Black Sea). Institute of Biology of Southern Seas", "NAS of Ukraine", "Sevastopol."],
"abstract" :["Check", "list and abundance of benthic diatoms on the soft bottom from Laspi Bay (SW Crimea", "the Black Sea", "Ukraine)"],
"theme" :["species", "organism", "fungi"],
"dateCreated" :["1996", "06", "26"],
"creditText" :[""],
"datePublished" :["2021", "03", "11T10:10:45"],
"producer" :[""],
"author" :[""],
"spatialCoverage" :["Black Sea"],
"url" :["https://metadatacatalogue.lifewatch.eu/srv/api/records/oai:marineinfo.org:id:dataset:2882/formatters/xml?approved=true"],
"sponsor" :[""],
"size" :[""],
"sameAs" :[""],
"publication" :[""],
"provider" :[""],
"position" :[""],
"name" :[""],
"measurementTechnique" :[""],
"material" :[""],
"maintainer" :[""],
"locationCreated" :["Black Sea"],
"issn" :[""],
"isPartOf" :[""],
"isBasedOn" :[""],
"isAccessibleForFree" :[""],
"includedInDataCatalog" :[""],
"editor" :[""],
"editEIDR" :[""],
"copyrightYear" :[""],
"copyrightNotice" :[""],
"copyrightHolder" :["Flanders Marine Institute", "VLIZ"],
"contributor" :["Flanders Marine Institute", "VLIZ"],
"contentReferenceTime" :[""],
"contentLocation" :[""],
"character" :[""],
"acquireLicensePage" :[""],
"accessModeSufficient" :[""],
"about" :[""],
"rights" :[""],
"relation" :[""],
"qualifiedRelation" :[""],
"qualifiedAttribution" :[""],
"previousVersion" :[""],
"nextVersion" :[""],
"landingPage" :["http://www.emodnet", "biology.eu/portal/index.php?dasid=2882", "", "https://www.emodnet", "biology.eu/toolbox/en/download/occurrence/dataset/2882", "", "http://mda.vliz.be/mda/directlink.php?fid=VLIZ_00000105_1323336468", "", "http://mda.vliz.be/mda/directlink.php?fid=VLIZ_00000105_1323336534", "", "https://obis.org/dataset/c2df871a", "533b", "4b9f", "8068", "76f1ffa439ae", "", "http://www.eurobis.org//imis?dasid=2882"],
"isReferencedBy" :[""],
"hasVersion" :[""],
"hasPolicy" :[""],
"hasCurrentVersion" :[""],
"useConstraints" :[""],
"status" :[""],
"spatialRepresentationType" :[""],
"spatialRepresentationInfo" :[""],
"scope" :[""],
"purpose" :[""],
"otherLocale" :[""],
"metadataProfile" :["Flanders Marine Institute (VLIZ)"],
"metadataLinkage" :[""],
"metadataIdentifier" :[""],
"environmentDescription" :[""],
"distributionInfo" :["http://www.emodnet", "biology.eu/portal/index.php?dasid=2882", "https://www.emodnet", "biology.eu/toolbox/en/download/occurrence/dataset/2882", "http://mda.vliz.be/mda/directlink.php?fid=VLIZ_00000105_1323336468", "http://mda.vliz.be/mda/directlink.php?fid=VLIZ_00000105_1323336534", "https://obis.org/dataset/c2df871a", "533b", "4b9f", "8068", "76f1ffa439ae", "http://www.eurobis.org//imis?dasid=2882"],
"dataQualityInfo" :[""],
"contentInfo" :[""],
"ResearchInfrastructure" :["LifeWatch"],
"EssentialVariables" :["Species distributions", "Species abundances", "Community abundance", "Taxonomic/phylogenetic diversity"],
"potentialTopics" :["bottom", "abundance", "soft", "benthic", "checklist", "bay", "sea", "black", "diatom", "specie", "southern", "institute"]
}