{
"description" :["None"],
"identifier" :["https://www.emodnet", "biology.eu/portal/index.php?dasid=6543", "https://www.emodnet", "biology.eu/toolbox/en/download/occurrence/dataset/6543", "http://ipt.medobis.eu/resource?r=cladocera", "https://obis.org/dataset/1c4ea934", "16af", "4be2", "a327", "a3c2844cd3a1", "http://www.eurobis.org//imis?dasid=6543"],
"keywords" :["Cladocera"],
"language" :["English"],
"accessibilitySummary" :[""],
"contact" :[""],
"version" :[""],
"temporalCoverage" :["1937", "01", "01"],
"publisher" :["Flanders Marine Institute", "VLIZ", "Mavraki Dimitra", "Nikolopoulou Stamatina", "Memories of the Hydrobiology and Fisheries Directorate"],
"spatial" :["Egypt", "Suez Gulf"],
"license" :[""],
"citation" :["Mavraki Dimitra and Nikolopoulou Stamatina (2018). Digitization of Plankton of the Egyptian waters. Two Cladocera from the plankton. Notes and Memories of the Hydrobiology and Fisheries Directorate of Egypt", "Notes and Memories No 31"],
"genre" :["phylum", "https://www.emodnet", "biology.eu/portal/index.php?dasid=6543", "https://www.emodnet", "biology.eu/toolbox/en/download/occurrence/dataset/6543", "http://ipt.medobis.eu/resource?r=cladocera", "https://obis.org/dataset/1c4ea934", "16af", "4be2", "a327", "a3c2844cd3a1", "http://www.eurobis.org//imis?dasid=6543"],
"creator" :["Flanders Marine Institute ("],
"modificationDate" :[""],
"distribution" :["https://www.emodnet", "biology.eu/portal/index.php?dasid=6543", "https://www.emodnet", "biology.eu/toolbox/en/download/occurrence/dataset/6543", "http://ipt.medobis.eu/resource?r=cladocera", "https://obis.org/dataset/1c4ea934", "16af", "4be2", "a327", "a3c2844cd3a1", "http://www.eurobis.org//imis?dasid=6543"],
"image" :[""],
"thumbnailUrl" :[""],
"headline" :["Mavraki Dimitra and Nikolopoulou Stamatina (2018). Digitization of Plankton of the Egyptian waters. Two Cladocera from the plankton. Notes and Memories of the Hydrobiology and Fisheries Directorate of Egypt", "Notes and Memories No 31"],
"abstract" :["This paper presents the identification of two species", "namely Podon polyphemoides and Penilia avirostris by F.M.Ghazzawi", "through plankton catches. It includes microphotographs and drawings of the above mentioned species."],
"theme" :["species"],
"dateCreated" :[""],
"creditText" :[""],
"datePublished" :["2021", "03", "11T09:53:02"],
"producer" :[""],
"author" :[""],
"spatialCoverage" :["Egypt", "Suez Gulf"],
"url" :["https://metadatacatalogue.lifewatch.eu/srv/api/records/oai:marineinfo.org:id:dataset:6543/formatters/xml?approved=true"],
"sponsor" :[""],
"size" :[""],
"sameAs" :[""],
"publication" :[""],
"provider" :[""],
"position" :[""],
"name" :[""],
"measurementTechnique" :[""],
"material" :[""],
"maintainer" :[""],
"locationCreated" :["Egypt", "Suez Gulf"],
"issn" :[""],
"isPartOf" :[""],
"isBasedOn" :[""],
"isAccessibleForFree" :[""],
"includedInDataCatalog" :[""],
"editor" :[""],
"editEIDR" :[""],
"copyrightYear" :[""],
"copyrightNotice" :[""],
"copyrightHolder" :["Flanders Marine Institute", "VLIZ"],
"contributor" :["Flanders Marine Institute", "VLIZ"],
"contentReferenceTime" :[""],
"contentLocation" :[""],
"character" :[""],
"acquireLicensePage" :[""],
"accessModeSufficient" :[""],
"about" :[""],
"rights" :[""],
"relation" :[""],
"qualifiedRelation" :[""],
"qualifiedAttribution" :[""],
"previousVersion" :[""],
"nextVersion" :[""],
"landingPage" :["https://www.emodnet", "biology.eu/portal/index.php?dasid=6543", "", "https://www.emodnet", "biology.eu/toolbox/en/download/occurrence/dataset/6543", "", "http://ipt.medobis.eu/resource?r=cladocera", "", "https://obis.org/dataset/1c4ea934", "16af", "4be2", "a327", "a3c2844cd3a1", "", "http://www.eurobis.org//imis?dasid=6543"],
"isReferencedBy" :[""],
"hasVersion" :[""],
"hasPolicy" :[""],
"hasCurrentVersion" :[""],
"useConstraints" :[""],
"status" :[""],
"spatialRepresentationType" :[""],
"spatialRepresentationInfo" :[""],
"scope" :[""],
"purpose" :[""],
"otherLocale" :[""],
"metadataProfile" :["Flanders Marine Institute (VLIZ)"],
"metadataLinkage" :[""],
"metadataIdentifier" :[""],
"environmentDescription" :[""],
"distributionInfo" :["https://www.emodnet", "biology.eu/portal/index.php?dasid=6543", "https://www.emodnet", "biology.eu/toolbox/en/download/occurrence/dataset/6543", "http://ipt.medobis.eu/resource?r=cladocera", "https://obis.org/dataset/1c4ea934", "16af", "4be2", "a327", "a3c2844cd3a1", "http://www.eurobis.org//imis?dasid=6543"],
"dataQualityInfo" :[""],
"contentInfo" :[""],
"ResearchInfrastructure" :["LifeWatch"],
"EssentialVariables" :["Species distributions", "Species abundances", "Taxonomic/phylogenetic diversity"],
"potentialTopics" :["specie", "two", "drawing", "namely", "catch", "identification", "mentioned", "present", "includes", "paper", "plankton", "note", "directorate", "memory", "water", "fishery", "digitization"]
}