{
"description" :["Chlorophyll pigment concentrations in water bodies", "Dissolved oxygen parameters in the water column", "Ammonium and ammonia concentration parameters in water bodies", "Nitrate concentration parameters in the water column", "Silicate concentration parameters in the water column", "Nitrite concentration parameters in the water column", "Salinity of the water column", "Dissolved inorganic nitrogen concentration in the water column", "Unspecified", "Phosphate concentration parameters in the water column", "Dissolved total or organic phosphorus concentration in the water column", "Metal concentrations in biota", "Dissolved total and organic nitrogen concentrations in the water column", "Inorganic chemical composition of sediment or rocks", "Secchi disk depth", "Pesticide concentrations in biota", "Pesticide concentrations in sediment", "Alkalinity", "acidity and pH of the water column", "Vertical spatial coordinates", "Particulate total and organic phosphorus concentrations in the water column", "Temperature of the water column", "Stable isotopes in water bodies", "Organometallic species concentration parameters in biota", "Concentration of polycyclic aromatic hydrocarbons (PAHs) in biota", "Concentration of polycyclic aromatic hydrocarbons (PAHs) in sediment samples", "Concentration of polycyclic aromatic hydrocarbons (PAHs) in the water column", "Metal concentrations in sediment pore waters", "See the referenced specification"],
"identifier" :[""],
"keywords" :["Pigments", "Dissolved gases", "Carbon", "nitrogen and phosphorus", "Nutrients", "Administration and dimensions", "Water column temperature and salinity", "Biota composition", "Pollution", "Rock and sediment chemistry", "Metal and metalloid concentrations", "Other inorganic chemical measurements", "PCBs and organic micropollutants", "Optical properties", "Carbonate system", "Isotopes", "Other organic chemical measurements", "Hydrocarbons", "Sediment pore water chemistry", "COMMISSION REGULATION (EU) No 1089/2010 of 23 November 2010 implementing Directive 2007/2/EC of the European Parliament and of the Council as regards interoperability of spatial data sets and services"],
"language" :["English"],
"accessibilitySummary" :["web data access with registration"],
"contact" :["EU", "EC", "the European Parliament", "Council"],
"version" :[""],
"temporalCoverage" :[""],
"publisher" :["EU", "EC", "the European Parliament", "Council"],
"spatial" :["Mediterranean Region", "Mediterranean Sea", "Mediterranean Sea", "Eastern Basin", "Adriatic Sea", "Western Basin", "Tyrrhenian Sea"],
"license" :[""],
"citation" :[""],
"genre" :["Biological oceanography", "Chemical oceanography", "Physical oceanography", "Administration and dimensions", "Environment", "Human activities", "Marine geology", "Terrestrial", "COMMISSION REGULATION (EU) No 1089/2010 of 23 November 2010 implementing Directive 2007/2/EC of the European Parliament and of the Council as regards interoperability of spatial data sets and services"],
"creator" :["EU", "EC", "the European Parliament", "Council"],
"modificationDate" :["2020", "10", "12T09:20:00.613Z"],
"distribution" :[""],
"image" :[""],
"thumbnailUrl" :[""],
"headline" :[""],
"abstract" :["SeaDataNet is the Pan", "European infrastructure for marine and ocean data management and delivery services. It is supported by the EU under its Research Infrastructures programme. It  connects 40 National Oceanographic Data Centres (NODCs) and 50 other data centres from 35 countries", "bordering the European seas and Atlantic Ocean. The centres are mostly part of major marine management and research organisations that are acquiring and managing a large collection of marine and ocean data from various disciplines. This includes major international organisations", "ICES and IOC", "IODE. The overall objective is provide overview and access to marine and oceanographic data and data", "products from government and research institutes in Europe. SeaDataNet contributes to the implementation of the EU INSPIRE and Marine Strategy Framework Directives. It also plays a key role in the development and operation of the EU EMODNet initiative. The SeaDataNet infrastructure is fully operational and INSPIRE compliant. It includes a versatile SeaDataNet portal (https://www.seadatanet.org) that provides users with a range of metadata", "data and data product access services as well as standards", "tools and guides for good marine data management. The Common Data Index (CDI) data discovery and access service provides harmonised access to the large volumes of datasets that are managed by the connected data centres. The CDI service contains already references and gives access to more than 1", "5 milllion marine and oceanographic datasets as managed by 90 data centres. These numbers are increasing regularly because of further data population and more connected data centres as part of SeaDataNet II", "EMODnet and other EU projects. For inclusion in the SeaDataNet INSPIRE compliant CSW service", "the CDI records (at granule level) have been aggregated into CDI collections by a combination of Discipline", "Data Centre", "and geometric type. Each CSW XML record therefore represents a large collection of individual metadata records and associated datasets. By following the specified URL to the SeaDataNet portal users can evaluate these metadata in detail and request access by downloading of interesting datasets via the shopping cart transaction system that is integrated in the SeaDataNet portal."],
"theme" :["oceanography", "salinity"],
"dateCreated" :[""],
"creditText" :[""],
"datePublished" :[""],
"producer" :[""],
"author" :[""],
"spatialCoverage" :["Mediterranean Region", "Mediterranean Sea", "Mediterranean Sea", "Eastern Basin", "Adriatic Sea", "Western Basin", "Tyrrhenian Sea"],
"url" :["https://cdi.seadatanet.org/report/aggregation/700/700/700/4/ds01/json"],
"sponsor" :[""],
"size" :[""],
"sameAs" :[""],
"publication" :[""],
"provider" :[""],
"position" :[""],
"name" :["COMMISSION REGULATION (EU) No 1089/2010 of 23 November 2010 implementing Directive 2007/2/EC of the European Parliament and of the Council as regards interoperability of spatial data sets and services"],
"measurementTechnique" :["discrete water samplers", "unknown", "fluorometers", "titrators", "CTD", "autoanalysers", "spectrophotometers", "salinometers"],
"material" :[""],
"maintainer" :[""],
"locationCreated" :[""],
"issn" :[""],
"isPartOf" :[""],
"isBasedOn" :[""],
"isAccessibleForFree" :[""],
"includedInDataCatalog" :[""],
"editor" :[""],
"editEIDR" :[""],
"copyrightYear" :[""],
"copyrightNotice" :[""],
"copyrightHolder" :[""],
"contributor" :[""],
"contentReferenceTime" :[""],
"contentLocation" :[""],
"character" :[""],
"acquireLicensePage" :[""],
"accessModeSufficient" :[""],
"about" :[""],
"rights" :[""],
"relation" :[""],
"qualifiedRelation" :[""],
"qualifiedAttribution" :[""],
"previousVersion" :[""],
"nextVersion" :[""],
"landingPage" :[""],
"isReferencedBy" :[""],
"hasVersion" :[""],
"hasPolicy" :[""],
"hasCurrentVersion" :[""],
"useConstraints" :["Creative Commons Attribution 4.0 International"],
"status" :[""],
"spatialRepresentationType" :[""],
"spatialRepresentationInfo" :[""],
"scope" :["The data centres apply standard data quality control procedures on all data that the centres manage. Ask the data centre for details."],
"purpose" :[""],
"otherLocale" :[""],
"metadataProfile" :["https://edmo.seadatanet.org/report/"],
"metadataLinkage" :[""],
"metadataIdentifier" :[""],
"environmentDescription" :[""],
"distributionInfo" :["https://edmo.seadatanet.org/report/"],
"dataQualityInfo" :["Name: COMMISSION REGULATION (EC) No 1205/2008 of 3 December 2008 implementing Directive 2007/2/EC of the European Parliament and of the Council as regards metadata", "Date: 2008", "12", "04", "Comment: See the referenced specification", "Name: COMMISSION REGULATION (EU) No 1089/2010 of 23 November 2010 implementing Directive 2007/2/EC of the European Parliament and of the Council as regards interoperability of spatial data sets and services", "Date: 2010", "12", "08", "Comment: See the referenced specification"],
"contentInfo" :["COMMISSION REGULATION (EU) No 1089/2010 of 23 November 2010 implementing Directive 2007/2/EC of the European Parliament and of the Council as regards interoperability of spatial data sets and services"],
"ResearchInfrastructure" :["SeaDataNet"],
"EssentialVariables" :["Sea surface temperature", "Subsurface temperature", "Sea surface salinity", "subsurface salinity", "Nitrous oxide", "Dissolved organic carbon", "Inorganic Carbon", "Nitrous Oxide"],
"potentialTopics" :["concentration", "water", "biota", "sediment", "hydrocarbon", "column", "parameter", "polycyclic", "aromatic", "metal", "dissolved", "oceanography", "organic", "total", "phosphorus", "nitrogen", "chemical", "inorganic", "rock", "temperature", "measurement", "administration", "dimension", "salinity"]
}