{
"description" :["Vertical spatial coordinates", "Temperature of the water column", "Salinity of the water column", "Dissolved oxygen parameters in the water column", "Silicate concentration parameters in the water column", "Nitrite concentration parameters in the water column", "Phosphate concentration parameters in the water column", "Nitrate concentration parameters in the water column", "Ammonium and ammonia concentration parameters in water bodies", "Chlorophyll pigment concentrations in water bodies", "Transmittance and attenuance of the water column", "Variable fluorescence parameters", "Particulate total and organic nitrogen concentrations in the water column", "Particulate total and organic carbon concentrations in the water column", "Particulate total and organic phosphorus concentrations in the water column", "Dissolved metal concentrations in the water column", "Particulate metal concentrations in the water column", "Dissolved inorganic nitrogen concentration in the water column", "Dissolved organic carbon concentration in the water column", "Unspecified", "Dissolved total and organic nitrogen concentrations in the water column", "Dissolved total or organic phosphorus concentration in the water column", "Phosphorus concentrations in suspended particulate material", "Phaeopigment concentrations in the water column", "Alkalinity", "acidity and pH of the water column", "Raw fluorometer output", "Reference numbers", "Concentration of polycyclic aromatic hydrocarbons (PAHs) in the water column", "Inorganic chemical composition of sediment or rocks", "Sediment grain size parameters", "Concentration of polycyclic aromatic hydrocarbons (PAHs) in sediment samples", "Concentration of suspended particulate material in the water column", "Carbon concentrations in sediment", "Metal concentrations in sediment", "Zooplankton dry weight biomass per unit volume of the water column", "Radioactivity in water bodies", "Chlorofluorocarbon concentrations in the water column", "Zoobenthos taxonomic abundance", "Date and time", "Concentration of polychlorobiphenyls (PCBs) in biota", "Metal concentrations in biota", "Concentration of aliphatic hydrocarbons in sediment samples", "Concentration of polycyclic aromatic hydrocarbons (PAHs) in biota", "Pesticide concentrations in biota", "Horizontal velocity of the water column (currents)", "Concentration of other organic contaminants in biota", "See the referenced specification"],
"identifier" :[""],
"keywords" :["Administration and dimensions", "Water column temperature and salinity", "Dissolved gases", "Carbon", "nitrogen and phosphorus", "Nutrients", "Pigments", "Optical properties", "Rate measurements (including production", "excretion and grazing)", "Suspended particulate material", "Metal and metalloid concentrations", "Pollution", "Carbonate system", "PCBs and organic micropollutants", "Hydrocarbons", "Rock and sediment chemistry", "Other inorganic chemical measurements", "Rock and sediment physical properties", "Biota abundance", "biomass and diversity", "Zooplankton", "Isotopes", "Halocarbons (including freons)", "Biota composition", "Rock and sediment biota", "Currents", "COMMISSION REGULATION (EU) No 1089/2010 of 23 November 2010 implementing Directive 2007/2/EC of the European Parliament and of the Council as regards interoperability of spatial data sets and services"],
"language" :["English"],
"accessibilitySummary" :["web data access with registration"],
"contact" :["EU", "EC", "the European Parliament", "Council"],
"version" :[""],
"temporalCoverage" :[""],
"publisher" :["EU", "EC", "the European Parliament", "Council"],
"spatial" :["Mediterranean Region", "Mediterranean Sea", "Mediterranean Sea", "Eastern Basin", "Aegean Sea", "Ionian Sea", "Adriatic Sea", "Black Sea", "Western Basin", "Balearic Sea", "Tyrrhenian Sea"],
"license" :[""],
"citation" :[""],
"genre" :["Administration and dimensions", "Physical oceanography", "Chemical oceanography", "Biological oceanography", "Cross", "discipline", "Marine geology", "Environment", "Human activities", "Terrestrial", "COMMISSION REGULATION (EU) No 1089/2010 of 23 November 2010 implementing Directive 2007/2/EC of the European Parliament and of the Council as regards interoperability of spatial data sets and services"],
"creator" :["EU", "EC", "the European Parliament", "Council"],
"modificationDate" :["2021", "10"],
"distribution" :[""],
"image" :[""],
"thumbnailUrl" :[""],
"headline" :[""],
"abstract" :["SeaDataNet is the Pan", "European infrastructure for marine and ocean data management and delivery services. It is supported by the EU under its Research Infrastructures programme. It  connects 40 National Oceanographic Data Centres (NODCs) and 50 other data centres from 35 countries", "bordering the European seas and Atlantic Ocean. The centres are mostly part of major marine management and research organisations that are acquiring and managing a large collection of marine and ocean data from various disciplines. This includes major international organisations", "ICES and IOC", "IODE. The overall objective is provide overview and access to marine and oceanographic data and data", "products from government and research institutes in Europe. SeaDataNet contributes to the implementation of the EU INSPIRE and Marine Strategy Framework Directives. It also plays a key role in the development and operation of the EU EMODNet initiative. The SeaDataNet infrastructure is fully operational and INSPIRE compliant. It includes a versatile SeaDataNet portal (https://www.seadatanet.org) that provides users with a range of metadata", "data and data product access services as well as standards", "tools and guides for good marine data management. The Common Data Index (CDI) data discovery and access service provides harmonised access to the large volumes of datasets that are managed by the connected data centres. The CDI service contains already references and gives access to more than 1", "5 milllion marine and oceanographic datasets as managed by 90 data centres. These numbers are increasing regularly because of further data population and more connected data centres as part of SeaDataNet II", "EMODnet and other EU projects. For inclusion in the SeaDataNet INSPIRE compliant CSW service", "the CDI records (at granule level) have been aggregated into CDI collections by a combination of Discipline", "Data Centre", "and geometric type. Each CSW XML record therefore represents a large collection of individual metadata records and associated datasets. By following the specified URL to the SeaDataNet portal users can evaluate these metadata in detail and request access by downloading of interesting datasets via the shopping cart transaction system that is integrated in the SeaDataNet portal."],
"theme" :["marine", "oceanography", "salinity"],
"dateCreated" :[""],
"creditText" :[""],
"datePublished" :[""],
"producer" :[""],
"author" :[""],
"spatialCoverage" :["Mediterranean Region", "Mediterranean Sea", "Mediterranean Sea", "Eastern Basin", "Aegean Sea", "Ionian Sea", "Adriatic Sea", "Black Sea", "Western Basin", "Balearic Sea", "Tyrrhenian Sea"],
"url" :["https://cdi.seadatanet.org/report/aggregation/269/269/269/4/ds07/json"],
"sponsor" :[""],
"size" :[""],
"sameAs" :[""],
"publication" :[""],
"provider" :[""],
"position" :[""],
"name" :["COMMISSION REGULATION (EU) No 1089/2010 of 23 November 2010 implementing Directive 2007/2/EC of the European Parliament and of the Council as regards interoperability of spatial data sets and services"],
"measurementTechnique" :["discrete water samplers", "CTD", "Expendable bathythermographs", "Mechanical bathythermographs", "sediment grabs", "fluorometers", "transmissometers", "plankton nets", "bathythermographs", "manual biota samplers", "current meters", "unconsolidated sediment corers"],
"material" :[""],
"maintainer" :[""],
"locationCreated" :[""],
"issn" :[""],
"isPartOf" :[""],
"isBasedOn" :[""],
"isAccessibleForFree" :[""],
"includedInDataCatalog" :[""],
"editor" :[""],
"editEIDR" :[""],
"copyrightYear" :[""],
"copyrightNotice" :[""],
"copyrightHolder" :[""],
"contributor" :[""],
"contentReferenceTime" :[""],
"contentLocation" :[""],
"character" :[""],
"acquireLicensePage" :[""],
"accessModeSufficient" :[""],
"about" :[""],
"rights" :[""],
"relation" :[""],
"qualifiedRelation" :[""],
"qualifiedAttribution" :[""],
"previousVersion" :[""],
"nextVersion" :[""],
"landingPage" :[""],
"isReferencedBy" :[""],
"hasVersion" :[""],
"hasPolicy" :[""],
"hasCurrentVersion" :[""],
"useConstraints" :["Creative Commons Attribution 4.0 International|by negotiation"],
"status" :[""],
"spatialRepresentationType" :[""],
"spatialRepresentationInfo" :[""],
"scope" :["The data centres apply standard data quality control procedures on all data that the centres manage. Ask the data centre for details."],
"purpose" :[""],
"otherLocale" :[""],
"metadataProfile" :["https://edmo.seadatanet.org/report/"],
"metadataLinkage" :[""],
"metadataIdentifier" :[""],
"environmentDescription" :[""],
"distributionInfo" :["https://edmo.seadatanet.org/report/"],
"dataQualityInfo" :["Name: COMMISSION REGULATION (EC) No 1205/2008 of 3 December 2008 implementing Directive 2007/2/EC of the European Parliament and of the Council as regards metadata", "Date: 2008", "12", "04", "Comment: See the referenced specification", "Name: COMMISSION REGULATION (EU) No 1089/2010 of 23 November 2010 implementing Directive 2007/2/EC of the European Parliament and of the Council as regards interoperability of spatial data sets and services", "Date: 2010", "12", "08", "Comment: See the referenced specification"],
"contentInfo" :["COMMISSION REGULATION (EU) No 1089/2010 of 23 November 2010 implementing Directive 2007/2/EC of the European Parliament and of the Council as regards interoperability of spatial data sets and services"],
"ResearchInfrastructure" :["SeaDataNet"],
"EssentialVariables" :["Subsurface temperature", "Sea surface salinity", "subsurface salinity", "Particulate matter", "Nitrous oxide", "Stable carbon isotopes", "Dissolved organic carbon", "Inorganic Carbon", "Nitrous Oxide", "Marine Habitat Properties"],
"potentialTopics" :["water", "column", "concentration", "organic", "parameter", "dissolved", "total", "metal", "particulate", "biota", "sediment", "hydrocarbon", "rock", "oceanography", "polycyclic", "aromatic", "suspended", "material", "chemical", "data", "dimension", "administration", "oceanographic", "marine", "abundance", "carbon", "biomass", "custodian"]
}