{
"description" :["Vertical spatial coordinates", "Temperature of the water column", "Salinity of the water column", "Dissolved oxygen parameters in the water column", "Concentration of suspended particulate material in the water column", "Raw fluorometer output", "Electrical conductivity of the water column", "Chlorophyll pigment concentrations in water bodies", "Nitrate concentration parameters in the water column", "Nitrite concentration parameters in the water column", "Phosphate concentration parameters in the water column", "Silicate concentration parameters in the water column", "Ammonium and ammonia concentration parameters in water bodies", "Light absorption in the water column", "Particulate metal concentrations in the water column", "Raw suspended particulate material concentration sensor output", "Other physical and chemical properties of suspended particulate material", "Date and time", "Alkalinity", "acidity and pH of the water column", "Sound velocity and travel time in the water column", "Inorganic chemical composition of sediment or rocks", "Pesticide concentrations in sediment", "Concentration of polychlorobiphenyls (PCBs) in sediment samples", "Visible waveband radiance and irradiance measurements in the water column", "Dissolved organic carbon concentration in the water column", "Horizontal velocity of the water column (currents)", "Concentration of polycyclic aromatic hydrocarbons (PAHs) in sediment samples", "See the referenced specification"],
"identifier" :[""],
"keywords" :["Administration and dimensions", "Suspended particulate material", "Pigments", "Water column temperature and salinity", "Dissolved gases", "Optical properties", "Carbon", "nitrogen and phosphorus", "Nutrients", "Metal and metalloid concentrations", "Rock and sediment chemistry", "Pollution", "Carbonate system", "Acoustics", "PCBs and organic micropollutants", "Other inorganic chemical measurements", "Currents", "Hydrocarbons", "COMMISSION REGULATION (EU) No 1089/2010 of 23 November 2010 implementing Directive 2007/2/EC of the European Parliament and of the Council as regards interoperability of spatial data sets and services"],
"language" :["English"],
"accessibilitySummary" :["web data access with registration"],
"contact" :["EU", "EC", "the European Parliament", "Council"],
"version" :[""],
"temporalCoverage" :[""],
"publisher" :["EU", "EC", "the European Parliament", "Council"],
"spatial" :["Atlantic Ocean", "North Atlantic Ocean", "Northeast Atlantic Ocean", "Mediterranean Region", "Mediterranean Sea", "Mediterranean Sea", "Western Basin", "Balearic Sea", "Northwest Atlantic Ocean", "Alboran Sea", "South Atlantic Ocean", "Southwest Atlantic Ocean", "Scotia Sea", "Southern Ocean", "Weddell Sea", "Gibraltar", "Celtic Sea"],
"license" :[""],
"citation" :[""],
"genre" :["Marine geology", "Administration and dimensions", "Biological oceanography", "Physical oceanography", "Chemical oceanography", "Terrestrial", "Environment", "Human activities", "COMMISSION REGULATION (EU) No 1089/2010 of 23 November 2010 implementing Directive 2007/2/EC of the European Parliament and of the Council as regards interoperability of spatial data sets and services"],
"creator" :["EU", "EC", "the European Parliament", "Council"],
"modificationDate" :["2021", "03", "11T14:15:20.520Z"],
"distribution" :[""],
"image" :[""],
"thumbnailUrl" :[""],
"headline" :[""],
"abstract" :["SeaDataNet is the Pan", "European infrastructure for marine and ocean data management and delivery services. It is supported by the EU under its Research Infrastructures programme. It  connects 40 National Oceanographic Data Centres (NODCs) and 50 other data centres from 35 countries", "bordering the European seas and Atlantic Ocean. The centres are mostly part of major marine management and research organisations that are acquiring and managing a large collection of marine and ocean data from various disciplines. This includes major international organisations", "ICES and IOC", "IODE. The overall objective is provide overview and access to marine and oceanographic data and data", "products from government and research institutes in Europe. SeaDataNet contributes to the implementation of the EU INSPIRE and Marine Strategy Framework Directives. It also plays a key role in the development and operation of the EU EMODNet initiative. The SeaDataNet infrastructure is fully operational and INSPIRE compliant. It includes a versatile SeaDataNet portal (https://www.seadatanet.org) that provides users with a range of metadata", "data and data product access services as well as standards", "tools and guides for good marine data management. The Common Data Index (CDI) data discovery and access service provides harmonised access to the large volumes of datasets that are managed by the connected data centres. The CDI service contains already references and gives access to more than 1", "5 milllion marine and oceanographic datasets as managed by 90 data centres. These numbers are increasing regularly because of further data population and more connected data centres as part of SeaDataNet II", "EMODnet and other EU projects. For inclusion in the SeaDataNet INSPIRE compliant CSW service", "the CDI records (at granule level) have been aggregated into CDI collections by a combination of Discipline", "Data Centre", "and geometric type. Each CSW XML record therefore represents a large collection of individual metadata records and associated datasets. By following the specified URL to the SeaDataNet portal users can evaluate these metadata in detail and request access by downloading of interesting datasets via the shopping cart transaction system that is integrated in the SeaDataNet portal."],
"theme" :["oceanography", "salinity"],
"dateCreated" :[""],
"creditText" :[""],
"datePublished" :[""],
"producer" :[""],
"author" :[""],
"spatialCoverage" :["Atlantic Ocean", "North Atlantic Ocean", "Northeast Atlantic Ocean", "Mediterranean Region", "Mediterranean Sea", "Mediterranean Sea", "Western Basin", "Balearic Sea", "Northwest Atlantic Ocean", "Alboran Sea", "South Atlantic Ocean", "Southwest Atlantic Ocean", "Scotia Sea", "Southern Ocean", "Weddell Sea", "Gibraltar", "Celtic Sea"],
"url" :["https://cdi.seadatanet.org/report/aggregation/353/353/353/4/ds04/json"],
"sponsor" :[""],
"size" :[""],
"sameAs" :[""],
"publication" :[""],
"provider" :[""],
"position" :[""],
"name" :["COMMISSION REGULATION (EU) No 1089/2010 of 23 November 2010 implementing Directive 2007/2/EC of the European Parliament and of the Council as regards interoperability of spatial data sets and services"],
"measurementTechnique" :["CTD", "discrete water samplers", "sediment dredges", "current meters"],
"material" :[""],
"maintainer" :[""],
"locationCreated" :[""],
"issn" :[""],
"isPartOf" :[""],
"isBasedOn" :[""],
"isAccessibleForFree" :[""],
"includedInDataCatalog" :[""],
"editor" :[""],
"editEIDR" :[""],
"copyrightYear" :[""],
"copyrightNotice" :[""],
"copyrightHolder" :[""],
"contributor" :[""],
"contentReferenceTime" :[""],
"contentLocation" :[""],
"character" :[""],
"acquireLicensePage" :[""],
"accessModeSufficient" :[""],
"about" :[""],
"rights" :[""],
"relation" :[""],
"qualifiedRelation" :[""],
"qualifiedAttribution" :[""],
"previousVersion" :[""],
"nextVersion" :[""],
"landingPage" :[""],
"isReferencedBy" :[""],
"hasVersion" :[""],
"hasPolicy" :[""],
"hasCurrentVersion" :[""],
"useConstraints" :["by negotiation|Creative Commons Attribution 4.0 International"],
"status" :[""],
"spatialRepresentationType" :[""],
"spatialRepresentationInfo" :[""],
"scope" :["The data centres apply standard data quality control procedures on all data that the centres manage. Ask the data centre for details."],
"purpose" :[""],
"otherLocale" :[""],
"metadataProfile" :["https://edmo.seadatanet.org/report/"],
"metadataLinkage" :[""],
"metadataIdentifier" :[""],
"environmentDescription" :[""],
"distributionInfo" :["https://edmo.seadatanet.org/report/"],
"dataQualityInfo" :["Name: COMMISSION REGULATION (EC) No 1205/2008 of 3 December 2008 implementing Directive 2007/2/EC of the European Parliament and of the Council as regards metadata", "Date: 2008", "12", "04", "Comment: See the referenced specification", "Name: COMMISSION REGULATION (EU) No 1089/2010 of 23 November 2010 implementing Directive 2007/2/EC of the European Parliament and of the Council as regards interoperability of spatial data sets and services", "Date: 2010", "12", "08", "Comment: See the referenced specification"],
"contentInfo" :["COMMISSION REGULATION (EU) No 1089/2010 of 23 November 2010 implementing Directive 2007/2/EC of the European Parliament and of the Council as regards interoperability of spatial data sets and services"],
"ResearchInfrastructure" :["SeaDataNet"],
"EssentialVariables" :["Sea surface temperature", "Subsurface temperature", "Sea surface salinity", "subsurface salinity", "Particulate matter", "Dissolved organic carbon"],
"potentialTopics" :["particulate", "suspended", "material", "chemical", "raw", "output", "physical", "concentration", "property", "measurement", "water", "column", "parameter", "velocity", "body", "temperature", "salinity", "current", "metal", "sediment", "oceanography", "data", "sample", "rock", "dimension", "administration", "hydrocarbon", "geology"]
}