{
"description" :["Concentration of polycyclic aromatic hydrocarbons (PAHs) in sediment samples", "Sediment grain size parameters", "Metal concentrations in sediment pore waters", "Inorganic chemical composition of sediment or rocks", "Concentration of other organic contaminants in sediment samples", "Nitrogen concentrations in sediment", "Pesticide concentrations in sediment", "Concentration of polychlorobiphenyls (PCBs) in sediment samples", "Organometallic and organometalloid species concentration parameters in sediments", "Vertical spatial coordinates", "Concentration of organic matter in sediments", "Other halocarbon concentrations in water bodies", "Dissolved metal concentrations in the water column", "Concentration of other hydrocarbons in the water column", "Concentration of polycyclic aromatic hydrocarbons (PAHs) in the water column", "Pesticide concentrations in water bodies", "Particulate metal concentrations in the water column", "Concentration of other organic contaminants in the water column", "Concentration of carbohydrates", "phenols", "alkanols (alcohols)", "ethers", "aldehydes and ketones in sediment", "Organometallic and organometalloid species concentration parameters in water bodies", "Pesticide concentrations in biota", "Metal concentrations in biota", "Concentration of other organic contaminants in suspended particulate material", "Concentration of polycyclic aromatic hydrocarbons (PAHs) in biota", "Concentration of other organic contaminants in biota", "Total metal concentrations in water bodies", "See the referenced specification"],
"identifier" :[""],
"keywords" :["Metal and metalloid concentrations", "Pollution", "Rock and sediment chemistry", "PCBs and organic micropollutants", "Hydrocarbons", "Sediment pore water chemistry", "Rock and sediment physical properties", "Other inorganic chemical measurements", "Carbon", "nitrogen and phosphorus", "Other organic chemical measurements", "Administration and dimensions", "Halocarbons (including freons)", "Suspended particulate material", "Biota composition", "COMMISSION REGULATION (EU) No 1089/2010 of 23 November 2010 implementing Directive 2007/2/EC of the European Parliament and of the Council as regards interoperability of spatial data sets and services"],
"language" :["English"],
"accessibilitySummary" :["web data access with registration"],
"contact" :["EU", "EC", "the European Parliament", "Council"],
"version" :[""],
"temporalCoverage" :[""],
"publisher" :["EU", "EC", "the European Parliament", "Council"],
"spatial" :["Mediterranean Region", "Mediterranean Sea", "Mediterranean Sea", "Eastern Basin", "Ionian Sea", "Adriatic Sea", "Western Basin", "Ligurian Sea", "Tyrrhenian Sea"],
"license" :[""],
"citation" :[""],
"genre" :["Marine geology", "Chemical oceanography", "Terrestrial", "Environment", "Human activities", "Administration and dimensions", "Biological oceanography", "COMMISSION REGULATION (EU) No 1089/2010 of 23 November 2010 implementing Directive 2007/2/EC of the European Parliament and of the Council as regards interoperability of spatial data sets and services"],
"creator" :["EU", "EC", "the European Parliament", "Council"],
"modificationDate" :["2019", "06"],
"distribution" :[""],
"image" :[""],
"thumbnailUrl" :[""],
"headline" :[""],
"abstract" :["SeaDataNet is the Pan", "European infrastructure for marine and ocean data management and delivery services. It is supported by the EU under its Research Infrastructures programme. It  connects 40 National Oceanographic Data Centres (NODCs) and 50 other data centres from 35 countries", "bordering the European seas and Atlantic Ocean. The centres are mostly part of major marine management and research organisations that are acquiring and managing a large collection of marine and ocean data from various disciplines. This includes major international organisations", "ICES and IOC", "IODE. The overall objective is provide overview and access to marine and oceanographic data and data", "products from government and research institutes in Europe. SeaDataNet contributes to the implementation of the EU INSPIRE and Marine Strategy Framework Directives. It also plays a key role in the development and operation of the EU EMODNet initiative. The SeaDataNet infrastructure is fully operational and INSPIRE compliant. It includes a versatile SeaDataNet portal (https://www.seadatanet.org) that provides users with a range of metadata", "data and data product access services as well as standards", "tools and guides for good marine data management. The Common Data Index (CDI) data discovery and access service provides harmonised access to the large volumes of datasets that are managed by the connected data centres. The CDI service contains already references and gives access to more than 1", "5 milllion marine and oceanographic datasets as managed by 90 data centres. These numbers are increasing regularly because of further data population and more connected data centres as part of SeaDataNet II", "EMODnet and other EU projects. For inclusion in the SeaDataNet INSPIRE compliant CSW service", "the CDI records (at granule level) have been aggregated into CDI collections by a combination of Discipline", "Data Centre", "and geometric type. Each CSW XML record therefore represents a large collection of individual metadata records and associated datasets. By following the specified URL to the SeaDataNet portal users can evaluate these metadata in detail and request access by downloading of interesting datasets via the shopping cart transaction system that is integrated in the SeaDataNet portal."],
"theme" :["sea", "ocean", "oceanography", "salinity", "gyre", "upwelling", "density", "wavelength"],
"dateCreated" :[""],
"creditText" :[""],
"datePublished" :[""],
"producer" :[""],
"author" :[""],
"spatialCoverage" :["Mediterranean Region", "Mediterranean Sea", "Mediterranean Sea", "Eastern Basin", "Ionian Sea", "Adriatic Sea", "Western Basin", "Ligurian Sea", "Tyrrhenian Sea"],
"url" :["https://cdi.seadatanet.org/report/aggregation/3009/3009/3009/4/ds04/json"],
"sponsor" :[""],
"size" :[""],
"sameAs" :[""],
"publication" :[""],
"provider" :[""],
"position" :[""],
"name" :["COMMISSION REGULATION (EU) No 1089/2010 of 23 November 2010 implementing Directive 2007/2/EC of the European Parliament and of the Council as regards interoperability of spatial data sets and services"],
"measurementTechnique" :["unknown"],
"material" :[""],
"maintainer" :[""],
"locationCreated" :[""],
"issn" :[""],
"isPartOf" :[""],
"isBasedOn" :[""],
"isAccessibleForFree" :[""],
"includedInDataCatalog" :[""],
"editor" :[""],
"editEIDR" :[""],
"copyrightYear" :[""],
"copyrightNotice" :[""],
"copyrightHolder" :[""],
"contributor" :[""],
"contentReferenceTime" :[""],
"contentLocation" :[""],
"character" :[""],
"acquireLicensePage" :[""],
"accessModeSufficient" :[""],
"about" :[""],
"rights" :[""],
"relation" :[""],
"qualifiedRelation" :[""],
"qualifiedAttribution" :[""],
"previousVersion" :[""],
"nextVersion" :[""],
"landingPage" :[""],
"isReferencedBy" :[""],
"hasVersion" :[""],
"hasPolicy" :[""],
"hasCurrentVersion" :[""],
"useConstraints" :["Creative Commons Attribution 4.0 International"],
"status" :[""],
"spatialRepresentationType" :[""],
"spatialRepresentationInfo" :[""],
"scope" :["The data centres apply standard data quality control procedures on all data that the centres manage. Ask the data centre for details."],
"purpose" :[""],
"otherLocale" :[""],
"metadataProfile" :["https://edmo.seadatanet.org/report/"],
"metadataLinkage" :[""],
"metadataIdentifier" :[""],
"environmentDescription" :[""],
"distributionInfo" :["https://edmo.seadatanet.org/report/"],
"dataQualityInfo" :["Name: COMMISSION REGULATION (EC) No 1205/2008 of 3 December 2008 implementing Directive 2007/2/EC of the European Parliament and of the Council as regards metadata", "Date: 2008", "12", "04", "Comment: See the referenced specification", "Name: COMMISSION REGULATION (EU) No 1089/2010 of 23 November 2010 implementing Directive 2007/2/EC of the European Parliament and of the Council as regards interoperability of spatial data sets and services", "Date: 2010", "12", "08", "Comment: See the referenced specification"],
"contentInfo" :["COMMISSION REGULATION (EU) No 1089/2010 of 23 November 2010 implementing Directive 2007/2/EC of the European Parliament and of the Council as regards interoperability of spatial data sets and services"],
"ResearchInfrastructure" :["SeaDataNet"],
"EssentialVariables" :["Sea state", "Ocean surface stress", "Sea surface stress", "Sea ice", "Sea level", "Sea surface height", "Sea surface temperature", "Subsurface temperature", "Surface currents", "Sea surface currents", "Sea surface salinity", "subsurface salinity", "Ocean surface heat flux", "Ocean colour", "Ocean Sound", "Phytoplankton biomass and diversity", "Nutrients", "Fish abundace", "Transient traces", "Particulate matter", "Nitrous oxide", "Stable carbon isotopes", "Dissolved organic carbon", "Microbe biomass and diversity", "Invertebrate abundance and distribution", "Marine turtles", "birds", "mammals abundance and distribution", "Hard coral cover and composition", "Seagrass cover and composition", "Macroalgal canopy cover and composition", "Mangrove cover and composition", "Inorganic Carbon", "Nitrous Oxide", "Oxygen", "Transient Tracers", "Marine Habitat Properties", "Plankton"],
"potentialTopics" :["sediment", "concentration", "water", "hydrocarbon", "column", "metal", "aromatic", "polycyclic", "sample", "rock", "organic", "chemical", "contaminant", "particulate", "suspended", "material", "measurement", "inorganic", "oceanography", "biota", "body", "pesticide", "halocarbon", "specie", "organometallic", "parameter"]
}